PROVIDER_ID,PROVIDER_NAME,PROVIDER_IDENTIFIER,PROVIDER_EMAIL,FILE_OUTPUT_TYPE,SCHEMA
005,WIRELESS,GS00Q13NSA3000,david.larrimore@gmail.com,csv,WIRELESS
005,WIRELESS,GS00Q13NSA3001,david.larrimore@gmail.com,csv,WIRELESS
005,WIRELESS,GS00Q13NSA3002,david.larrimore@gmail.com,csv,WIRELESS
005,WIRELESS,GS00Q13NSA3003,david.larrimore@gmail.com,csv,WIRELESS
003,OS3,GS02Q14DCR0001,david.larrimore@gmail.com,csv,OS3
003,OS3,GS02Q14DCR0002,david.larrimore@gmail.com,csv,OS3
003,OS3,GS02Q14DCR0004,david.larrimore@gmail.com,csv,OS3
003,OS3,GS02Q14DCR0006,david.larrimore@gmail.com,csv,OS3
003,OS3,GS02Q14DCR0007,david.larrimore@gmail.com,csv,OS3
003,OS3,GS02Q14DCR0008,david.larrimore@gmail.com,csv,OS3
003,OS3,GS02Q14DCR0009,david.larrimore@gmail.com,csv,OS3
003,OS3,GS02Q14DCR0011,david.larrimore@gmail.com,csv,OS3
003,OS3,GS02Q14DCR0012,david.larrimore@gmail.com,csv,OS3
003,OS3,GS02Q14DCR0015,david.larrimore@gmail.com,csv,OS3
004,PM,GS03FAA004,david.larrimore@gmail.com,csv,PM_FAII
004,PM,GS03FAA005,david.larrimore@gmail.com,csv,PM_FAII
004,PM,GS03FAA006,david.larrimore@gmail.com,csv,PM_FAII
004,PM,GS03FPM001,david.larrimore@gmail.com,csv,PM_FAII
004,PM,GS03FPM003,david.larrimore@gmail.com,csv,PM_FAII
004,PM,GS03FPM004,david.larrimore@gmail.com,csv,PM_FAII
004,PM,GS03FPM005,david.larrimore@gmail.com,csv,PM_FAII
004,PM,GS03FPM006,david.larrimore@gmail.com,csv,PM_FAII
004,PM,GS03FPM007,david.larrimore@gmail.com,csv,PM_FAII
004,PM,GS03FPM008,david.larrimore@gmail.com,csv,PM_FAII
004,PM,GS03FPM009,david.larrimore@gmail.com,csv,PM_FAII
004,PM,GS03FPM010,david.larrimore@gmail.com,csv,PM_FAII
004,PM,GS03FPM011,david.larrimore@gmail.com,csv,PM_FAII
002,JANSAN,GS07FBA385,david.larrimore@gmail.com,csv,JANSAN
002,JANSAN,GS07FBA386,david.larrimore@gmail.com,csv,JANSAN
002,JANSAN,GS07FBA387,david.larrimore@gmail.com,csv,JANSAN
002,JANSAN,GS07FBA388,david.larrimore@gmail.com,csv,JANSAN
002,JANSAN,GS07FBA389,david.larrimore@gmail.com,csv,JANSAN
002,JANSAN,GS07FBA390,david.larrimore@gmail.com,csv,JANSAN
002,JANSAN,GS07FBA391,david.larrimore@gmail.com,csv,JANSAN
002,JANSAN,GS07FBA392,david.larrimore@gmail.com,csv,JANSAN
002,JANSAN,GS07FBA393,david.larrimore@gmail.com,csv,JANSAN
002,JANSAN,GS07FBA394,david.larrimore@gmail.com,csv,JANSAN
002,JANSAN,GS07FBA395,david.larrimore@gmail.com,csv,JANSAN
002,JANSAN,GS07FBA396,david.larrimore@gmail.com,csv,JANSAN
002,JANSAN,GS07FBA397,david.larrimore@gmail.com,csv,JANSAN
002,JANSAN,GS07FBA398,david.larrimore@gmail.com,csv,JANSAN
002,JANSAN,GS07FBA399,david.larrimore@gmail.com,csv,JANSAN
002,JANSAN,GS07FBA400,david.larrimore@gmail.com,csv,JANSAN
002,JANSAN,GS07FBA401,david.larrimore@gmail.com,csv,JANSAN
002,JANSAN,GS07FBA407,david.larrimore@gmail.com,csv,JANSAN
001,MRO,GS23FBA005,david.larrimore@gmail.com,csv,MRO
001,MRO,GS23FBA006,david.larrimore@gmail.com,csv,MRO
001,MRO,GS23FBA007,david.larrimore@gmail.com,csv,MRO
001,MRO,GS23FBA008,david.larrimore@gmail.com,csv,MRO
001,MRO,GS23FBA009,david.larrimore@gmail.com,csv,MRO
001,MRO,GS23FBA012,david.larrimore@gmail.com,csv,MRO
001,MRO,GS23FBA013,david.larrimore@gmail.com,csv,MRO
001,MRO,GS23FBA014,david.larrimore@gmail.com,csv,MRO
001,MRO,GS23FBA015,david.larrimore@gmail.com,csv,MRO
001,MRO,GS23FBA016,david.larrimore@gmail.com,csv,MRO
001,MRO,GS23FBA017,david.larrimore@gmail.com,csv,MRO
006,DDS3,GS33FBA016,david.larrimore@gmail.com,csv,DDS3
006,DDS3,GS33FCA001,david.larrimore@gmail.com,csv,DDS3