ORDER_NUMBER,ORDER_DATE,MANUFACTURER_NAME,MANUFACTURER_PART_NUMBER,SUPPLIER_PART_NUMBER,UPC_A_CODE,PROD_DESCR,PSC_CODE,FSC_CODE,UNSPSC_CODE,SOLUTION_SUBCATEGORY,UOI,QTY,UOI_QTY,BPA_PRICE,BPA_EXTENDED_PRICE,PRICE_PAID,COMM_LIST_PRICE,DEBIT_CREDIT_INDICATOR,PRICE_PAID_EXT,MAS_EXTENDED_PRICE,MAS_PRICE,FMIS_AGENCY_CODE,DISCOUNT_AMOUNT,SUB_AGENCY_NAME_1,AGENCY_NAME,SUB_AGENCY_NAME_3,SUB_AGENCY_NAME_2,ABILITY_ONE_FLAG,MKT_BASKET_IND,BIOPREFERRED_IND,CPG_INDICATOR,WATERSENSE_IND,REMANUFACTURED_IND,BERRY_AMENDMENT_IND,ENERGYSTAR_IND,PAY_DATE,DELIVERY_METHOD,SALES_CH,PAY_METHOD,FROM_ZIP_CODE,FRGT_CHARGE,SHIP_WEIGHT,TO_ZIP_CODE,SUPPLIER_NAME,FSSI_CONTRACT_NO,SUPPL_FEE,FULFILL_DATE,DUNS_NO,DODAAC,MAJCOM,TRANSACTION_NO
M00010381532,09102014,COOPER HAND TOOLS XCELITE,188-99SPC,188-99SPC,037103490940,PERSONAL COMPUTER SERVICE TOOL KIT 49094,,,,Tools and Tool Cabinets,KT,2,1,60.04,120.08,,,,,57.4,114.8,-2.64,,Department of the Army,,,,No,No,No,No,No,No,No,,DoD Emall,Government SmartPay Card,,Standard,,71360,55445,0,0,10012014,WECsys,GS23FBA013,,,,
MGAKL78985M,09182014,MARS AIR DOORS,HV2962UHTS_32V334,32V334,000000000000,"Air Curtain,Multipurpose,96 In",,,,Hardware,EA,1,1,2669.15,2669.15,,,,,2669.15,2669.15,0,,Department of Justice,Bureau of Prisons,,,No,No,No,No,No,No,No,,GSA Advantage,Government SmartPay Card,,Standard,,26501,55445,0,0,10012014,WECsys,GS23FBA013,,,,
MGAKL78985M,09182014,MARS AIR DOORS,HV2481UHTS_32V324,32V324,000000000000,"Air Curtain,Multipurpose,48 In",,,,Hardware,EA,1,1,1348.05,1348.05,,,,,1348.05,1348.05,0,,Department of Justice,Bureau of Prisons,,,No,No,No,No,No,No,No,,GSA Advantage,Government SmartPay Card,,Standard,,26501,55445,0,0,10012014,WECsys,GS23FBA013,,,,
MGAKM17471M,09262014,STARRETT,S898Z1_5UAL8,5UAL8,000000000000,"Indicator Inspection Kit,1 In.",,,,Tools and Tool Cabinets,EA,2,1,339.61,679.22,,,,,339.61,679.22,0,,Department of the Navy,,,,No,No,No,No,No,No,No,,GSA Advantage,Government SmartPay Card,,Standard,,96683,55445,0,0,10012014,WECsys,GS23FBA013,,,,
MGAKM20778M,09272014,WESTWARD,1LCF7_1LCF7,1LCF7,000000000000,"Ratcheting Wrench Set,SAE,9 PC",,,,Tools and Tool Cabinets,EA,4,1,137.69,550.76,,,,,137.69,550.76,0,,Department of the Air Force,,,,No,No,No,No,No,No,No,,GSA Advantage,Government SmartPay Card,,Standard,,96328,55445,0,0,10012014,WECsys,GS23FBA013,,,,
MGAKM15064M,09292014,RUBBERMAID,FG452088BLA_4VZF9,4VZF9,000000000000,"Utility Cart,500 lb. Load Cap.",,,,Hardware,EA,1,1,274.98,274.98,,,,,274.98,274.98,0,,Department of the Air Force,,,,No,No,No,No,No,No,No,,GSA Advantage,Government SmartPay Card,,Standard,,76311,55445,0,0,10012014,WECsys,GS23FBA013,,,,
MGAKM30143M,09302014,KENNEDY,1022B_1RG21,1RG21,000000000000,"Cantilever Tool Box,22-1/8 In. W,Brown",,,,Tools and Tool Cabinets,EA,1,1,205.5,205.5,,,,,205.5,205.5,0,,Department of the Navy,,,,No,No,No,No,No,No,No,,GSA Advantage,Government SmartPay Card,,Standard,,23511,55445,0,0,10012014,WECsys,GS23FBA013,,,,
MGAKM32107M,09302014,VALVOLINE,601458_2WCF7,2WCF7,000000000000,"Brake Fluid,32 Oz",,,,Hardware,EA,10,1,11.5,115,,,,,11.5,115,0,,Social Security Administration,,,,No,No,No,No,No,No,No,,GSA Advantage,Government SmartPay Card,,Standard,,19123,55445,0,0,10012014,WECsys,GS23FBA013,,,,
SRS50014V1137,09302014,PARKER,62C8_2P220,2P220,000000000000,"Union,Brass,Comp,1/2In,PK10",,,,Hardware,PK,4,10,56.57,226.28,,,,,56.57,226.28,0,,Department of State,,,,No,No,No,No,No,No,No,,GSA Advantage,Government SmartPay Card,,Standard,,20521,55445,0,0,10012014,WECsys,GS23FBA013,,,,
SRS50014V1137,09302014,PARKER,62C4_2P218,2P218,000000000000,"Union,Brass,Comp,1/4In,PK10",,,,Hardware,PK,10,10,23.76,237.6,,,,,23.76,237.6,0,,Department of State,,,,No,No,No,No,No,No,No,,GSA Advantage,Government SmartPay Card,,Standard,,20521,55445,0,0,10012014,WECsys,GS23FBA013,,,,
MGAKM26026M,09292014,WESTWARD,1LCC7_1LCC7,1LCC7,000000000000,"Ratcheting Wrench Set,SAE,12 pt.,8 PC",,,,Tools and Tool Cabinets,EA,4,1,94.42,377.68,,,,,94.42,377.68,0,,Department of the Air Force,,,,No,No,No,No,No,No,No,,GSA Advantage,Government SmartPay Card,,Standard,,78243,55445,0,0,10012014,WECsys,GS23FBA013,,,,
MGAKM26026M,09292014,WESTWARD,1LCE7_1LCE7,1LCE7,000000000000,"Ratcheting Wrench Set,Metric,12 pt.,8 PC",,,,Tools and Tool Cabinets,EA,4,1,98.76,395.04,,,,,98.76,395.04,0,,Department of the Air Force,,,,No,No,No,No,No,No,No,,GSA Advantage,Government SmartPay Card,,Standard,,78243,55445,0,0,10012014,WECsys,GS23FBA013,,,,
MGAKM33579M,09302014,DURACELL,MN1300_21EK77,21EK77,000000000000,"Alkaline Battery,D,PK 12",,,,Hardware,PK,3,12,35.69,107.07,,,,,35.69,107.07,0,,Department of Homeland Security,Bureau of Citizenship and Immigration Services,,,No,No,No,No,No,No,No,,GSA Advantage,Government SmartPay Card,,Standard,,19104,55445,0,0,10012014,WECsys,GS23FBA013,,,,
MGAKM33674M,09302014,LYLE,T11040HI12x18_36A825,36A825,000000000000,"Sign,Visitor Parking,18 x12 In",,,,Hardware,EA,4,1,32.16,128.64,,,,,32.16,128.64,0,,Department of the Army,,,,No,No,No,No,No,No,No,,GSA Advantage,Government SmartPay Card,,Standard,,26537,55445,0,0,10012014,WECsys,GS23FBA013,,,,
MGAKI48557M,09262014,LAMP,HP40_3TJL8,3TJL8,000000000000,Hasp Rotating Eye 304 Stainless Steel,,,,Hardware,EA,-10,1,16.62,-166.2,,,,,16.62,-166.2,0,,Department of the Navy,,,,No,No,No,No,No,No,No,,GSA Advantage,Government SmartPay Card,,Standard,,93043,55445,16.62,0,09262014,WECsys,GS23FBA013,,,,
MGAKI75655M,09222014,GARMIN,GPSMAP62SC_14R857,14R857,000000000000,Waterproof Handheld GPS w/Camera 2.6 In,,,,Hardware,EA,-2,1,752.51,-1505.02,,,,,752.51,-1505.02,0,,Department of the Air Force,,,,No,No,No,No,No,No,No,,GSA Advantage,Government SmartPay Card,,Standard,,89191,55445,150.5,0,09222014,WECsys,GS23FBA013,,,,
3214334SYZ714,09292014,EAGLE,1656M_21RY22,21RY22,000000000000,"Drum, 55 gal., HDPE, Yellow, Metal Ring",,,,Hardware,EA,-11,1,123.85,-1362.35,,,,,123.85,-1362.35,0,,Department of Homeland Security,United States Coast Guard,,,No,No,No,No,No,No,No,,GSA Advantage,Government SmartPay Card,,Standard,,98315,55445,0,0,09292014,WECsys,GS23FBA013,,,,
MGAKM28779M,09302014,TASCO,2953_3NLD4,3NLD4,000000000000,"Ear Muff,27dB,Folding,Black",,,,Hardware,EA,1,1,29.92,29.92,,,,,29.92,29.92,0,,Department of Justice,,,,No,No,No,No,No,No,No,,GSA Advantage,Government SmartPay Card,,Standard,,85365,55445,0,0,10012014,WECsys,GS23FBA013,,,,
MGAKM35774M,09302014,FULTON,902N_8DLP4,8DLP4,000000000000,"General Purpose Flashlight,Black,D",,,,Hardware,EA,10,1,10.15,101.5,,,,,10.15,101.5,0,,Department of the Navy,,,,No,No,No,No,No,No,No,,GSA Advantage,Government SmartPay Card,,Standard,,20762,55445,0,0,10012014,WECsys,GS23FBA013,,,,
P6060-16831,08022014,IDEAL,31544_6ECR4,6ECR4,000000000000,"Non-Conductive Fish Tape,3/16 In x 120Ft",,,,Tools and Tool Cabinets,EA,1,1,136.75,136.75,,,,,136.75,136.75,0,,Department of the Air Force,,,,No,No,No,No,No,No,No,,GSA Advantage,Government SmartPay Card,,Standard,,13441,55445,0,0,10022014,WECsys,GS23FBA013,,,,
P6060-16831,08022014,IDEAL INDUSTRIES,131-31-067,G5834814,000000000000,"1/8""X . 060"" X 240' STAINLESS STEEL FISH TAPE",,,,Tools and Tool Cabinets,EA,1,1,102.21,102.21,,,,,102.21,102.21,0,,Department of the Air Force,,,,No,No,No,No,No,No,No,,GSA Advantage,Government SmartPay Card,,Standard,,13441,55445,0,0,10022014,WECsys,GS23FBA013,,,,
MGAKM00818M,09242014,MAYHEW,66000_5MM17,5MM17,000000000000,"Punch Set,Inch,16 PC",,,,Tools and Tool Cabinets,EA,2,1,250.84,501.68,,,,,250.84,501.68,0,,Department of the Air Force,,,,No,No,No,No,No,No,No,,GSA Advantage,Government SmartPay Card,,Standard,,09094,55445,0,0,10022014,WECsys,GS23FBA013,,,,
MGAKM00818M,09242014,DEWALT,DCD980M2_11A177,11A177,000000000000,"Cordless Drill/Driver Kit,20.0V,1/2 In.",,,,Tools and Tool Cabinets,EA,4,1,344.96,1379.84,,,,,344.96,1379.84,0,,Department of the Air Force,,,,No,No,No,No,No,Yes,No,,GSA Advantage,Government SmartPay Card,,Standard,,09094,55445,0,0,10022014,WECsys,GS23FBA013,,,,
MGAKM00818M,09242014,LINZER,449-RC100-4,449-RC100-4,077089100075,"WHT WOVEN LINT FREE CVR1/4 NAP; 4""",,,,Hardware,EA,10,1,1.24,12.4,,,,,1.24,12.4,0,,Department of the Air Force,,,,No,No,No,No,No,No,No,,GSA Advantage,Government SmartPay Card,,Standard,,09094,55445,0,0,10022014,WECsys,GS23FBA013,,,,
MGAKM00818M,09242014,WESTWARD,1LCF7_1LCF7,1LCF7,000000000000,"Ratcheting Wrench Set,SAE,9 PC",,,,Tools and Tool Cabinets,EA,3,1,137.69,413.07,,,,,137.69,413.07,0,,Department of the Air Force,,,,No,No,No,No,No,No,No,,GSA Advantage,Government SmartPay Card,,Standard,,09094,55445,0,0,10022014,WECsys,GS23FBA013,,,,
MGAKM00818M,09242014,WESTWARD,5PV89_5PV89,5PV89,000000000000,"Strap Wrench Set,2 Pc,4and 12 In Dia Cap",,,,Tools and Tool Cabinets,EA,4,1,32.38,129.52,,,,,32.38,129.52,0,,Department of the Air Force,,,,No,No,No,No,No,No,No,,GSA Advantage,Government SmartPay Card,,Standard,,09094,55445,0,0,10022014,WECsys,GS23FBA013,,,,
M00010407890,09292014,ACCUFORM SIGNS,MHSK801VP_9K827,9K827,000000000000,"Notice Sign,7 x 10In,BL and BK/WHT,PLSTC",,,,Hardware,EA,3,1,17.34,52.02,,,,,15.36,46.08,-1.98,,Department of the Navy,,,,No,No,No,No,No,No,No,,DoD Emall,Government SmartPay Card,,Standard,,25168,55445,0,0,10022014,WECsys,GS23FBA013,,,,
MGAKM26529M,09292014,SCOTCH,2A225,2A225,000000000000,"Electrical Tape,3/4 x 66 ft,7 mil,Black",,,,Hardware,EA,20,1,5.19,103.8,,,,,5.19,103.8,0,,Department of the Air Force,,,,Yes,No,No,No,No,No,No,,GSA Advantage,Government SmartPay Card,,Standard,,32403,55445,0,0,10022014,WECsys,GS23FBA013,,,,
MGAKM29242M,09292014,PLASTICADE,500OP46_3LVG3,3LVG3,000000000000,"Traffic Cone,42 In. H,Orange",,,,Hardware,EA,40,1,74.54,2981.6,,,,,78.46,3138.4,3.92,,Department of the Air Force,,,,No,No,No,No,No,No,No,,GSA Advantage,Government SmartPay Card,,Standard,,82005,55445,0,0,10022014,WECsys,GS23FBA013,,,,
14BLLD100-1,09302014,ACCUFORM SIGNS,PSP768_38W971,38W971,000000000000,"SDS 3D Projection Sign,8x18 In",,,,Hardware,EA,4,1,25.06,100.24,,,,,25.06,100.24,0,,Department of the Air Force,,,,No,No,No,No,No,No,No,,GSA Advantage,Government SmartPay Card,,Standard,,73145,55445,0,0,10022014,WECsys,GS23FBA013,,,,
14BLLD103-3,09302014,3M,6885_4JG07,4JG07,000000000000,"Lens Covers,PK 100",,,,Hardware,PK,1,100,221.51,221.51,,,,,221.51,221.51,0,,Department of the Air Force,,,,No,No,No,No,No,No,No,,GSA Advantage,Government SmartPay Card,,Standard,,73145,55445,0,0,10022014,WECsys,GS23FBA013,,,,
MGAKM40170M,09302014,SALISBURY,E011B9_4T488,4T488,000000000000,"Electrical Gloves,Size 9,Black,PR",,,,Hardware,PR,3,1,91.62,274.86,,,,,91.62,274.86,0,,Department of the Air Force,,,,No,No,No,No,No,No,No,,GSA Advantage,Government SmartPay Card,,Standard,,73145,55445,0,0,10022014,WECsys,GS23FBA013,,,,
MGAKM40276M,09302014,MARSHALLTOWN,CTK2_4JB19,4JB19,000000000000,"Concrete Tool Kit,7 PC",,,,Tools and Tool Cabinets,EA,2,1,191.7,383.4,,,,,191.7,383.4,0,,Department of the Air Force,,,,No,No,No,No,No,No,No,,GSA Advantage,Government SmartPay Card,,Standard,,68113,55445,0,0,10022014,WECsys,GS23FBA013,,,,
L430100,09302014,LEATHERMAN,68010201K_8CDX3,8CDX3,000000000000,"Crunch Multi-Tool,13 Tools, Nylon",,,,Tools and Tool Cabinets,EA,8,1,122.42,979.36,,,,,122.42,979.36,0,,Department of the Air Force,,,,No,No,No,No,No,No,No,,GSA Advantage,Government SmartPay Card,,Standard,,87108,55445,0,0,10022014,WECsys,GS23FBA013,,,,
MGAKM37159M,09302014,SIGNODE,426483_6BY63,6BY63,000000000000,"Strapping Kit,Steel",,,,Hardware,EA,1,1,1095.99,1095.99,,,,,1095.99,1095.99,0,,Department of the Air Force,,,,No,No,No,No,No,No,No,,GSA Advantage,Government SmartPay Card,,Standard,,96853,55445,0,0,10022014,WECsys,GS23FBA013,,,,
MGAKM37814M,09302014,DEWALT,DW735_1EZ32,1EZ32,000000000000,"Portable Planer,2 HP,13 In W,6 In T,15A",,,,Tools and Tool Cabinets,EA,1,1,739.2,739.2,,,,,739.2,739.2,0,,Department of the Navy,,,,No,No,No,No,No,No,No,,GSA Advantage,Government SmartPay Card,,Standard,,32228,55445,0,0,10022014,WECsys,GS23FBA013,,,,
MGAKM39126M,09302014,THOROGOOD SHOES,804637195W_8AV34,8AV34,000000000000,"Structural Fire Boots,Mens,9-1/2W,1PR",,,,Hardware,PR,1,1,438.35,438.35,,,,,438.35,438.35,0,,Department of the Air Force,,,,No,No,No,No,No,No,No,,GSA Advantage,Government SmartPay Card,,Standard,,58705,55445,0,0,10022014,WECsys,GS23FBA013,,,,
MGAKM39126M,09302014,THOROGOOD SHOES,8046371105W_9DLM0,9DLM0,000000000000,"Structural Fire Boots,Mens,10-1/2W,1PR",,,,Hardware,PR,1,1,432.47,432.47,,,,,432.47,432.47,0,,Department of the Air Force,,,,No,No,No,No,No,No,No,,GSA Advantage,Government SmartPay Card,,Standard,,58705,55445,0,0,10022014,WECsys,GS23FBA013,,,,
MGAKM39344M,09302014,NATIONAL SAFETY APPAREL,KIT4SCPR40LGNG_2NNL2,2NNL2,000000000000,"Flame-Resist Coat/Overall Kit,Kha,L,HRC4",,,,Hardware,EA,1,1,1516.84,1516.84,,,,,1516.84,1516.84,0,,Department of the Air Force,,,,No,No,No,No,No,No,No,,GSA Advantage,Government SmartPay Card,,Standard,,58705,55445,0,0,10022014,WECsys,GS23FBA013,,,,
MGAKM41975M,10012014,AIR SHIELD,749714_6MGJ9,6MGJ9,000000000000,"Valvoline Premium Blue DEF,55 Gal.",,,,Hardware,EA,1,1,354.32,354.32,,,,,354.32,354.32,0,,Department of the Interior,National Park Service,,,No,No,No,No,No,No,No,,GSA Advantage,Government SmartPay Card,,Standard,,95531,55445,0,0,10022014,WECsys,GS23FBA013,,,,
MGAKJ69118M,10012014,LEATHERMAN,831713_41U105,41U105,000000000000,"Medical Shears Multi-Tool,6 Functions",,,,Tools and Tool Cabinets,EA,10,1,77.03,770.3,,,,,77.03,770.3,0,,Department of the Air Force,,,,No,No,No,No,No,No,No,,GSA Advantage,Government SmartPay Card,,Standard,,95304,55445,0,0,10022014,WECsys,GS23FBA013,,,,
MGAKJ71263M,10082014,CADDY,TEB23_6PFP8,6PFP8,000000000000,"Electrical Box Bracket, 2-1/2 or 3-5/8In",,,,Hardware,EA,-31,1,3.25,-100.75,,,,,3.25,-100.75,0,,Department of the Navy,,,,No,No,No,No,No,No,No,,GSA Advantage,Government SmartPay Card,,Standard,,23337,55445,10.07,0,10082014,WECsys,GS23FBA013,,,,
M00010335967,08132014,APPROVED VENDOR,DHL075N0000ZPK25_1EAG3,G3124064,000000000000,Split Lock Washer 3/4 In PK 25,,,,Hardware,PK,1,25,49.02,49.02,,,,,59.04,59.04,10.02,,Department of the Navy,,,,No,No,No,No,No,No,No,,DoD Emall,Government SmartPay Card,,Standard,,07806,55445,0,0,10032014,WECsys,GS23FBA013,,,,
MGAKM14277M,09252014,OTC,3168HD_1EAP7,G0859424,000000000000,"Battery Tester,Deluxe Kit,24 Volt",,,,Hardware,EA,1,1,1121.71,1121.71,,,,,1180.75,1180.75,59.04,,Department of the Air Force,,,,No,No,No,No,No,No,No,,GSA Advantage,Government SmartPay Card,,Standard,,96328,55445,0,0,10032014,WECsys,GS23FBA013,,,,
MGAKM14277M,09252014,OTC,3168HD_1EAP7,G0859424,000000000000,"Battery Tester,Deluxe Kit,24 Volt",,,,Hardware,EA,1,1,1121.71,1121.71,,,,,1180.75,1180.75,59.04,,Department of the Air Force,,,,No,No,No,No,No,No,No,,GSA Advantage,Government SmartPay Card,,Standard,,96328,55445,0,0,10032014,WECsys,GS23FBA013,,,,
MGAKM29936M,09302014,FULTON,302IB_8DMW6,8DMW6,000000000000,"General Purpose Flashlight,Black",,,,Hardware,EA,10,1,10.64,106.4,,,,,10.64,106.4,0,,Department of the Air Force,,,,No,No,No,No,No,No,No,,GSA Advantage,Government SmartPay Card,,Standard,,09126,55445,0,0,10032014,WECsys,GS23FBA013,,,,
MGAKM29943M,09302014,CHECKERS INDUSTRIAL PROD INC,FL1X15B_22F232,22F232,000000000000,"Cable Protector,5.25 In W",,,,Hardware,EA,6,1,44.89,269.34,,,,,44.89,269.34,0,,Department of the Air Force,,,,No,No,No,No,No,No,No,,GSA Advantage,Government SmartPay Card,,Standard,,96368,55445,0,0,10032014,WECsys,GS23FBA013,,,,
MGAKM30443M,09302014,ALL GEAR,AGBR78150_3VAK2,3VAK2,000000000000,"Bull Rope,PES/Nylon,7/8 In. dia.,150ft L",,,,Hardware,EA,2,1,447.71,895.42,,,,,447.71,895.42,0,,Department of the Air Force,,,,No,No,No,No,No,No,No,,GSA Advantage,Government SmartPay Card,,Standard,,09610,55445,0,0,10032014,WECsys,GS23FBA013,,,,
N00406-14-F-0757,10012014,MAKITA,LS1216L_4AYY2,4AYY2,000000000000,"Dual-Slide Compound Miter Saw,12A,58 lb.",,,,Tools and Tool Cabinets,EA,3,1,678.38,2035.14,,,,,742.65,2227.95,64.27,,Department of the Navy,,,,No,No,No,No,No,No,No,,E-mail,Check,,Standard,,94535,55445,0,0,10032014,WECsys,GS23FBA013,,,,
N00406-14-F-0757,10012014,BOSTITCH,N80CB1_4Z931,4Z931,000000000000,"Air Framing Nailer,Full Rnd,15 Deg,Wire",,,,Tools and Tool Cabinets,EA,3,1,421.65,1264.95,,,,,452.64,1357.92,30.99,,Department of the Navy,,,,No,No,No,No,No,No,No,,E-mail,Check,,Standard,,94535,55445,0,0,10032014,WECsys,GS23FBA013,,,,
N00406-14-F-0757,10012014,GOODYEAR ENGINEERED PRODUCTS,53940011210098_1ZLT9,1ZLT9,000000000000,"Washdown Hose,3/8 In IDx100 Ft,3000 PSI",,,,Hardware,EA,4,1,541.11,2164.44,,,,,559.82,2239.28,18.71,,Department of the Navy,,,,No,No,No,No,No,No,No,,E-mail,Check,,Standard,,94535,55445,0,0,10032014,WECsys,GS23FBA013,,,,
N00406-14-F-0757,10012014,GOODYEAR ENGINEERED PRODUCTS,53940011210098_1ZLT9,1ZLT9,000000000000,"Washdown Hose,3/8 In IDx100 Ft,3000 PSI",,,,Hardware,EA,1,1,541.11,541.11,,,,,559.82,559.82,18.71,,Department of the Navy,,,,No,No,No,No,No,No,No,,E-mail,Check,,Standard,,94535,55445,0,0,10032014,WECsys,GS23FBA013,,,,
MGAKM41494M,10012014,COTTERMAN,1210R2632A6E12B4C1P6_3UY28,3UY28,000000000000,"Rollng Ldr,Assmbld,Hndrl,Platfm 100 In H",,,,Hardware,EA,1,1,1015.17,1015.17,,,,,1015.17,1015.17,0,,Department of the Air Force,,,,No,No,No,No,No,No,No,,GSA Advantage,Government SmartPay Card,,Standard,,93524,55445,0,0,10032014,WECsys,GS23FBA013,,,,
MGAKM41637M,10012014,PAC STRAPPING PRODUCTS,3CTX1_3CTX1,3CTX1,000000000000,"Steel Strapping,20 mil,Steel",,,,Hardware,EA,2,1,1284.63,2569.26,,,,,1352.24,2704.48,67.61,,Department of the Air Force,,,,No,No,No,No,No,No,No,,GSA Advantage,Government SmartPay Card,,Standard,,85707,55445,0,0,10032014,WECsys,GS23FBA013,,,,
MGAKM41833M,10012014,3M,4530302R06_4DA69,4DA69,000000000000,"PAPR Cartridge,Olive/Magenta,PK 6",,,,Hardware,PK,2,6,521.88,1043.76,,,,,521.88,1043.76,0,,Department of the Air Force,,,,No,No,No,No,No,No,No,,GSA Advantage,Government SmartPay Card,,Standard,,32925,55445,0,0,10032014,WECsys,GS23FBA013,,,,
MGAKM43324M,10022014,TAPCO,53500010_3UTZ9,3UTZ9,000000000000,"Traffic Cone Sign,Orange w/Black,Arrow",,,,Hardware,EA,6,1,26.16,156.96,,,,,26.16,156.96,0,,Department of the Interior,National Park Service,,,No,No,No,No,No,No,No,,GSA Advantage,Government SmartPay Card,,Standard,,21230,55445,0,0,10032014,WECsys,GS23FBA013,,,,
MGAKM43324M,10022014,TAPCO,53500002_3UTZ8,3UTZ8,000000000000,"Traffic Cone Sign,Orng w/Blk,No Parking",,,,Hardware,EA,6,1,26.41,158.46,,,,,26.41,158.46,0,,Department of the Interior,National Park Service,,,No,No,No,No,No,No,No,,GSA Advantage,Government SmartPay Card,,Standard,,21230,55445,0,0,10032014,WECsys,GS23FBA013,,,,
MGAKM43324M,10022014,TAPCO,53500003_3UTK3,3UTK3,000000000000,"Traffic Cone Sign,Orange w/Blk,Reserved",,,,Hardware,EA,4,1,26.41,105.64,,,,,26.41,105.64,0,,Department of the Interior,National Park Service,,,No,No,No,No,No,No,No,,GSA Advantage,Government SmartPay Card,,Standard,,21230,55445,0,0,10032014,WECsys,GS23FBA013,,,,
N246-15-X-1004,10022014,CREWS,181640A_2ELR3,2ELR3,000000000000,"Faceshield Visor,PETG,AlmBd,Clr,8x15-1/2",,,,Hardware,EA,20,1,7.75,155,,,,,7.75,155,0,,Department of the Navy,,,,No,No,No,No,No,No,No,,GSA Advantage,Government SmartPay Card,,Standard,,92135,55445,0,0,10032014,WECsys,GS23FBA013,,,,
N4995742548020,09112014,ROYAL BASKET TRUCK,G16RRXKDA3UNN_9JEP6,9JEP6,000000000000,"Knock Down Truck, 16 bu, red vinyl",,,,Hardware,EA,2,1,371.32,742.64,,,,,371.32,742.64,0,,Department of the Navy,,,,No,No,No,No,No,No,No,,GSA Advantage,Government SmartPay Card,,Standard,,23511,55445,0,0,10062014,WECsys,GS23FBA013,,,,
MGAKM39685M,09302014,SKILCRAFT,29JL73,29JL73,000000000000,"Scissors,SS,Straight,9 in.",,,,Tools and Tool Cabinets,EA,12,1,11.34,136.08,,,,,11.34,136.08,0,,Department of Justice,Federal Bureau of Investigation,,,Yes,Yes,No,No,No,No,No,,GSA Advantage,Government SmartPay Card,,Standard,,89106,55445,0,0,10062014,WECsys,GS23FBA013,,,,
MGAKM39028M,09302014,ESS,7400529_38H452,38H452,000000000000,CDI Polarized Sunglasses,,,,Hardware,EA,13,1,161.07,2093.91,,,,,169.55,2204.15,8.48,,Department of the Air Force,,,,No,No,No,No,No,No,No,,GSA Advantage,Government SmartPay Card,,Standard,,32403,55445,0,0,10062014,WECsys,GS23FBA013,,,,
MGAKL81673M,10012014,DAYTON,3VE52,3VE52,000000000000,Torpedo Heater 210 000 BtuH,,,,Hardware,EA,1,1,499.69,499.69,,,,,499.69,499.69,0,,Department of Health and Human Services,National Institute of Health,,,Yes,No,No,No,No,No,No,,GSA Advantage,Government SmartPay Card,,Standard,,59840,55445,0,0,10062014,WECsys,GS23FBA013,,,,
LP-0297,10032014,DAYTON,2LKT2_2LKT2,2LKT2,000000000000,"Bench Grinder,10 In,1 HP,115 V,10 A",,,,Tools and Tool Cabinets,EA,1,1,462,462,,,,,462,462,0,,"Other, not listed",,,,No,No,No,No,No,No,No,,Phone,Government SmartPay Card,,Standard,,88342,55445,0,0,10062014,WECsys,GS23FBA013,,,,
M00010413162,10042014,ZING,7117_12E753,12E753,000000000000,"Lockout Station,Filled,Elctrical,10 In H",,,,Hardware,EA,5,1,99.41,497.05,,,,,99.15,495.75,-0.26,,Office of the Secretary of Defense,Defense Commissary Agency - Information Technology Communications,,,No,No,No,No,No,No,No,,DoD Emall,Government SmartPay Card,,Standard,,15071,55445,0,0,10072014,WECsys,GS23FBA013,,,,
MGAKM46629M,10062014,OIL SAFE,100501_3REK1,3REK1,000000000000,"Stumpy Spout Lid,w/1 In Outlet,Black",,,,Hardware,EA,5,1,67.96,339.8,,,,,67.96,339.8,0,,Department of the Navy,,,,No,No,No,No,No,No,No,,GSA Advantage,Government SmartPay Card,,Standard,,92123,55445,0,0,10072014,WECsys,GS23FBA013,,,,
MGAKM46629M,10062014,OIL SAFE,100500_3REJ9,3REJ9,000000000000,"Stumpy Spout Lid,w/1 In Outlet,Beige",,,,Hardware,EA,5,1,67.96,339.8,,,,,67.96,339.8,0,,Department of the Navy,,,,No,No,No,No,No,No,No,,GSA Advantage,Government SmartPay Card,,Standard,,92123,55445,0,0,10072014,WECsys,GS23FBA013,,,,
MGAKM46629M,10062014,OIL SAFE,100507_3REK7,3REK7,000000000000,"Stumpy Spout Lid,w/1 In Outlet,Purple",,,,Hardware,EA,5,1,67.96,339.8,,,,,67.96,339.8,0,,Department of the Navy,,,,No,No,No,No,No,No,No,,GSA Advantage,Government SmartPay Card,,Standard,,92123,55445,0,0,10072014,WECsys,GS23FBA013,,,,
MGAKM46629M,10062014,OIL SAFE,100108_3REF4,3REF4,000000000000,"Storage Lid,HDPE,Red",,,,Hardware,EA,2,1,25.92,51.84,,,,,25.92,51.84,0,,Department of the Navy,,,,No,No,No,No,No,No,No,,GSA Advantage,Government SmartPay Card,,Standard,,92123,55445,0,0,10072014,WECsys,GS23FBA013,,,,
10-6-14,10062014,T & S,B0950_5WMY0,5WMY0,000000000000,"Pre-Rinse Spray Unit,SS,1/2 NPT",,,,Hardware,EA,4,1,153.75,615,,,,,153.75,615,0,,Department of the Navy,,,,No,No,No,No,No,No,No,,E-mail,Government SmartPay Card,,Standard,,96860,55445,0,0,10072014,WECsys,GS23FBA013,,,,
603-P50201,10062014,HUBBELL WIRING DEVICE-KELLEMS,HBL5362I_6A669,6A669,000000000000,"Receptacle,20A,125V,5-20R,2P,3W,1PH",,,,Hardware,EA,6,1,30.31,181.86,,,,,30.31,181.86,0,,Department of Veterans Affairs,,,,No,No,No,No,No,No,No,,GSA Advantage,Government SmartPay Card,,Standard,,40206,55445,0,0,10072014,WECsys,GS23FBA013,,,,
MGAKM47878M,10062014,POWER FIRST,5UGV0_5UGV0,5UGV0,000000000000,"Step Down Butt Connector,Pk50",,,,Hardware,PK,1,50,54.11,54.11,,,,,54.11,54.11,0,,Department of Agriculture,Forest Service,,,No,No,No,No,No,No,No,,GSA Advantage,Government SmartPay Card,,Standard,,29212,55445,0,0,10072014,WECsys,GS23FBA013,,,,
MGAKM47878M,10062014,POWER FIRST,5UGU8_5UGU8,5UGU8,000000000000,"Step Down Butt Connector,PK100",,,,Hardware,PK,1,100,57.51,57.51,,,,,57.51,57.51,0,,Department of Agriculture,Forest Service,,,No,No,No,No,No,No,No,,GSA Advantage,Government SmartPay Card,,Standard,,29212,55445,0,0,10072014,WECsys,GS23FBA013,,,,
F35HARDHATPURCHASE,09252014,ERB SAFETY,19954_41N880,41N880,000000000000,"Hard Hat, Front Brim, Red, 6-pt.Ratchet",,,,Hardware,EA,5,1,15.74,78.7,,,,,15.74,78.7,0,,Department of the Air Force,,,,No,No,No,No,No,No,No,,Phone,Government SmartPay Card,,Standard,,84056,55445,0,0,10082014,WECsys,GS23FBA013,,,,
F35HARDHATPURCHASE,09252014,ERB SAFETY,19952_41N877,41N877,000000000000,"Hard Hat, Front Brim, Ylw, 6-pt.Ratchet",,,,Hardware,EA,1,1,15.74,15.74,,,,,15.74,15.74,0,,Department of the Air Force,,,,No,No,No,No,No,No,No,,Phone,Government SmartPay Card,,Standard,,84056,55445,0,0,10082014,WECsys,GS23FBA013,,,,
F35HARDHATPURCHASE,09252014,ERB SAFETY,19952_41N877,41N877,000000000000,"Hard Hat, Front Brim, Ylw, 6-pt.Ratchet",,,,Hardware,EA,144,1,15.74,2266.56,,,,,15.74,2266.56,0,,Department of the Air Force,,,,No,No,No,No,No,No,No,,Phone,Government SmartPay Card,,Standard,,84056,55445,0,0,10082014,WECsys,GS23FBA013,,,,
MGAKM10755M,09252014,DURHAM,EGCC1650_4HY10,4HY10,000000000000,"Gas Cylinder Cabinet,60x30,Capacity 16",,,,Hardware,EA,2,1,1169.46,2338.92,,,,,1231.01,2462.02,61.55,,Department of the Navy,,,,No,No,No,No,No,No,No,,GSA Advantage,Government SmartPay Card,,Standard,,93246,55445,0,0,10082014,WECsys,GS23FBA013,,,,
CCKM0742,09262014,A&D WEIGHING,GF800_9PXJ9,9PXJ9,000000000000,"Precision Top Loading Balance, 810g Cap.",,,,Hardware,EA,1,1,2792.2,2792.2,,,,,2792.2,2792.2,0,,Department of Agriculture,Agricultural Research Service,,,No,No,No,No,No,No,No,,Phone,Government SmartPay Card,,Standard,,19038,55445,0,0,10082014,WECsys,GS23FBA013,,,,
REQ10818,10072014,GF PIPING SYSTEMS,9806015_6ND67,6ND67,000000000000,"Elbow, 90,CPVC,80,1-1/2 In.,Slip Socket",,,,Hardware,EA,20,1,11.84,236.8,,,,,11.84,236.8,0,,Department of Agriculture,Animal and Plant Health Inspection Service (DHS Code 7053),,,No,No,No,No,No,No,No,,GSA Advantage,Government SmartPay Card,,Standard,,50010,55445,0,0,10082014,WECsys,GS23FBA013,,,,
MGAKM47873M,10062014,WESTWARD,1YMN2_1YMN2,1YMN2,000000000000,"Portable Power Source, Crank 250A,12V",,,,Hardware,EA,4,1,165.58,662.32,,,,,165.58,662.32,0,,Department of Agriculture,,,,No,No,No,No,No,No,No,,GSA Advantage,Government SmartPay Card,,Standard,,71302,55445,0,0,10082014,WECsys,GS23FBA013,,,,
MGAKM48274M,10072014,MAXXIMA,M42347_6FDV9,6FDV9,000000000000,"Back Up Light,9 LED,4 In,Round,White",,,,Hardware,EA,30,1,36.43,1092.9,,,,,36.43,1092.9,0,,Department of Health and Human Services,National Institute of Health,,,No,No,No,No,No,No,No,,GSA Advantage,Government SmartPay Card,,Standard,,20892,55445,0,0,10082014,WECsys,GS23FBA013,,,,
MGAKM49211M,10072014,WESTWARD,1KEH7_1KEH7,1KEH7,000000000000,"Socket Set,3/8"" dr,49 pc",,,,Tools and Tool Cabinets,EA,1,1,134.24,134.24,,,,,134.24,134.24,0,,Department of Homeland Security,United States Coast Guard,,,No,No,No,No,No,No,No,,GSA Advantage,Government SmartPay Card,,Standard,,33767,55445,0,0,10082014,WECsys,GS23FBA013,,,,
M00010414671,10072014,EAGLE,1638_3BE85,3BE85,000000000000,"Drum Spill Cntnmnt Basin,4 Drum,5k lb.",,,,Hardware,EA,1,1,204.63,204.63,,,,,211.41,211.41,6.78,,Department of the Army,,,,No,No,No,No,No,No,No,,DoD Emall,Government SmartPay Card,,Standard,,40475,55445,0,0,10082014,WECsys,GS23FBA013,,,,
MGAKM03951M,09242014,SALSBURY INDUSTRIES,3716D20AFU_3YNP4,3YNP4,000000000000,"Standard Mailbox,20 Doors",,,,Hardware,EA,1,1,1985,1985,,,,,1985,1985,0,,Department of the Navy,,,,No,No,No,No,No,No,No,,GSA Advantage,Government SmartPay Card,,Standard,,29406,55445,0,0,10092014,WECsys,GS23FBA013,,,,
MGAKM44394M,10022014,BEST GLOVE,845-9905PFXL,845-9905PFXL,038054689200,DISP POWDER-FREE- LOW-MODULUS 100%-NIT DS50,,,,Hardware,FY,5,1,13.44,67.2,,,,,13.44,67.2,0,,Department of the Interior,Fish and Wildlife Service,,,No,No,No,No,No,No,No,,GSA Advantage,Government SmartPay Card,,Standard,,49715,55445,0,0,10092014,WECsys,GS23FBA013,,,,
MGAKM44394M,10022014,BEST GLOVE,845-9905PFL,845-9905PFL,038054689290,DISP POWDER-FREE- LOW-MODULUS 100%-NIT DS50,,,,Hardware,FY,5,1,13.44,67.2,,,,,13.44,67.2,0,,Department of the Interior,Fish and Wildlife Service,,,No,No,No,No,No,No,No,,GSA Advantage,Government SmartPay Card,,Standard,,49715,55445,0,0,10092014,WECsys,GS23FBA013,,,,
MGAKM50088M,10072014,DEWALT,DCD740C1_11A173,11A173,000000000000,"Cordless RA Drill Kit,20V,3/8 In.,0-500",,,,Tools and Tool Cabinets,EA,1,1,240.49,240.49,,,,,240.49,240.49,0,,Department of the Interior,Bureau of Reclamation,,,No,No,No,No,No,Yes,No,,GSA Advantage,Government SmartPay Card,,Standard,,95630,55445,0,0,10092014,WECsys,GS23FBA013,,,,
W4006-TEWMKA,10082014,CAROL,765121803_1YRB6,1YRB6,000000000000,"Hookup Wire,16 AWG,8 Amps,Red,500 ft.",,,,Hardware,EA,1,1,72.44,72.44,,,,,72.44,72.44,0,,Department of Homeland Security,United States Coast Guard,,,No,No,No,No,No,No,No,,GSA Advantage,Government SmartPay Card,,Standard,,23690,55445,0,0,10092014,WECsys,GS23FBA013,,,,
W4006-TEWMKA,10082014,CAROL,765121807_1YRC1,1YRC1,000000000000,"Hookup Wire,16 AWG,8 Amps,Blue,500 ft.",,,,Hardware,EA,1,1,78.85,78.85,,,,,78.85,78.85,0,,Department of Homeland Security,United States Coast Guard,,,No,No,No,No,No,No,No,,GSA Advantage,Government SmartPay Card,,Standard,,23690,55445,0,0,10092014,WECsys,GS23FBA013,,,,
M00010386716,09152014,IRWIN,586-2078713,586 2078713,038548092430,"2PC 8"" SAE & METRIC ADJUSTING WRENCH SET",,,,Tools and Tool Cabinets,ST,2,1,48.76,97.52,,,,,28.56,57.12,-20.2,,"Corps of Engineers, Civil",,,,No,No,No,No,No,No,No,,DoD Emall,Government SmartPay Card,,Standard,,39180,55445,0,0,10102014,WECsys,GS23FBA013,,,,
M00010386716,09152014,RIDGID,632-86922,632 86922,095691869227,"765 15"" ADJUSTABLE WRENCH",,,,Tools and Tool Cabinets,EA,3,1,49.93,149.79,,,,,45.47,136.41,-4.46,,"Corps of Engineers, Civil",,,,No,No,No,No,No,No,No,,DoD Emall,Government SmartPay Card,,Standard,,39180,55445,0,0,10102014,WECsys,GS23FBA013,,,,
SVE30014M0733,09262014,ENPAC,600673YE_4TAL6,4TAL6,000000000000,Drum Dispensing and Containment System,,,,Hardware,EA,1,1,813.61,813.61,,,,,813.61,813.61,0,,Department of State,,,,No,No,No,No,No,No,No,,GSA Advantage,Check,,Standard,,33178,55445,0,0,10102014,WECsys,GS23FBA013,,,,
SVE30014M0733,09262014,ENPAC,600673YE_4TAL6,4TAL6,000000000000,Drum Dispensing and Containment System,,,,Hardware,EA,1,1,813.61,813.61,,,,,813.61,813.61,0,,Department of State,,,,No,No,No,No,No,No,No,,GSA Advantage,Check,,Standard,,33178,55445,0,0,10102014,WECsys,GS23FBA013,,,,
SVE30014M0733,09262014,EAGLE,1645_3KN29,3KN29,000000000000,"Drum Spill Cntnmnt Pallet,4 Drum,8k lb.",,,,Hardware,EA,20,1,417.66,8353.2,,,,,450.91,9018.2,33.25,,Department of State,,,,No,No,No,No,No,No,No,,GSA Advantage,Check,,Standard,,33178,55445,0,0,10102014,WECsys,GS23FBA013,,,,
MGAKM49396M,10082014,MASTER LOCK,470-1KA-2001,4701KA2001,000000000000,6EA=1BD PADLOCKS KEYED ALIKE KEY CODE,,,,Hardware,BD,2,6,57.68,115.36,,,,,57.68,115.36,0,,Department of the Navy,,,,No,No,No,No,No,No,No,,GSA Advantage,Government SmartPay Card,,Standard,,92136,55445,0,0,10102014,WECsys,GS23FBA013,,,,
MGAKM52965M,10092014,W F HARRIS LIGHTING,100WL20LED_5NKU0,5NKU0,000000000000,"Portable Work Light ,LED,29W,White",,,,Hardware,EA,1,1,777.64,777.64,,,,,777.64,777.64,0,,Department of the Air Force,,,,No,No,No,No,No,No,No,,GSA Advantage,Government SmartPay Card,,Standard,,31098,55445,0,0,10102014,WECsys,GS23FBA013,,,,
MGAKK54226M,08272014,CGW ABRASIVES,421-36284,421-36284,000000000000,HAND PAD- 6X9- GREEN,,,,Hardware,EA,100,1,1.05,105,,,,,1.05,105,0,,Department of the Navy,,,,No,No,No,No,No,No,No,,GSA Advantage,Government SmartPay Card,,Standard,,98314,55445,0,0,10132014,WECsys,GS23FBA013,,,,
MGAKL62087M,09162014,YALE,BPB5405LNx626_6HGY1,G3351424,000000000000,"Heavy Duty Lever Lockset,Curved",,,,Hardware,EA,2,1,246.89,493.78,,,,,246.89,493.78,0,,Department of Agriculture,Forest Service,,,No,No,No,No,No,No,No,,GSA Advantage,Government SmartPay Card,,Standard,,42259,55445,0,0,10132014,WECsys,GS23FBA013,,,,
MGAKL62087M,09162014,YALE,BPB5405LNx626_6HGY1,G3351424,000000000000,"Heavy Duty Lever Lockset,Curved",,,,Hardware,EA,1,1,246.89,246.89,,,,,246.89,246.89,0,,Department of Agriculture,Forest Service,,,No,No,No,No,No,No,No,,GSA Advantage,Government SmartPay Card,,Standard,,42259,55445,0,0,10132014,WECsys,GS23FBA013,,,,
MGAKL82074M,09192014,ECHO,PB755ST_44X137,44X137,000000000000,"Backpack Blower,Gas,651 CFM,233 MPH",,,,Hardware,EA,4,1,525.45,2101.8,,,,,553.11,2212.44,27.66,,Department of the Navy,,,,No,No,No,No,No,No,No,,GSA Advantage,Government SmartPay Card,,Standard,,28533,55445,0,0,10132014,WECsys,GS23FBA013,,,,
M00010415533,10092014,NORTON,69957398002_2KMR9,2KMR9,000000000000,"Arbor Mt Disc,4-1/2x7/8in,50G,PK25",,,,Hardware,PK,3,25,105.22,315.66,,,,,108.76,326.28,3.54,,Department of the Navy,,,,No,No,No,No,No,No,No,,DoD Emall,Government SmartPay Card,,Standard,,98315,55445,0,0,10132014,WECsys,GS23FBA013,,,,
MGAKM54338M,10102014,CORONA,HS3911_21EJ13,21EJ13,000000000000,"Hedge Shears,21 In,Forged Steel",,,,Tools and Tool Cabinets,EA,6,1,38.86,233.16,,,,,38.86,233.16,0,,Department of the Air Force,,,,No,No,No,No,No,No,No,,GSA Advantage,Government SmartPay Card,,Standard,,76311,55445,0,0,10132014,WECsys,GS23FBA013,,,,
MGAKL51115M,09162014,SKILCRAFT,29JL71,29JL71,000000000000,"Scissors,SS,Straight,8-1/4 in.",,,,Tools and Tool Cabinets,EA,27,1,5.04,136.08,,,,,5.04,136.08,0,,Department of Veterans Affairs,,,,Yes,Yes,No,No,No,No,No,,GSA Advantage,Government SmartPay Card,,Standard,,70123,55445,0,0,10142014,WECsys,GS23FBA013,,,,
MGAKL51115M,09162014,SKILCRAFT,29JL71,29JL71,000000000000,"Scissors,SS,Straight,8-1/4 in.",,,,Tools and Tool Cabinets,EA,12,1,5.04,60.48,,,,,5.04,60.48,0,,Department of Veterans Affairs,,,,Yes,Yes,No,No,No,No,No,,GSA Advantage,Government SmartPay Card,,Standard,,70123,55445,0,0,10142014,WECsys,GS23FBA013,,,,
MGAKL51115M,09162014,SKILCRAFT,29JL71,29JL71,000000000000,"Scissors,SS,Straight,8-1/4 in.",,,,Tools and Tool Cabinets,EA,33,1,5.04,166.32,,,,,5.04,166.32,0,,Department of Veterans Affairs,,,,Yes,Yes,No,No,No,No,No,,GSA Advantage,Government SmartPay Card,,Standard,,70123,55445,0,0,10142014,WECsys,GS23FBA013,,,,
SRS50014V1054,09152014,GUARDAIR,335-100K25,335-100K25,000000000000,Gasket Cutter Kit 1/4-25 In 21 Pc,,,,Tools and Tool Cabinets,EA,1,1,308.49,308.49,,,,,234.13,234.13,-74.36,,Department of State,,,,No,No,No,No,No,No,No,,GSA Advantage,Government SmartPay Card,,Standard,,20521,55445,0,0,10142014,WECsys,GS23FBA013,,,,
MGAKL64962M,10092014,SPEEDAIRE,5Z696_5Z696,5Z696,000000000000,"Speedaire Electric Air Compressor, 3/4 HP",,,,Hardware,EA,1,1,1943.6,1943.6,,,,,1943.6,1943.6,0,,"Other, not listed",,,,No,No,No,No,No,No,No,,Phone,Government SmartPay Card,,Standard,,31905,55445,0,0,10142014,WECsys,GS23FBA013,,,,
MGAKK06381M,08202014,FIMCO,ATVTS6012V_4NED8,4NED8,000000000000,"Trailer Sprayer, 60 Gal, 3.8 GPM",,,,Hardware,EA,1,1,1374.91,1374.91,,,,,1374.91,1374.91,0,,Department of the Army,,,,No,No,No,No,No,No,No,,GSA Advantage,Government SmartPay Card,,Standard,,75057,55445,0,0,10152014,WECsys,GS23FBA013,,,,
MGAKK91981M,09042014,REELCRAFT,SGA3650OLP1_5PG10,5PG10,000000000000,"Hose Reel,3/8 In.,50 ft. L,232 psi,150F",,,,Hardware,EA,2,1,311.7,623.4,,,,,311.7,623.4,0,,Department of State,,,,No,No,No,No,No,No,No,,GSA Advantage,Government SmartPay Card,,Standard,,79927,55445,0,0,10152014,WECsys,GS23FBA013,,,,
MGAKK93390M,09042014,LUFKIN,100L_5F335,5F335,000000000000,"Tape Measure,3/8 Inx100 ft,Bright Orange",,,,Tools and Tool Cabinets,EA,15,1,34.54,518.1,,,,,34.54,518.1,0,,Department of the Interior,Bureau of Reclamation,,,No,No,No,No,No,No,No,,GSA Advantage,Government SmartPay Card,,Standard,,99133,55445,0,0,10152014,WECsys,GS23FBA013,,,,
MGAKL02706M,09052014,3M,16000_2JDD7,2JDD7,000000000000,"Paint Prep Sys Kit,Reg,1kit/cs",,,,"Paints, Adhesives and Sealants",EA,3,1,230.63,691.89,,,,,230.63,691.89,0,,Department of the Navy,,,,No,No,No,No,No,No,No,,GSA Advantage,Government SmartPay Card,,Standard,,23511,55445,0,0,10152014,WECsys,GS23FBA013,,,,
I1-14465400151,09242014,DEWALT,DCK290L2_11A174,11A174,000000000000,"Cordless Combination Kit,3.0A/hr.,20.0V",,,,Tools and Tool Cabinets,EA,1,1,427.5,427.5,,,,,427.5,427.5,0,,Judiciary,,,,No,No,No,No,No,Yes,No,,GSA Advantage,Check,,Standard,,10004,55445,0,0,10152014,WECsys,GS23FBA013,,,,
MGAKM15545M,09262014,RICE LAKE,12150CA_8UV95,8UV95,000000000000,"Calibration Weight Set,Polished",,,,Hardware,EA,1,1,381.92,381.92,,,,,381.92,381.92,0,,Department of the Army,,,,No,No,No,No,No,No,No,,GSA Advantage,Government SmartPay Card,,Standard,,30905,55445,0,0,10152014,WECsys,GS23FBA013,,,,
MGAKM56259M,10142014,APEX,492X5PK_5RDJ5,5RDJ5,000000000000,"Phillips Power Bit,#2,1.94 In L,PK 5",,,,Hardware,PK,15,5,6.9,103.5,,,,,6.9,103.5,0,,Office of the Secretary of Defense,,,,No,No,No,No,No,No,No,,GSA Advantage,Government SmartPay Card,,Standard,,28310,55445,0,0,10152014,WECsys,GS23FBA013,,,,
M00010418362,10142014,KIDDE,46611220_5T899,5T899,000000000000,"Fire Extinguisher,Dry,ABC,3A:40B:C",,,,Hardware,EA,1,1,63.77,63.77,,,,,67.86,67.86,4.09,,Department of the Army,,,,No,No,No,No,No,No,No,,DoD Emall,Government SmartPay Card,,Standard,,55111,55445,0,0,10152014,WECsys,GS23FBA013,,,,
M00010418362,10142014,KIDDE,46620620_5T903,5T903,000000000000,"Fire Extinguisher,Dry Chemical,6A:80B:C",,,,Hardware,EA,1,1,183.75,183.75,,,,,176.18,176.18,-7.57,,Department of the Army,,,,No,No,No,No,No,No,No,,DoD Emall,Government SmartPay Card,,Standard,,55111,55445,0,0,10152014,WECsys,GS23FBA013,,,,
M00010418530,10142014,BRADY,31111LS_8AG44,8AG44,000000000000,"Drain Cover, Yellow, 24 In W x 24 In L",,,,Hardware,EA,2,1,74.24,148.48,,,,,77.52,155.04,3.28,,Department of the Navy,,,,No,No,No,No,No,No,No,,DoD Emall,Government SmartPay Card,,Standard,,98314,55445,0,0,10152014,WECsys,GS23FBA013,,,,
M00010418530,10142014,BRADY,31112LS_9MG65,9MG65,000000000000,"Magnetic Drain Cover,36 In. L,24 In. W",,,,Hardware,EA,2,1,111.25,222.5,,,,,116.16,232.32,4.91,,Department of the Navy,,,,No,No,No,No,No,No,No,,DoD Emall,Government SmartPay Card,,Standard,,98314,55445,0,0,10152014,WECsys,GS23FBA013,,,,
PRAC42875532,10142014,POLAR TECH,HAZ10394G_12F318,12F318,000000000000,"Paint Can Shipper Kit,1 Gallon Can",,,,Hardware,EA,10,1,17.29,172.9,,,,,17.29,172.9,0,,Department of the Army,,,,No,No,No,No,No,No,No,,GSA Advantage,Government SmartPay Card,,Standard,,39180,55445,0,0,10152014,WECsys,GS23FBA013,,,,
AN021/DECK,10142014,3M,6300_6AP71,6AP71,000000000000,"3M(TM) 6000 Series Half Mask,L",,,,Hardware,EA,10,1,19.95,199.5,,,,,19.95,199.5,0,,Department of Homeland Security,United States Coast Guard,,,No,No,No,No,No,No,No,,GSA Advantage,Government SmartPay Card,,Standard,,94130,55445,0,0,10152014,WECsys,GS23FBA013,,,,
MGAKM57007M,10142014,TAPCO,03700012_8LV70,8LV70,000000000000,"Sign Mounting Brackets,Aluminum",,,,Hardware,PR,40,1,16.99,679.6,,,,,16.99,679.6,0,,Department of Veterans Affairs,,,,No,No,No,No,No,No,No,,GSA Advantage,Government SmartPay Card,,Standard,,50310,55445,0,0,10152014,WECsys,GS23FBA013,,,,
M00010418681,10142014,LEGRIS,31046200_1PEU8,1PEU8,000000000000,"Union Tee, 1/2"" Tube, Nylon,PK10",,,,Hardware,PK,4,10,119.34,477.36,,,,,118.03,472.12,-1.31,,Office of the Secretary of Defense,Defense Logistics Agency,,,No,No,No,No,No,No,No,,DoD Emall,Government SmartPay Card,,Standard,,75507,55445,0,0,10152014,WECsys,GS23FBA013,,,,
MGAKM58318M,10152014,ATCO,13602508_5E273,5E273,000000000000,"Insulated Flexible Duct,5000 fpm",,,,Hardware,EA,3,1,69.34,208.02,,,,,69.34,208.02,0,,Department of the Interior,National Park Service,,,No,No,No,No,No,No,No,,GSA Advantage,Government SmartPay Card,,Standard,,32084,55445,0,0,10162014,WECsys,GS23FBA013,,,,
MGAKM58603M,10152014,MOVINCOOL,LA1463738280_4YN24,4YN24,000000000000,"Ceiling Tile,24 In. L,24 In. W",,,,Hardware,EA,2,1,99.15,198.3,,,,,99.15,198.3,0,,Department of the Navy,,,,No,No,No,No,No,No,No,,GSA Advantage,Government SmartPay Card,,Standard,,20670,55445,0,0,10162014,WECsys,GS23FBA013,,,,
MGAKM58948M,10152014,SQUARE D,QOC342MQS_3XB94,3XB94,000000000000,Load Center Cover,,,,Hardware,EA,2,1,85.65,171.3,,,,,85.65,171.3,0,,Department of the Army,,,,No,No,No,No,No,No,No,,GSA Advantage,Government SmartPay Card,,Standard,,28310,55445,0,0,10162014,WECsys,GS23FBA013,,,,
MGAKM59881M,10152014,H.K. PORTER,1490AC_2H051,2H051,000000000000,"Bolt Cutter,14 In,1/4 In Cap",,,,Tools and Tool Cabinets,EA,2,1,79.54,159.08,,,,,79.54,159.08,0,,Department of the Navy,,,,No,No,No,No,No,No,No,,GSA Advantage,Government SmartPay Card,,Standard,,93245,55445,0,0,10162014,WECsys,GS23FBA013,,,,
MGAKM60026M,10152014,VENCO PRODUCTS,7AP08_7AP08,7AP08,000000000000,"Air Circulator,36 In,12,500 cfm,115V",,,,Hardware,EA,2,1,478.26,956.52,,,,,478.26,956.52,0,,Department of Agriculture,Animal and Plant Health Inspection Service (DHS Code 7053),,,No,No,No,No,No,No,No,,GSA Advantage,Government SmartPay Card,,Standard,,78541,55445,0,0,10172014,WECsys,GS23FBA013,,,,
MGAKM60040M,10152014,ENPAC,1391YE_6XGK3,6XGK3,000000000000,"Spill Kit,Can,62 gal.,HazMat",,,,Hardware,EA,1,1,862.4,862.4,,,,,862.4,862.4,0,,Department of Agriculture,Animal and Plant Health Inspection Service (DHS Code 7053),,,No,No,No,No,No,No,No,,GSA Advantage,Government SmartPay Card,,Standard,,78541,55445,0,0,10172014,WECsys,GS23FBA013,,,,
MGAKM60797M,10162014,MITUTOYO,530118_4CGN7,4CGN7,000000000000,"Vernier Caliper,Lock Screw,0-8 In",,,,Tools and Tool Cabinets,EA,4,1,128.23,512.92,,,,,128.23,512.92,0,,Department of Homeland Security,United States Coast Guard,,,No,No,No,No,No,No,No,,GSA Advantage,Government SmartPay Card,,Standard,,27909,55445,0,0,10172014,WECsys,GS23FBA013,,,,
MGAKM61814M,10162014,DEWALT,DW3984C_6YHR1,6YHR1,000000000000,"Portable Band Saw Blade,Bimetal,PK3",,,,Hardware,PK,4,3,31.05,124.2,,,,,31.05,124.2,0,,Office of the Secretary of Defense,,,,No,No,No,No,No,No,No,,GSA Advantage,Government SmartPay Card,,Standard,,28310,55445,0,0,10172014,WECsys,GS23FBA013,,,,
MGAKM62460M,10162014,MILLER ELECTRIC,230555_34C349,34C349,000000000000,"Welding Cap,Color Red/White/Blue,7-1/4",,,,Hardware,EA,2,1,18.71,37.42,,,,,18.71,37.42,0,,"Corps of Engineers, Civil",,,,No,No,No,No,No,No,No,,GSA Advantage,Government SmartPay Card,,Standard,,72802,55445,0,0,10172014,WECsys,GS23FBA013,,,,
MGAKM62460M,10162014,MILLER ELECTRIC,230553_34C347,34C347,000000000000,"Welding Cap,Color Red/White/Blue,7",,,,Hardware,EA,2,1,18.71,37.42,,,,,18.71,37.42,0,,"Corps of Engineers, Civil",,,,No,No,No,No,No,No,No,,GSA Advantage,Government SmartPay Card,,Standard,,72802,55445,0,0,10172014,WECsys,GS23FBA013,,,,
MGAKM62460M,10162014,MILLER ELECTRIC,230558_34C352,34C352,000000000000,"Welding Cap,Color Red/White/Blue,7-3/4",,,,Hardware,EA,2,1,18.71,37.42,,,,,18.71,37.42,0,,"Corps of Engineers, Civil",,,,No,No,No,No,No,No,No,,GSA Advantage,Government SmartPay Card,,Standard,,72802,55445,0,0,10172014,WECsys,GS23FBA013,,,,
MGAKM62460M,10162014,MILLER ELECTRIC,230554_34C348,34C348,000000000000,"Welding Cap,Color Red/White/Blue,7-1/8",,,,Hardware,EA,2,1,18.71,37.42,,,,,18.71,37.42,0,,"Corps of Engineers, Civil",,,,No,No,No,No,No,No,No,,GSA Advantage,Government SmartPay Card,,Standard,,72802,55445,0,0,10172014,WECsys,GS23FBA013,,,,
MGAKM62460M,10162014,MILLER ELECTRIC,230557_34C351,34C351,000000000000,"Welding Cap,Color Red/White/Blue,7-1/2",,,,Hardware,EA,2,1,18.71,37.42,,,,,18.71,37.42,0,,"Corps of Engineers, Civil",,,,No,No,No,No,No,No,No,,GSA Advantage,Government SmartPay Card,,Standard,,72802,55445,0,0,10172014,WECsys,GS23FBA013,,,,
MGAKM62460M,10162014,MILLER ELECTRIC,230556_34C350,34C350,000000000000,"Welding Cap,Color Red/White/Blue,7-3/8",,,,Hardware,EA,2,1,18.71,37.42,,,,,18.71,37.42,0,,"Corps of Engineers, Civil",,,,No,No,No,No,No,No,No,,GSA Advantage,Government SmartPay Card,,Standard,,72802,55445,0,0,10172014,WECsys,GS23FBA013,,,,
MGAKM62460M,10162014,REELCRAFT,S601001501_2PLA7,2PLA7,000000000000,"Multipurpose Air Hose,1/4 In.,50 ft. L",,,,Hardware,EA,2,1,37.5,75,,,,,37.5,75,0,,"Corps of Engineers, Civil",,,,No,No,No,No,No,No,No,,GSA Advantage,Government SmartPay Card,,Standard,,72802,55445,0,0,10172014,WECsys,GS23FBA013,,,,
MGAKM62460M,10162014,REELCRAFT,S601085251_2PLA5,2PLA5,000000000000,"Multipurpose Air Hose,1/4 In.,25 ft. L",,,,Hardware,EA,2,1,31.34,62.68,,,,,31.34,62.68,0,,"Corps of Engineers, Civil",,,,No,No,No,No,No,No,No,,GSA Advantage,Government SmartPay Card,,Standard,,72802,55445,0,0,10172014,WECsys,GS23FBA013,,,,
MGAKM62641M,10162014,APPROVED VENDOR,1YU97_1YU97,1YU97,000000000000,"Hex Bolt Refill,7/16-20x1L,PK6",,,,Hardware,PK,19,6,5.45,103.55,,,,,5.45,103.55,0,,Department of the Army,,,,No,No,No,No,No,No,No,,GSA Advantage,Government SmartPay Card,,Standard,,21005,55445,0,0,10172014,WECsys,GS23FBA013,,,,
MGAKM64446M,10172014,APPROVED VENDOR,3AUN5_3AUN5,3AUN5,000000000000,"Hex Cap Screw,316 SS,3/8-16x2,PK10",,,,Hardware,PK,5,10,20.33,101.65,,,,,20.33,101.65,0,,Department of Homeland Security,United States Coast Guard,,,No,No,No,No,No,No,No,,GSA Advantage,Government SmartPay Card,,Standard,,02109,55445,0,0,10202014,WECsys,GS23FBA013,,,,
M00010324097,08042014,BLACKHAWK,578-49945B,578-49945B,662679148850,"1/2"" DRIVE RATCHET",,,,Tools and Tool Cabinets,EA,6,1,28.26,169.56,,,,,25.62,153.72,-2.64,,Department of the Navy,,,,No,No,No,No,No,No,No,,DoD Emall,Government SmartPay Card,,Standard,,92028,55445,0,0,10212014,WECsys,GS23FBA013,,,,
MGAKM13524M,10312014,WESTWARD,1YMN2_1YMN2,1YMN2,000000000000,"Portable Power Source, Crank 250A,12V",,,,Hardware,EA,-2,1,165.58,-331.16,,,,,165.58,-331.16,0,,Department of Homeland Security,Immigration and Customs Enforcement,,,No,No,No,No,No,No,No,,GSA Advantage,Government SmartPay Card,,Standard,,20521,55445,33.1,0,10312014,WECsys,GS23FBA013,,,,
MGAKM11271M,09252014,OIL-DRI,L90765_4DKV3,4DKV3,000000000000,"Spill Kit,65 gal.,HazMat,Can",,,,Hardware,EA,2,1,827.71,1655.42,,,,,871.27,1742.54,43.56,,Department of the Army,,,,No,No,No,No,No,No,No,,GSA Advantage,Government SmartPay Card,,Standard,,31905,55445,0,0,10212014,WECsys,GS23FBA013,,,,
MGAKM11271M,09252014,OIL-DRI,L90765_4DKV3,4DKV3,000000000000,"Spill Kit,65 gal.,HazMat,Can",,,,Hardware,EA,1,1,827.71,827.71,,,,,871.27,871.27,43.56,,Department of the Army,,,,No,No,No,No,No,No,No,,GSA Advantage,Government SmartPay Card,,Standard,,31905,55445,0,0,10212014,WECsys,GS23FBA013,,,,
M00010419041,10152014,DEWALT,115-DMDEMO9-P,115-DMDEMO9-P,885911049955,9 SKU DEMO RECIP 5-PACKPRODUCT,,,,Tools and Tool Cabinets,EA,1,1,292.3,292.3,,,,,248.6,248.6,-43.7,,Department of the Navy,,,,No,No,No,No,No,No,No,,DoD Emall,Government SmartPay Card,,Standard,,20670,55445,0,0,10212014,WECsys,GS23FBA013,,,,
MGAKM58416M,10152014,INGERSOLL-RAND,SS3J55GHWB_4YW08,G3235145,000000000000,"Compressor,Air,5.5 HP",,,,Hardware,EA,1,1,1446.86,1446.86,,,,,1446.86,1446.86,0,,Department of Homeland Security,United States Coast Guard,,,No,No,No,No,No,No,No,,GSA Advantage,Government SmartPay Card,,Standard,,08640,55445,0,0,10212014,WECsys,GS23FBA013,,,,
MGAKM58754M,10152014,KILLARK,1FA_2MY62,G0717586,000000000000,"Cover,Single Gang",,,,Hardware,EA,20,1,5.72,114.4,,,,,5.72,114.4,0,,Department of the Army,,,,No,No,No,No,No,No,No,,GSA Advantage,Government SmartPay Card,,Standard,,71459,55445,0,0,10212014,WECsys,GS23FBA013,,,,
MGAKM61116M,10162014,PRESCO PRODUCTS CO,2330OG188_3LUD5,G4732567,000000000000,"Marking Flag,Orange Glo,Blank,PVC,PK100",,,,Hardware,PK,8,100,13,104,,,,,13,104,0,,Department of the Interior,Bureau of Land Management,,,No,No,No,No,No,No,No,,GSA Advantage,Government SmartPay Card,,Standard,,97918,55445,0,0,10212014,WECsys,GS23FBA013,,,,
MGAKM63442M,10172014,LUTRON,H3DT832GU317_4LFX3,4LFX3,000000000000,"Dimming Ballast,Elctrnc,120/240/277VLamp",,,,Hardware,EA,5,1,296.17,1480.85,,,,,296.17,1480.85,0,,Department of the Navy,,,,No,No,No,No,No,No,No,,GSA Advantage,Government SmartPay Card,,Standard,,76127,55445,0,0,10212014,WECsys,GS23FBA013,,,,
MGAKM63442M,10172014,SCOTCH,SUPER33_2A226,2A226,000000000000,"Electrical Tape,3/4x20ft,7mil,Black,PK10",,,,Hardware,PK,5,10,30.8,154,,,,,30.8,154,0,,Department of the Navy,,,,No,No,No,No,No,No,No,,GSA Advantage,Government SmartPay Card,,Standard,,76127,55445,0,0,10212014,WECsys,GS23FBA013,,,,
MGAKM63442M,10172014,3M,OBJug_1DLZ4,1DLZ4,000000000000,"Wire Connector,Orange/Blue,PK500",,,,Hardware,PK,1,500,70.72,70.72,,,,,70.72,70.72,0,,Department of the Navy,,,,No,No,No,No,No,No,No,,GSA Advantage,Government SmartPay Card,,Standard,,76127,55445,0,0,10212014,WECsys,GS23FBA013,,,,
MGAKM63442M,10172014,3M,BGBox_1DLZ1,1DLZ1,000000000000,"Wire Connector,Blue/Gray,PK50",,,,Hardware,PK,1,50,40.41,40.41,,,,,40.41,40.41,0,,Department of the Navy,,,,No,No,No,No,No,No,No,,GSA Advantage,Government SmartPay Card,,Standard,,76127,55445,0,0,10212014,WECsys,GS23FBA013,,,,
MGAKM63679M,10172014,ULTRATECH,499_3TZU3,3TZU3,000000000000,"Drum Funnel with Lid,26.5  In,with Spout",,,,Tools and Tool Cabinets,EA,2,1,113.79,227.58,,,,,113.79,227.58,0,,Department of the Air Force,,,,No,No,No,No,No,No,No,,GSA Advantage,Government SmartPay Card,,Standard,,29152,55445,0,0,10212014,WECsys,GS23FBA013,,,,
MGAKM63679M,10172014,OIL SAFE,102103_16X912,16X912,000000000000,"Starter Kit with Pump, Pour, Store,Label",,,,Hardware,EA,2,1,547.99,1095.98,,,,,547.99,1095.98,0,,Department of the Air Force,,,,No,No,No,No,No,No,No,,GSA Advantage,Government SmartPay Card,,Standard,,29152,55445,0,0,10212014,WECsys,GS23FBA013,,,,
P50437,10202014,DIVERSITECH,GG1_1GDL7,1GDL7,000000000000,"Drain Clearing Gun, Black,Flexible Hose",,,,Hardware,EA,5,1,77.76,388.8,,,,,77.76,388.8,0,,Department of Veterans Affairs,,,,No,No,No,No,No,No,No,,GSA Advantage,Government SmartPay Card,,Standard,,98108,55445,0,0,10212014,WECsys,GS23FBA013,,,,
MGAKM67056M,10202014,HOWARD LEIGHT BY HONEYWELL,LPFLS4_1GAE1,1GAE1,000000000000,"Ear Plugs,30dB,W/o Cord,Univ,PK200",,,,Hardware,PK,4,200,42.18,168.72,,,,,42.18,168.72,0,,Department of Homeland Security,United States Coast Guard,,,No,No,No,No,No,No,No,,GSA Advantage,Government SmartPay Card,,Standard,,02542,55445,0,0,10212014,WECsys,GS23FBA013,,,,
MGAKL64962M,10312014,SPEEDAIRE,4B241_4B241,4B241,000000000000,"Compressor,Air,5.5 HP",,,,Hardware,EA,-1,1,1165.96,-1165.96,,,,,1165.96,-1165.96,0,,Department of the Army,,,,No,No,No,No,No,No,No,,GSA Advantage,Government SmartPay Card,,Standard,,31905,55445,0,0,10312014,WECsys,GS23FBA013,,,,
MGAKM04551M,09242014,AMMCO,4100B_33K080,33K080,000000000000,"Brake Lathe,42L x 37W x 17H In.",,,,Tools and Tool Cabinets,EA,1,1,12988.8,12988.8,,,,,12988.8,12988.8,0,,Department of the Air Force,,,,No,No,No,No,No,No,No,,GSA Advantage,Government SmartPay Card,,Standard,,87117,55445,0,0,10232014,WECsys,GS23FBA013,,,,
MGAKM64480M,10172014,AQUA-PURE,AP8172_1ZKK2,G3150691,000000000000,"Carbon Cartridge,20 gpm,25 Mic",,,,Hardware,EA,6,1,154.99,929.94,,,,,154.99,929.94,0,,Department of Agriculture,Forest Service,,,No,No,No,No,No,No,No,,GSA Advantage,Government SmartPay Card,,Standard,,97122,55445,0,0,10232014,WECsys,GS23FBA013,,,,
MGAKM64480M,10172014,AQUA-PURE,AP810_4LW37,G2544141,000000000000,"Melt Blown Cartridge,20 gpm,5 Mic",,,,Hardware,EA,12,1,53.42,641.04,,,,,53.42,641.04,0,,Department of Agriculture,Forest Service,,,No,No,No,No,No,No,No,,GSA Advantage,Government SmartPay Card,,Standard,,97122,55445,0,0,10232014,WECsys,GS23FBA013,,,,
MGAKM71785M,10222014,DURACELL,DL13NBPK_1ANB8,1ANB8,000000000000,"Button Cell Battery,1/3 N,Lithium,3V",,,,Hardware,EA,21,1,4.77,100.17,,,,,4.77,100.17,0,,Department of the Interior,National Park Service,,,No,No,No,No,No,No,No,,GSA Advantage,Government SmartPay Card,,Standard,,79834,55445,0,0,10232014,WECsys,GS23FBA013,,,,
MGAKM71690M,10222014,FLUKE,FLUKE718300G_1GAK6,1GAK6,000000000000,"Calibrator,Pressure,With Pump,0 to300PSI",,,,Hardware,EA,1,1,2862.18,2862.18,,,,,2862.18,2862.18,0,,Department of the Interior,Bureau of Reclamation,,,No,No,No,No,No,No,No,,GSA Advantage,Government SmartPay Card,,Standard,,96019,55445,0,0,10232014,WECsys,GS23FBA013,,,,
MGAKM71891M,10222014,PARKER,22MCNSS_5UNH5,5UNH5,000000000000,"Close Nipple,1/8 In,NPT Male,SS",,,,Hardware,EA,20,1,7.43,148.6,,,,,7.43,148.6,0,,Department of the Army,,,,No,No,No,No,No,No,No,,GSA Advantage,Government SmartPay Card,,Standard,,84404,55445,0,0,10232014,WECsys,GS23FBA013,,,,
MGAKM72136M,10222014,BAW PLASTICS,41788_3YVA1,3YVA1,000000000000,"Badge Holder,3 x 4,PK25",,,,Hardware,PK,4,25,30.16,120.64,,,,,30.16,120.64,0,,Office of the Secretary of Defense,Defense Commissary Agency - Information Technology Communications,,,No,No,No,No,No,No,No,,GSA Advantage,Government SmartPay Card,,Standard,,92055,55445,0,0,10232014,WECsys,GS23FBA013,,,,
689-P50022,10222014,THERMOSAFE,640_3KTN6,3KTN6,000000000000,"Medical Transporter Tote,0.3 Cu-Ft",,,,Hardware,EA,3,1,68.4,205.2,,,,,68.4,205.2,0,,Department of Veterans Affairs,,,,No,No,No,No,No,No,No,,Phone,Government SmartPay Card,,Standard,,06516,55445,0,0,10232014,WECsys,GS23FBA013,,,,
MGAKM73563M,10222014,AMPROBE,LAN1_4FKT1,4FKT1,000000000000,"Lan Cable Tester, Display LED",,,,Hardware,EA,1,1,103.73,103.73,,,,,103.73,103.73,0,,Department of the Navy,,,,No,No,No,No,No,No,No,,GSA Advantage,Government SmartPay Card,,Standard,,92055,55445,0,0,10232014,WECsys,GS23FBA013,,,,
436-P50793,10222014,BRADY,95097_3TLX8,3TLX8,000000000000,"Wristband,Red,Numbered,PK 500",,,,Hardware,PK,1,500,95.6,95.6,,,,,95.6,95.6,0,,Department of Veterans Affairs,,,,No,No,No,No,No,No,No,,Phone,Government SmartPay Card,,Standard,,59102,55445,0,0,10232014,WECsys,GS23FBA013,,,,
436-P50793,10222014,BRADY,95103_3TLY4,3TLY4,000000000000,"Wristband,Green,Numbered,PK 500",,,,Hardware,PK,1,500,95.6,95.6,,,,,95.6,95.6,0,,Department of Veterans Affairs,,,,No,No,No,No,No,No,No,,Phone,Government SmartPay Card,,Standard,,59102,55445,0,0,10232014,WECsys,GS23FBA013,,,,
436-P50793,10222014,BRADY,95099_3TLX9,3TLX9,000000000000,"Wristband,Yellow,Numbered,PK 500",,,,Hardware,PK,1,500,95.6,95.6,,,,,95.6,95.6,0,,Department of Veterans Affairs,,,,No,No,No,No,No,No,No,,Phone,Government SmartPay Card,,Standard,,59102,55445,0,0,10232014,WECsys,GS23FBA013,,,,
MGAKM64787M,10172014,KAREWEAR,88APR_3MUG7,G4221043,000000000000,"Bib Apron,Black,36 In. L,24 In. W,Nylon",,,,Hardware,EA,10,1,35.19,351.9,,,,,35.19,351.9,0,,Department of Agriculture,Animal and Plant Health Inspection Service (DHS Code 7053),,,No,No,No,No,No,No,No,,GSA Advantage,Government SmartPay Card,,Standard,,78701,55445,0,0,10242014,WECsys,GS23FBA013,,,,
MGAKM64787M,10172014,KAREWEAR,88APR_3MUG7,G4221043,000000000000,"Bib Apron,Black,36 In. L,24 In. W,Nylon",,,,Hardware,EA,40,1,35.19,1407.6,,,,,35.19,1407.6,0,,Department of Agriculture,Animal and Plant Health Inspection Service (DHS Code 7053),,,No,No,No,No,No,No,No,,GSA Advantage,Government SmartPay Card,,Standard,,78701,55445,0,0,10242014,WECsys,GS23FBA013,,,,
MGAKM69215M,10212014,AKRO-MILS,2W778,2W778,000000000000,"Hang/Stack Bin,10-7/8 x 5-1/2 x 5,Blue",,,,Hardware,EA,40,1,2.5,100,,,,,2.63,105.2,0.13,,Department of Veterans Affairs,,,,Yes,No,No,No,No,No,No,,GSA Advantage,Government SmartPay Card,,Standard,,58102,55445,0,0,10242014,WECsys,GS23FBA013,,,,
MGAKM69485M,10212014,SQUARE D,QOB130_1H825,1H825,000000000000,"Circuit Breaker,30 A",,,,Hardware,EA,4,1,39.23,156.92,,,,,39.23,156.92,0,,Department of Veterans Affairs,,,,No,No,No,No,No,No,No,,GSA Advantage,Government SmartPay Card,,Standard,,98493,55445,0,0,10242014,WECsys,GS23FBA013,,,,
MGAKM73823M,10222014,BETTER PACK,BP555es_1UXP4,1UXP4,000000000000,"Electric Gummed Tape Dispenser,3"" Tape",,,,Hardware,EA,1,1,1465.59,1465.59,,,,,1465.59,1465.59,0,,Department of the Air Force,,,,No,No,No,No,No,No,No,,GSA Advantage,Government SmartPay Card,,Standard,,94535,55445,0,0,10242014,WECsys,GS23FBA013,,,,
760-P50073,10232014,HALSEY TAYLOR,8240081641_2KLD6,2KLD6,000000000000,"Water Cooler,8 GPH,Platinum,20 7/16 In H",,,,Hardware,EA,1,1,617.97,617.97,,,,,617.97,617.97,0,,Department of Veterans Affairs,,,,No,No,No,No,No,No,No,,GSA Advantage,Government SmartPay Card,,Standard,,66048,55445,0,0,10242014,WECsys,GS23FBA013,,,,
MGAKM75498M,10232014,3M,99403NA_2AYJ7,2AYJ7,000000000000,"Sanding Sheet,11x9 In,120 G,AlO,PK250",,,,Hardware,PK,1,250,240.98,240.98,,,,,240.98,240.98,0,,Department of Homeland Security,United States Coast Guard,,,No,No,No,No,No,No,No,,GSA Advantage,Government SmartPay Card,,Standard,,32233,55445,0,0,10242014,WECsys,GS23FBA013,,,,
MGAKM75564M,10232014,JOHNSON,5500MGLO_1TDY8,1TDY8,000000000000,"Magnetic Glo-View Torpedo Level,9 In",,,,Tools and Tool Cabinets,EA,4,1,21.02,84.08,,,,,21.02,84.08,0,,Department of Veterans Affairs,,,,No,No,No,No,No,No,No,,GSA Advantage,Government SmartPay Card,,Standard,,63901,55445,0,0,10242014,WECsys,GS23FBA013,,,,
MGAKM75564M,10232014,WIHA TOOLS,71990_5LX17,5LX17,000000000000,"Security Bit Set,39 PC",,,,Hardware,EA,4,1,86.98,347.92,,,,,86.98,347.92,0,,Department of Veterans Affairs,,,,No,No,No,No,No,No,No,,GSA Advantage,Government SmartPay Card,,Standard,,63901,55445,0,0,10242014,WECsys,GS23FBA013,,,,
MGAKM75646M,10232014,APPROVED VENDOR,1VEN4_1VEN4,1VEN4,000000000000,"Rope,PES,Twisted,3/8 In. dia.,600 ft. L",,,,Hardware,EA,2,1,147.2,294.4,,,,,147.2,294.4,0,,"Corps of Engineers, Civil",,,,No,No,No,No,No,No,No,,GSA Advantage,Government SmartPay Card,,Standard,,15202,55445,0,0,10242014,WECsys,GS23FBA013,,,,
MGAKM75803M,10232014,ACCUFORM SIGNS,ZRS722_4ARL5,4ARL5,000000000000,"MSDS Center Board Kit,Aluminum",,,,Hardware,EA,1,1,185.05,185.05,,,,,185.05,185.05,0,,Department of the Army,,,,No,No,No,No,No,No,No,,GSA Advantage,Government SmartPay Card,,Standard,,98433,55445,0,0,10242014,WECsys,GS23FBA013,,,,
W90WDP41550103,09302014,AIR HANDLER,5W916_5W916,5W916,000000000000,"Rigid Cell Filter,12x24x12 In.",,,,Hardware,EA,2,1,88.95,177.9,,,,,88.95,177.9,0,,Department of the Army,,,,No,No,No,No,No,No,No,,GSA Advantage,Government SmartPay Card,,Standard,,96310,55445,0,0,10272014,WECsys,GS23FBA013,,,,
MGAKM77157M,10232014,RAYCHEM,W5124P_4E531,4E531,000000000000,"Self Regulating Heat Cable,24 ft. L,120V",,,,Hardware,EA,1,1,110.39,110.39,,,,,110.39,110.39,0,,Department of Homeland Security,United States Coast Guard,,,No,No,No,No,No,No,No,,GSA Advantage,Government SmartPay Card,,Standard,,03904,55445,0,0,10272014,WECsys,GS23FBA013,,,,
MGAKM77300M,10232014,ECHO,GT225_44X194,44X194,000000000000,"String Trimmer,21.2CC,16 In. Cut Width",,,,Hardware,EA,4,1,232.3,929.2,,,,,232.3,929.2,0,,Department of Health and Human Services,Indian Health Service,,,No,No,No,No,No,No,No,,GSA Advantage,Government SmartPay Card,,Standard,,86042,55445,0,0,10272014,WECsys,GS23FBA013,,,,
KB14-936,10242014,MASTER LOCK,6230KA10G501_3JZJ2,3JZJ2,000000000000,"Padlock,KA,1-1/8 In H,5 Pin,Steel",,,,Hardware,EA,4,1,36.42,145.68,,,,,36.42,145.68,0,,Department of the Air Force,,,,No,No,No,No,No,No,No,,GSA Advantage,Government SmartPay Card,,Standard,,73145,55445,0,0,10272014,WECsys,GS23FBA013,,,,
MGAKM78926M,10242014,BULK-STRAP,N01150BK_4DYJ7,4DYJ7,000000000000,"Strap Webbing,150 ft. x 1 In.,3800 lb.",,,,Hardware,EA,1,1,101.07,101.07,,,,,101.07,101.07,0,,Department of the Army,,,,No,No,No,No,No,No,No,,GSA Advantage,Government SmartPay Card,,Standard,,06021,55445,0,0,10272014,WECsys,GS23FBA013,,,,
MGAKM78914M,10242014,WOOSTER,R9999_3UW83,3UW83,000000000000,"Phenolic Roller,Pk12",,,,"Paints, Adhesives and Sealants",PK,156,12,18.21,2840.76,,,,,19.17,2990.52,0.96,,Department of the Navy,,,,No,No,No,No,No,No,No,,GSA Advantage,Government SmartPay Card,,Standard,,06349,55445,0,0,10272014,WECsys,GS23FBA013,,,,
MGAKM79420M,10242014,SQUARE D,QOB215VH_2GLF3,2GLF3,000000000000,"Circuit Breaker,Bolt-On,2 Pole,15A",,,,Hardware,EA,1,1,168.3,168.3,,,,,168.3,168.3,0,,Department of Homeland Security,United States Coast Guard,,,No,No,No,No,No,No,No,,GSA Advantage,Government SmartPay Card,,Standard,,39595,55445,0,0,10272014,WECsys,GS23FBA013,,,,
MGAKK54165M,08272014,NELSON PAINT,HW3LT_3WDX7,G4959631,000000000000,MARKING TOOL REPLACEMENT TRIGGER,,,,Hardware,EA,1,1,30.1,30.1,,,,,30.1,30.1,0,,Department of Agriculture,Forest Service,,,No,No,No,No,No,No,No,,GSA Advantage,Government SmartPay Card,,Standard,,71953,55445,0,0,10282014,WECsys,GS23FBA013,,,,
MGAKK54165M,08272014,NELSON PAINT,HW3LT_3WDX7,G4959631,000000000000,MARKING TOOL REPLACEMENT TRIGGER,,,,Hardware,EA,7,1,30.1,210.7,,,,,30.1,210.7,0,,Department of Agriculture,Forest Service,,,No,No,No,No,No,No,No,,GSA Advantage,Government SmartPay Card,,Standard,,71953,55445,0,0,10282014,WECsys,GS23FBA013,,,,
MGAKK54165M,08272014,NELSON PAINT,HW3LT_3WDX7,G4959631,000000000000,MARKING TOOL REPLACEMENT TRIGGER,,,,Hardware,EA,2,1,30.1,60.2,,,,,30.1,60.2,0,,Department of Agriculture,Forest Service,,,No,No,No,No,No,No,No,,GSA Advantage,Government SmartPay Card,,Standard,,71953,55445,0,0,10282014,WECsys,GS23FBA013,,,,
MGAKL70135M,09172014,STERLING ROPE,SS125090092_40L883,40L883,000000000000,"Static Rope,1/2 In. dia.,300 ft. L",,,,Hardware,EA,3,1,494.47,1483.41,,,,,494.47,1483.41,0,,Department of the Air Force,,,,No,No,No,No,No,No,No,,GSA Advantage,Government SmartPay Card,,Standard,,23511,55445,0,0,10282014,WECsys,GS23FBA013,,,,
MGAKM34891M,09302014,WESCO,274102_4YPR4,4YPR4,000000000000,"Fold Out Rear Wheel Carriage,725 lb.",,,,Hardware,EA,2,1,1182.57,2365.14,,,,,1244.81,2489.62,62.24,,Department of the Air Force,,,,No,No,No,No,No,No,No,,GSA Advantage,Government SmartPay Card,,Standard,,78243,55445,0,0,10282014,WECsys,GS23FBA013,,,,
MPN-E-4G353-4M,10142014,BANJO,TF200_1MKJ6,1MKJ6,000000000000,"Bulkhead Tank Fitting, 2 In, Black, Poly",,,,Hardware,EA,12,1,23.74,284.88,,,,,23.74,284.88,0,,"Other, not listed",,,,No,No,No,No,No,No,No,,FAX,ETF,,Standard,,19902,55445,0,0,10282014,WECsys,GS23FBA013,,,,
MGAKM80400M,10272014,MILLER ELECTRIC,257213_34C380,34C380,000000000000,"Welding Helmet,Shade 8 to 13,Black",,,,Hardware,EA,1,1,345.69,345.69,,,,,345.69,345.69,0,,Department of the Army,,,,No,No,No,No,No,No,No,,GSA Advantage,Government SmartPay Card,,Standard,,75507,55445,0,0,10282014,WECsys,GS23FBA013,,,,
MGAKM80477M,10272014,AMERICOVER,4FR12100_6XWY3,6XWY3,000000000000,"Construction Film,Fire Retardant,12x100",,,,Hardware,EA,3,1,100.92,302.76,,,,,100.92,302.76,0,,Office of the Secretary of Defense,,,,No,No,No,No,No,No,No,,GSA Advantage,Government SmartPay Card,,Standard,,65473,55445,0,0,10282014,WECsys,GS23FBA013,,,,
MGAKM80805M,10272014,PASLODE,816000_4WL45,4WL45,000000000000,"Framing Tool Fuel Cell,PK2",,,,Hardware,PK,12,2,16.39,196.68,,,,,16.39,196.68,0,,Department of the Army,,,,No,No,No,No,No,No,No,,GSA Advantage,Government SmartPay Card,,Standard,,31905,55445,0,0,10282014,WECsys,GS23FBA013,,,,
MGAKM81423M,10272014,KABA ILCO,15395SC26D34532_1GAV6,1GAV6,000000000000,"Lockset Cylinder,Commercial,Schlage C",,,,Hardware,EA,10,1,20.63,206.3,,,,,20.63,206.3,0,,Department of Homeland Security,United States Coast Guard,,,No,No,No,No,No,No,No,,GSA Advantage,Government SmartPay Card,,Standard,,02542,55445,0,0,10282014,WECsys,GS23FBA013,,,,
MGAKM81577M,10272014,BUSSMANN,FRSR50_6A834,6A834,000000000000,"Fuse,RK5,FRS-R,50A,600VAC/300VDC",,,,Hardware,EA,6,1,22.67,136.02,,,,,22.67,136.02,0,,Department of Homeland Security,United States Coast Guard,,,No,No,No,No,No,No,No,,GSA Advantage,Government SmartPay Card,,Standard,,98134,55445,0,0,10282014,WECsys,GS23FBA013,,,,
MGAKM81748M,10272014,MAKITA,BL1830_4NNN2,4NNN2,000000000000,"Battery Pack,18V,Li-Ion,3A/hr.",,,,Tools and Tool Cabinets,EA,2,1,128.72,257.44,,,,,128.72,257.44,0,,Department of Homeland Security,United States Coast Guard,,,No,No,No,No,No,No,No,,GSA Advantage,Government SmartPay Card,,Standard,,02542,55445,0,0,10282014,WECsys,GS23FBA013,,,,
MGAKM81435M,10272014,MILLER - WELDCRAFT,AK225MFC_6UHJ9,6UHJ9,000000000000,"Tig Accessory Kit,FX",,,,Hardware,EA,1,1,423.56,423.56,,,,,423.56,423.56,0,,Department of the Navy,,,,No,No,No,No,No,No,No,,GSA Advantage,Government SmartPay Card,,Standard,,23511,55445,0,0,10282014,WECsys,GS23FBA013,,,,
MGAKM81435M,10272014,MILLER - WELDCRAFT,CS31025_6UGJ0,6UGJ0,000000000000,"Torch Kit,W-310,25 ft.,Braided",,,,Hardware,EA,1,1,541.09,541.09,,,,,541.09,541.09,0,,Department of the Navy,,,,No,No,No,No,No,No,No,,GSA Advantage,Government SmartPay Card,,Standard,,23511,55445,0,0,10282014,WECsys,GS23FBA013,,,,
M00010336386,08132014,BLACKHAWK,578-9796,578-9796,662679278885,99 PIECE SOCKET SET 1/4-3/8-1/2 DR. SAE/METRIC,,,,Tools and Tool Cabinets,ST,2,1,208.9,417.8,,,,,178.57,357.14,-30.33,,Department of the Navy,,,,No,No,No,No,No,No,No,,DoD Emall,Government SmartPay Card,,Standard,,23461,55445,0,0,10292014,WECsys,GS23FBA013,,,,
M00010336386,08132014,BLACKHAWK,578-9796,578-9796,662679278885,99 PIECE SOCKET SET 1/4-3/8-1/2 DR. SAE/METRIC,,,,Tools and Tool Cabinets,ST,2,1,208.9,417.8,,,,,178.57,357.14,-30.33,,Department of the Navy,,,,No,No,No,No,No,No,No,,DoD Emall,Government SmartPay Card,,Standard,,23461,55445,0,0,10292014,WECsys,GS23FBA013,,,,
N61751-4261-3106XXX,09192014,TINTCRETE,GRADLC16_15F520,15F520,000000000000,"Concrete Resurfacing, 50 lb Pail, Gray",,,,Hardware,EA,4,1,170,680,,,,,173.47,693.88,3.47,,Department of the Navy,,,,No,No,No,No,No,No,No,,E-mail,Government SmartPay Card,,Standard,,23512,55445,0,0,10292014,WECsys,GS23FBA013,,,,
N61751-4261-3106XXX,09192014,ACCUFORM SIGNS,MSTF612VP_8DGP1,8DGP1,000000000000,"Caution Sign, 10 x 14In, BK/YEL, PLSTC, ENG",,,,Hardware,EA,20,1,21.82,436.4,,,,,21.82,436.4,0,,Department of the Navy,,,,No,No,No,No,No,No,No,,E-mail,Government SmartPay Card,,Standard,,23512,55445,0,0,10292014,WECsys,GS23FBA013,,,,
N61751-4261-3106XXX,09192014,ACCUFORM SIGNS,MEQM191VP_9DVM1,9DVM1,000000000000,"Danger Sign, 10 x 14In, R and BK/WHT, PLSTC",,,,Hardware,EA,10,1,21.82,218.2,,,,,21.82,218.2,0,,Department of the Navy,,,,No,No,No,No,No,No,No,,E-mail,Government SmartPay Card,,Standard,,23512,55445,0,0,10292014,WECsys,GS23FBA013,,,,
N61751-4261-3106XXX,09192014,SURETEST,61164G_9TE53,9TE53,000000000000,"AC Circuit Analyzer, 85 to 265V",,,,Hardware,EA,1,1,384,384,,,,,385.86,385.86,1.86,,Department of the Navy,,,,No,No,No,No,No,No,No,,E-mail,Government SmartPay Card,,Standard,,23512,55445,0,0,10292014,WECsys,GS23FBA013,,,,
MGAKM75118M,10232014,MEC-O-MATIC,SR125_2P301,G2428745,000000000000,"Diaphragm Metering Pump,30 GPD,100 PSI",,,,Hardware,EA,5,1,327.96,1639.8,,,,,327.96,1639.8,0,,Department of the Army,,,,No,No,No,No,No,No,No,,GSA Advantage,Government SmartPay Card,,Standard,,72756,55445,0,0,10292014,WECsys,GS23FBA013,,,,
N5526242941601,10232014,UNITED ABRASIVES-SAIT,23804_1AUD8,G1218497,000000000000,"Abrsv Cut Whl,4-1/2 Dx0.090In T,7/8In AH",,,,Hardware,EA,10,1,3.43,34.3,,,,,3.43,34.3,0,,Department of the Navy,,,,No,No,No,No,No,No,No,,GSA Advantage,Government SmartPay Card,,Standard,,92136,55445,0,0,10292014,WECsys,GS23FBA013,,,,
N5526242941601,10232014,UNITED ABRASIVES-SAIT,23604_1AUB1,G3382285,000000000000,"Abrsv Cut Whl,4-1/2In D,0.045to0.125In T",,,,Hardware,EA,10,1,3.04,30.4,,,,,3.04,30.4,0,,Department of the Navy,,,,No,No,No,No,No,No,No,,GSA Advantage,Government SmartPay Card,,Standard,,92136,55445,0,0,10292014,WECsys,GS23FBA013,,,,
N5526242941601,10232014,UNITED ABRASIVES-SAIT,23101_1ATZ3,G2160767,000000000000,"Abrsv Cut Whl,4-1/2 Dx0.045In T",,,,Hardware,EA,20,1,2.86,57.2,,,,,2.86,57.2,0,,Department of the Navy,,,,No,No,No,No,No,No,No,,GSA Advantage,Government SmartPay Card,,Standard,,92136,55445,0,0,10292014,WECsys,GS23FBA013,,,,
M00010426283,10242014,PROTO,577-222G,J222G,662679030353,PLIER NEEDLE NOSE W/GRIP,,,,Tools and Tool Cabinets,EA,4,1,20.61,82.44,,,,,18.06,72.24,-2.55,,Department of the Army,,,,No,No,No,No,No,No,No,,DoD Emall,Government SmartPay Card,,Standard,,07806,08512,0,0,10292014,WECsys,GS23FBA013,,,,
MGAKM83246M,10282014,STA-KON,2RB14_3KF23,3KF23,000000000000,"Butt Splice Connector,Blue,PK100",,,,Hardware,PK,2,100,57.7,115.4,,,,,57.7,115.4,0,,Independent U.S. Government Offices,,,,No,No,No,No,No,No,No,,GSA Advantage,Government SmartPay Card,,Standard,,20151,55445,0,0,10292014,WECsys,GS23FBA013,,,,
MGAKM84868M,10282014,TAYMAC,MM510G_38R663,38R663,000000000000,"Outlet Cover,1 Gang,In Use,Deep,Gray",,,,Hardware,EA,9,1,11.91,107.19,,,,,11.91,107.19,0,,Department of Homeland Security,United States Coast Guard,,,No,No,No,No,No,No,No,,GSA Advantage,Government SmartPay Card,,Standard,,02542,55445,0,0,10292014,WECsys,GS23FBA013,,,,
M00010429357,10282014,KLEIN TOOLS,63060_4JA44,4JA44,000000000000,"Cable Cutter,Shear Cut,10 In",,,,Tools and Tool Cabinets,EA,2,1,296.63,593.26,,,,,321.31,642.62,24.68,,Office of the Secretary of Defense,Defense Logistics Agency,,,No,No,No,No,No,No,No,,DoD Emall,Government SmartPay Card,,Standard,,43213,55445,0,0,10292014,WECsys,GS23FBA013,,,,
N246-15-X-1052,10282014,MAG-MATE,309S1_35T122,35T122,000000000000,"Telescop Mirror,Glass,2-1/4 In,36-1/2 L",,,,Tools and Tool Cabinets,EA,5,1,22.51,112.55,,,,,22.51,112.55,0,,Department of the Navy,,,,No,No,No,No,No,No,No,,GSA Advantage,Government SmartPay Card,,Standard,,92135,55445,0,0,10292014,WECsys,GS23FBA013,,,,
MGAKM85497M,10282014,JET,HP15A_42W948,42W948,000000000000,HP-15A HYDRAULIC PRESS 15T,,,,Tools and Tool Cabinets,EA,1,1,2332.84,2332.84,,,,,2332.84,2332.84,0,,Department of Homeland Security,United States Coast Guard,,,No,No,No,No,No,No,No,,GSA Advantage,Government SmartPay Card,,Standard,,98624,55445,0,0,10302014,WECsys,GS23FBA013,,,,
M00010430002,10292014,WOOSTER,R2329_1EKL3,1EKL3,000000000000,"Paint Roller Cover,9 In,Nap 1/4 In",,,,"Paints, Adhesives and Sealants",EA,20,1,6.62,132.4,,,,,6.78,135.6,0.16,,Department of the Army,,,,No,No,No,No,No,No,No,,DoD Emall,Government SmartPay Card,,Standard,,39180,55445,0,0,10302014,WECsys,GS23FBA013,,,,
M00010430002,10292014,WOOSTER,R23218_1EKL4,1EKL4,000000000000,"Paint Roller Cover,18 In,Nap 1/4 In",,,,"Paints, Adhesives and Sealants",EA,10,1,16.46,164.6,,,,,18.19,181.9,1.73,,Department of the Army,,,,No,No,No,No,No,No,No,,DoD Emall,Government SmartPay Card,,Standard,,39180,55445,0,0,10302014,WECsys,GS23FBA013,,,,
M00010430002,10292014,WOOSTER,R9149_6WB37,6WB37,000000000000,Paint Roller Kit,,,,"Paints, Adhesives and Sealants",EA,5,1,16.51,82.55,,,,,16.92,84.6,0.41,,Department of the Army,,,,No,No,No,No,No,No,No,,DoD Emall,Government SmartPay Card,,Standard,,39180,55445,0,0,10302014,WECsys,GS23FBA013,,,,
MGAKM87436M,10292014,TASCO,15584PC_8TN28,8TN28,000000000000,"Faceshield Window,Polycarbonate,8x15.5In",,,,Hardware,EA,21,1,4.77,100.17,,,,,4.77,100.17,0,,Department of Homeland Security,"DHS, Customs and Border Protection",,,No,No,No,No,No,No,No,,GSA Advantage,Government SmartPay Card,,Standard,,33132,55445,0,0,10302014,WECsys,GS23FBA013,,,,
MGAKM88700M,10292014,FLUKE,Fluke203411440mA_3LW11,3LW11,000000000000,"Fuse,440mA,DMM,1000VAC,F/Multimeter",,,,Hardware,EA,10,1,10.72,107.2,,,,,10.72,107.2,0,,Department of the Interior,National Park Service,,,No,No,No,No,No,No,No,,GSA Advantage,Government SmartPay Card,,Standard,,95318,55445,0,0,10302014,WECsys,GS23FBA013,,,,
MGAKM89065M,10292014,FIBRE-METAL BY HONEYWELL,E1SW74A000_23V806,23V806,000000000000,"Hard Hat,Full Brim,E/G/C,SwingStrap,Grn",,,,Hardware,EA,10,1,38.05,380.5,,,,,38.05,380.5,0,,Department of the Interior,National Park Service,,,No,No,No,No,No,No,No,,GSA Advantage,Government SmartPay Card,,Standard,,98362,55445,0,0,10302014,WECsys,GS23FBA013,,,,
MGAKM89223M,10292014,WESTWARD,6ZGT9_6ZGT9,6ZGT9,000000000000,"Foam Insert,EVA,Black/Blue,For 1CLG1",,,,Tools and Tool Cabinets,EA,3,1,47.45,142.35,,,,,47.45,142.35,0,,Department of Homeland Security,United States Coast Guard,,,No,No,No,No,No,No,No,,GSA Advantage,Government SmartPay Card,,Standard,,29405,55445,0,0,10302014,WECsys,GS23FBA013,,,,
MGAKM89223M,10292014,WESTWARD,5TZE4_5TZE4,5TZE4,000000000000,"Quick Release Ratchet, 3/8"" Dr,8"" L",,,,Tools and Tool Cabinets,EA,2,1,18.7,37.4,,,,,18.7,37.4,0,,Department of Homeland Security,United States Coast Guard,,,No,No,No,No,No,No,No,,GSA Advantage,Government SmartPay Card,,Standard,,29405,55445,0,0,10302014,WECsys,GS23FBA013,,,,
MGAKM89223M,10292014,WESTWARD,5TZE5_5TZE5,5TZE5,000000000000,"Quick Release Ratchet, 1/2"" Dr,10"" L",,,,Tools and Tool Cabinets,EA,2,1,28.73,57.46,,,,,28.73,57.46,0,,Department of Homeland Security,United States Coast Guard,,,No,No,No,No,No,No,No,,GSA Advantage,Government SmartPay Card,,Standard,,29405,55445,0,0,10302014,WECsys,GS23FBA013,,,,
596-P502867,10292014,HPC,KEKABT120X_2KJZ9,2KJZ9,000000000000,"Two Tag Key Cabinet,120 Key Capacity",,,,Hardware,EA,1,1,542.57,542.57,,,,,542.57,542.57,0,,Department of Veterans Affairs,,,,No,No,No,No,No,No,No,,Phone,Government SmartPay Card,,Standard,,40502,55445,0,0,10302014,WECsys,GS23FBA013,,,,
MGAKL79977M,10312014,KAPPLER,Z1S412SMMD_3PLF8,3PLF8,000000000000,"Collared Zytron(R) 100,Yellow,Open,S/M",,,,Hardware,EA,-8,1,19.51,-156.08,,,,,19.51,-156.08,0,,Department of the Air Force,,,,No,No,No,No,No,No,No,,GSA Advantage,Government SmartPay Card,,Standard,,96368,55445,0,0,10312014,WECsys,GS23FBA013,,,,
MGAKM89877M,10292014,WELLER,WESD51_2UV18,2UV18,000000000000,"Soldering Station,50 W,Digital,350-850 F",,,,Hardware,EA,2,1,247.14,494.28,,,,,247.14,494.28,0,,Department of the Air Force,,,,No,No,No,No,No,No,No,,GSA Advantage,Government SmartPay Card,,Standard,,94535,55445,0,0,10312014,WECsys,GS23FBA013,,,,
TML2015TG081,10302014,LITTLE GIANT,PE1_3P734,3P734,000000000000,"Pump,Submersible",,,,Hardware,EA,5,1,83.43,417.15,,,,,83.43,417.15,0,,Department of the Air Force,,,,No,No,No,No,No,No,No,,GSA Advantage,Government SmartPay Card,,Standard,,32925,55445,0,0,10312014,WECsys,GS23FBA013,,,,
MGAKM90524M,10302014,DICKSON,P222_1LXJ5,1LXJ5,000000000000,"Chart Recorder Pens,Red,Pk6",,,,Hardware,PK,3,6,45.54,136.62,,,,,45.54,136.62,0,,Department of Homeland Security,United States Coast Guard,,,No,No,No,No,No,No,No,,GSA Advantage,Government SmartPay Card,,Standard,,20598,55445,0,0,10312014,WECsys,GS23FBA013,,,,
MGAKM90837M-QNA506,10302014,APPROVED VENDOR,2VAL8_2VAL8,2VAL8,000000000000,"Soap Dish,Chrome",,,,Hardware,EA,13,1,7.93,103.09,,,,,7.93,103.09,0,,Department of Homeland Security,United States Coast Guard,,,No,No,No,No,No,No,No,,GSA Advantage,Government SmartPay Card,,Standard,,08204,55445,0,0,10312014,WECsys,GS23FBA013,,,,
SRS50015V0065,10292014,SUPER-STRUT,C7102B_2HCK4,2HCK4,000000000000,"Clevis Hanger,Adjustable,2 In,Black",,,,Hardware,EA,40,1,4.35,174,,,,,4.35,174,0,,Department of State,,,,No,No,No,No,No,No,No,,GSA Advantage,Government SmartPay Card,,Standard,,20521,55445,0,0,10312014,WECsys,GS23FBA013,,,,
SRS50015V0065,10292014,SUPER-STRUT,C7103B_2HCK6,2HCK6,000000000000,"Clevis Hanger,Adjustable,3 In,Black",,,,Hardware,EA,20,1,7.07,141.4,,,,,7.07,141.4,0,,Department of State,,,,No,No,No,No,No,No,No,,GSA Advantage,Government SmartPay Card,,Standard,,20521,55445,0,0,10312014,WECsys,GS23FBA013,,,,
SRS50015V0065,10292014,SUPER-STRUT,C7104B_2HCK7,2HCK7,000000000000,"Clevis Hanger,Adjustable,4 In,Black",,,,Hardware,EA,20,1,9.84,196.8,,,,,9.84,196.8,0,,Department of State,,,,No,No,No,No,No,No,No,,GSA Advantage,Government SmartPay Card,,Standard,,20521,55445,0,0,10312014,WECsys,GS23FBA013,,,,
MGAKM91446M,10302014,BAND-IT,GRE114_5DLE9,5DLE9,000000000000,"Zip Tie,Coated SS ,1/4 x 18 In,Pk 50",,,,Hardware,PK,1,50,210.67,210.67,,,,,210.67,210.67,0,,Department of Agriculture,Animal and Plant Health Inspection Service (DHS Code 7053),,,No,No,No,No,No,No,No,,GSA Advantage,Government SmartPay Card,,Standard,,78520,55445,0,0,10312014,WECsys,GS23FBA013,,,,
MGAKM91367M,10302014,BEL-ART - SCIENCEWARE,F248804003_9EEL3,9EEL3,000000000000,Eye Wash Station With Neutralizer,,,,Hardware,EA,2,1,91.91,183.82,,,,,91.91,183.82,0,,Department of Homeland Security,United States Coast Guard,,,No,No,No,No,No,No,No,,GSA Advantage,Government SmartPay Card,,Standard,,13126,55445,0,0,10312014,WECsys,GS23FBA013,,,,
MGAKM91873M,10302014,DAYTON,1FYX3_1FYX3,1FYX3,000000000000,"Drill Press Guard,1-3/4 to 3-1/2 Quill",,,,Tools and Tool Cabinets,EA,1,1,180.12,180.12,,,,,180.12,180.12,0,,Department of Health and Human Services,Center for Disease Control,,,No,No,No,No,No,No,No,,GSA Advantage,Government SmartPay Card,,Standard,,15236,55445,0,0,10312014,WECsys,GS23FBA013,,,,
MGAKM91938M,10302014,DAYTON,6W855_6W855,6W855,000000000000,"Cnvrtbl Hnd Trck,800 lb.,58 x 20""",,,,Hardware,EA,1,1,339.54,339.54,,,,,339.54,339.54,0,,Department of the Air Force,,,,No,No,No,No,No,No,No,,GSA Advantage,Government SmartPay Card,,Standard,,32542,55445,0,0,10312014,WECsys,GS23FBA013,,,,
MGAKM91796M/19185,10302014,GENERAL ELECTRIC,CR306D003_6VDH7,6VDH7,000000000000,"Magnetic Motor Starter,NEMA,240V,3P,45A",,,,Hardware,EA,1,1,783.06,783.06,,,,,783.06,783.06,0,,Department of the Air Force,,,,No,No,No,No,No,No,No,,GSA Advantage,Government SmartPay Card,,Standard,,93524,55445,0,0,10312014,WECsys,GS23FBA013,,,,
