ORDER_NUMBER,ORDER_DATE,MANUFACTURER_NAME,MANUFACTURER_PART_NUMBER,SUPPLIER_PART_NUMBER,UPC_A_CODE,PROD_DESCR,PSC_CODE,FSC_CODE,UNSPSC_CODE,SOLUTION_SUBCATEGORY,UOI,QTY,UOI_QTY,BPA_PRICE,BPA_EXTENDED_PRICE,PRICE_PAID,COMM_LIST_PRICE,DEBIT_CREDIT_INDICATOR,PRICE_PAID_EXT,MAS_EXTENDED_PRICE,MAS_PRICE,FMIS_AGENCY_CODE,DISCOUNT_AMOUNT,SUB_AGENCY_NAME_1,AGENCY_NAME,SUB_AGENCY_NAME_3,SUB_AGENCY_NAME_2,ABILITY_ONE_FLAG,MKT_BASKET_IND,BIOPREFERRED_IND,CPG_INDICATOR,WATERSENSE_IND,REMANUFACTURED_IND,BERRY_AMENDMENT_IND,ENERGYSTAR_IND,PAY_DATE,DELIVERY_METHOD,SALES_CH,PAY_METHOD,FROM_ZIP_CODE,FRGT_CHARGE,SHIP_WEIGHT,TO_ZIP_CODE,SUPPLIER_NAME,FSSI_CONTRACT_NO,SUPPL_FEE,FULFILL_DATE,DUNS_NO,DODAAC,MAJCOM,TRANSACTION_NO
LGAKL12280L,09162014,SUREFIRE,E2DLBK,E2DLBK,084871311281,E2DLBK: Pocket-sized Dual-output LED - EA,HARDWARE,,,,EA,2,1,105.19,210.38,10.55,,,D,115.74,231.48,,,Department Of Justice,Department Of Justice,,,Yes,No,No,No,No,No,No,,GSA Advantage,Government SmartPay Card,,Standard,,19801,60560,0,0,11202014,DOCUMENT IMAGING DIMENSIONS,GS23FBA016,,,,
0GG-1696,09162014,SUREFIRE,E2DLBK,E2DLBK,084871311281,E2DLBK: Pocket-sized Dual-output LED - EA,HARDWARE,,,,EA,5,1,105.19,525.95,10.55,,,D,115.74,578.7,,,Department Of The Air Force,Department Of The Air Force,,,Yes,No,No,No,No,No,No,,Vendor Portal,Government SmartPay Card,,Standard,,36112,60560,0,0,11202014,DOCUMENT IMAGING DIMENSIONS,GS23FBA016,,,,
STS80014F0092,09292014,GE LIGHTING,MVR175VBUPA,MVR175VBUPA,000000000000,MISC_ITEM: MVR175/VBU/PA: 175 WATT CLEAR M137/E M152/E ED23.5 PULSE START METAL HALIDE BULB - EA,HARDWARE,,,,EA,50,1,34.46,1723,36.29,,,D,70.75,3537.5,,,Department Of State,Department Of State,,,No,No,No,No,No,No,No,,Vendor Portal,Government SmartPay Card,,Standard,,29415,60560,0,0,11062014,DOCUMENT IMAGING DIMENSIONS,GS23FBA016,,,,
HSCG27-14-F-PFP237,10022014,PANDUIT,JBX3510IWA,JBX3510IWA,000000000000,MISC_ITEM: JBX3510IW-A:2PC JUNCTION BOX - EA,HARDWARE,,,,EA,20,1,4.36,87.2,6.98,,,D,11.34,226.8,,,Department Of Homeland Security,United States Coast Guard,,,No,No,No,No,No,No,No,,Phone,Government SmartPay Card,,Standard,,23327,60560,0,0,11262014,DOCUMENT IMAGING DIMENSIONS,GS23FBA016,,,,
LGAKM70385L,11042014,EVEREADY,EVEE91SBP36H,EVEE91SBP36H,039800068194,"EVEE91SBP36H: BATTERY,ENERGIZER,AA,36PK - PK",HARDWARE,,,,PK,2,36,25.62,51.24,6.65,,,D,32.27,64.54,,,General Services Administration,General Services Administration,,,No,No,No,No,No,No,No,,GSA Advantage,Government SmartPay Card,,Standard,,80225,60560,0,0,11052014,DOCUMENT IMAGING DIMENSIONS,GS23FBA016,,,,
SAP-23OCT14/411001N,10312014,PEERLESS,ST650P,ST650P,000000000000,"ST650P: Tilt TV Mount,32 to 56 in Fla - EA",HARDWARE,,,,EA,1,1,143.39,143.39,10.53,,,D,153.92,153.92,,,Department Of Veterans Affairs,Department Of Veterans Affairs,,,No,No,No,No,No,No,No,,Vendor Portal,Government SmartPay Card,,Standard,,60064,60560,0,0,11032014,DOCUMENT IMAGING DIMENSIONS,GS23FBA016,,,,
R50957,10242014,BROTHER,TZe2312PK,TZe2312PK,000000000000,"TZe2312PK: Label Tape,Black/White,26-1/5 - PK",HARDWARE,,,,PK,1,2,43.81,43.81,3.22,,,D,47.03,47.03,,,Department Of Veterans Affairs,Department Of Veterans Affairs,,,No,No,No,No,No,No,No,,Vendor Portal,Government SmartPay Card,,Standard,,60612,60560,0,0,11102014,DOCUMENT IMAGING DIMENSIONS,GS23FBA016,,,,
15P010,10272014,AbilityOne,6260010744229,6260010744229,000000000000,6260010744229: CHEMLIGHT LIGHTSTICKS - GREEN - BX,HARDWARE,,,,BX,15,10,12.43,186.45,0.97,,,D,13.4,201,,,Department Of Homeland Security,Department Of Homeland Security,,,Yes,Yes,No,No,No,No,No,,Vendor Portal,Government SmartPay Card,,Standard,,85004,60560,0,0,11142014,DOCUMENT IMAGING DIMENSIONS,GS23FBA016,,,,
15P010,10272014,AbilityOne,6260011785559,6260011785559,000000000000,"6260011785559: CHEMLIGHT LIGHTSTICKS - RED, - BX",HARDWARE,,,,BX,15,10,14.33,214.95,1.11,,,D,15.44,231.6,,,Department Of Homeland Security,Department Of Homeland Security,,,Yes,Yes,No,No,No,No,No,,Vendor Portal,Government SmartPay Card,,Standard,,85004,60560,0,0,11142014,DOCUMENT IMAGING DIMENSIONS,GS23FBA016,,,,
556-R51385/401008,11042014,ULTRATECH,14N916,14N916,000000000000,"14N916: Electrical Cord Cover,Black/Y - EA",HARDWARE,,,,EA,4,1,55.03,220.12,4.04,,,D,59.07,236.28,,,Department Of Veterans Affairs,Department Of Veterans Affairs,,,No,No,No,No,No,No,No,,Vendor Portal,Government SmartPay Card,,Standard,,60064,60560,0,0,11052014,DOCUMENT IMAGING DIMENSIONS,GS23FBA016,,,,
556-R51385/401008,11042014,ULTRATECH,14N918,14N918,000000000000,"14N918: Electrical Cord Cover,Black,3 - EA",HARDWARE,,,,EA,4,1,55.03,220.12,4.04,,,D,59.07,236.28,,,Department Of Veterans Affairs,Department Of Veterans Affairs,,,No,No,No,No,No,No,No,,Vendor Portal,Government SmartPay Card,,Standard,,60064,60560,0,0,11052014,DOCUMENT IMAGING DIMENSIONS,GS23FBA016,,,,
695-R52772,10302014,Tripp-Lite,TRPTLP606B,TRPTLP606B,000000000000,"TRPTLP606B: Surge Suppressor, 6 Outlets,  - EA",HARDWARE,,,,EA,10,1,9.85,98.5,1.48,,,D,11.33,113.3,,,Department Of Veterans Affairs,Department Of Veterans Affairs,,,Yes,No,No,No,No,No,No,,Vendor Portal,Government SmartPay Card,,Standard,,54914,60560,0,0,11062014,DOCUMENT IMAGING DIMENSIONS,GS23FBA016,,,,
LGAKM92540L,10302014,ENERGIZER,EN22,EN22,000000000000,"EN22: Battery,Alkaline,9V,PK 12 - PK",HARDWARE,,,,PK,2,12,32.23,64.46,2.37,,,D,34.6,69.2,,,Department Of Homeland Security,Department Of Homeland Security,,,No,No,No,No,No,No,No,,GSA Advantage,Government SmartPay Card,,Standard,,16505,60560,0,0,11042014,DOCUMENT IMAGING DIMENSIONS,GS23FBA016,,,,
LGAKM92540L,10302014,EVEREADY,L91BP8,L91BP8,000000000000,"L91BP8: Battery,AA,Lithium,PK 8 - PK",HARDWARE,,,,PK,2,8,14.31,28.62,2.69,,,D,17,34,,,Department Of Homeland Security,Department Of Homeland Security,,,Yes,No,No,No,No,No,No,,GSA Advantage,Government SmartPay Card,,Standard,,16505,60560,0,0,11042014,DOCUMENT IMAGING DIMENSIONS,GS23FBA016,,,,
LGAKM92540L,10302014,DURACELL,MN2400B8Z,MN2400B8Z,000000000000,"MN2400B8Z: Battery,Alkaline,AAA,PK 8 - PK",HARDWARE,,,,PK,2,8,11.34,22.68,0.84,,,D,12.18,24.36,,,Department Of Homeland Security,Department Of Homeland Security,,,No,No,No,No,No,No,No,,GSA Advantage,Government SmartPay Card,,Standard,,16505,60560,0,0,11042014,DOCUMENT IMAGING DIMENSIONS,GS23FBA016,,,,
LGAKM90277L,10302014,BRADLEY,107371,107371,000000000000,"107371: Eyewash Dust Cap,7x.125,1.25  - EA",HARDWARE,,,,EA,6,1,7.67,46.02,0.57,,,D,8.24,49.44,,,Department Of The Air Force,Department Of The Air Force,,,No,No,No,No,No,No,No,,GSA Advantage,Government SmartPay Card,,Standard,,20762,60560,0,0,11032014,DOCUMENT IMAGING DIMENSIONS,GS23FBA016,,,,
LGAKM89724L,10302014,MEDI-FIRST,80213,80213,000000000000,"80213: Antacid,Chewable Tablet,420mg - PK",HARDWARE,,,,PK,2,1,23.35,46.7,1.72,,,D,25.07,50.14,,,Department Of Energy,Western Area Power Administration,,,No,No,No,No,No,No,No,,GSA Advantage,Government SmartPay Card,,Standard,,80538,60560,0,0,11032014,DOCUMENT IMAGING DIMENSIONS,GS23FBA016,,,,
LGAKM87656L,10302014,3M,8AE30,8AE30,000000000000,"8AE30: Surgical Tape,Clear,1 In. W,P - PK",HARDWARE,,,,PK,1,1,38.77,38.77,2.85,,,D,41.62,41.62,,,Office Of The Secretary Of Defense,Office Of The Secretary Of Defense,,,No,No,No,No,No,No,No,,GSA Advantage,Government SmartPay Card,,Standard,,22060,60560,0,0,11032014,DOCUMENT IMAGING DIMENSIONS,GS23FBA016,,,,
LGAKM85510L,10302014,VIEGA PROPRESS,77342,77342,000000000000,"77342: Elbow, 90 deg.,Copper,P x P,2 - EA",HARDWARE,,,,EA,8,1,53.55,428.4,3.93,,,D,57.48,459.84,,,Department Of The Interior,Bureau of Reclamation,,,No,No,No,No,No,No,No,,GSA Advantage,Government SmartPay Card,,Standard,,89005,60560,0,0,11032014,DOCUMENT IMAGING DIMENSIONS,GS23FBA016,,,,
LGAKM85510L,10302014,VIEGA PROPRESS,77632,77632,000000000000,"77632: Elbow, P x P,2 x 2 In. - EA",HARDWARE,,,,EA,1,1,46.66,46.66,3.43,,,D,50.09,50.09,,,Department Of The Interior,Bureau of Reclamation,,,No,No,No,No,No,No,No,,GSA Advantage,Government SmartPay Card,,Standard,,89005,60560,0,0,11032014,DOCUMENT IMAGING DIMENSIONS,GS23FBA016,,,,
LGAKM85510L,10302014,VIEGA PROPRESS,79150,79150,000000000000,"79150: Union,Low Lead Bronze,P x P,2 - EA",HARDWARE,,,,EA,4,1,175.49,701.96,12.88,,,D,188.37,753.48,,,Department Of The Interior,Bureau of Reclamation,,,No,No,No,No,No,No,No,,GSA Advantage,Government SmartPay Card,,Standard,,89005,60560,0,0,11032014,DOCUMENT IMAGING DIMENSIONS,GS23FBA016,,,,
LGAKM85510L,10302014,VIEGA PROPRESS,79290,79290,000000000000,"79290: Adapter,Low Lead Bronze,P x M - EA",HARDWARE,,,,EA,4,1,77.18,308.72,5.67,,,D,82.85,331.4,,,Department Of The Interior,Bureau of Reclamation,,,No,No,No,No,No,No,No,,GSA Advantage,Government SmartPay Card,,Standard,,89005,60560,0,0,11032014,DOCUMENT IMAGING DIMENSIONS,GS23FBA016,,,,
LGAKM85510L,10302014,VIEGA PROPRESS,79370,79370,000000000000,"79370: Adapter,Low Lead Bronze,P x F - EA",HARDWARE,,,,EA,2,1,83.28,166.56,6.12,,,D,89.4,178.8,,,Department Of The Interior,Bureau of Reclamation,,,No,No,No,No,No,No,No,,GSA Advantage,Government SmartPay Card,,Standard,,89005,60560,0,0,11032014,DOCUMENT IMAGING DIMENSIONS,GS23FBA016,,,,
LGAKM85415L,11032014,VELCRO,189755,189755,000000000000,"189755: Self Gripping Strap,W 1/2 Inx - EA",HARDWARE,,,,EA,2,1,33.21,66.42,2.44,,,D,35.65,71.3,,,Department Of The Air Force,Department Of The Air Force,,,No,No,No,No,No,No,No,,GSA Advantage,Government SmartPay Card,,Standard,,50321,60560,0,0,11042014,DOCUMENT IMAGING DIMENSIONS,GS23FBA016,,,,
LGAKM85247L,10302014,GRAINGER,54553,54553,000000000000,"54553: Vehicle First Aid Kit,Bulk,76 - EA",HARDWARE,,,,EA,1,1,45.27,45.27,3.33,,,D,48.6,48.6,,,Department Of Agriculture,Forest Service,,,No,No,No,No,No,No,No,,GSA Advantage,Government SmartPay Card,,Standard,,85205,60560,0,0,11032014,DOCUMENT IMAGING DIMENSIONS,GS23FBA016,,,,
LGAKM84510L,10302014,PELTOR,247H10AHV,247H10AHV,000000000000,247H10AHV: PELTOR OPTIME 105 H10 HI-VIZ - EA,HARDWARE,,,,EA,15,1,17.66,264.9,6.46,,,D,24.12,361.8,,,Department Of The Air Force,Department Of The Air Force,,,Yes,No,No,No,No,No,No,,GSA Advantage,Government SmartPay Card,,Standard,,93437,60560,0,0,11122014,DOCUMENT IMAGING DIMENSIONS,GS23FBA016,,,,
556-R51485/2015M1,11052014,DYMO,45803,45803,000000000000,"45803: Tape,Black/White,23 ft. L,3/4 - EA",HARDWARE,,,,EA,2,1,41.64,83.28,3.06,,,D,44.7,89.4,,,Department Of Veterans Affairs,Department Of Veterans Affairs,,,No,No,No,No,No,No,No,,Vendor Portal,Government SmartPay Card,,Standard,,60064,60560,0,0,11062014,DOCUMENT IMAGING DIMENSIONS,GS23FBA016,,,,
LGAKM95714L,11032014,AbilityOne,8115001178249,8115001178249,000000000000,NSN1178249: 8115001178249 BOXSTR25/BD - BD,HARDWARE,,,,BD,1,25,57.12,57.12,34.09,,,D,91.21,91.21,,,Department Of Veterans Affairs,Department Of Veterans Affairs,,,Yes,Yes,No,No,No,No,No,,GSA Advantage,Government SmartPay Card,,Standard,,01053,60560,0,0,11052014,DOCUMENT IMAGING DIMENSIONS,GS23FBA016,,,,
LGAKM94552L,11032014,BRADY,65371,65371,000000000000,65371: Fext Recharge & Mal Nt Rcd Ta - PK,HARDWARE,,,,PK,2,1,50.55,101.1,3.71,,,D,54.26,108.52,,,General Services Administration,General Services Administration,,,No,No,No,No,No,No,No,,GSA Advantage,Government SmartPay Card,,Standard,,13607,60560,0,0,11052014,DOCUMENT IMAGING DIMENSIONS,GS23FBA016,,,,
LGAKM93514L,11032014,COVIDIEN,KMCB019600,KMCB019600,000000000000,"KMCB019600: Cotton Balls,Non-Sterile,Cott - PK",HARDWARE,,,,PK,6,1,7.01,42.06,0.52,,,D,7.53,45.18,,,Department Of Homeland Security,Public Health Service,,,No,No,No,No,No,No,No,,GSA Advantage,Government SmartPay Card,,Standard,,85131,60560,0,0,11052014,DOCUMENT IMAGING DIMENSIONS,GS23FBA016,,,,
LGAKM99579L,11052014,PELTOR,247H10AHV,247H10AHV,000000000000,247H10AHV: PELTOR OPTIME 105 H10 HI-VIZ - EA,HARDWARE,,,,EA,5,1,17.66,88.3,6.46,,,D,24.12,120.6,,,Department Of The Army,Corps of Engineers,,,Yes,No,No,No,No,No,No,,GSA Advantage,Government SmartPay Card,,Standard,,97452,60560,0,0,11182014,DOCUMENT IMAGING DIMENSIONS,GS23FBA016,,,,
LGAKM98659L,11052014,BROTHER,TZe2312PK,TZe2312PK,000000000000,"TZe2312PK: Label Tape,Black/White,26-1/5 - PK",HARDWARE,,,,PK,1,1,43.81,43.81,3.22,,,D,47.03,47.03,,,Department Of The Army,Corps of Engineers,,,No,No,No,No,No,No,No,,GSA Advantage,Government SmartPay Card,,Standard,,39180,60560,0,0,11062014,DOCUMENT IMAGING DIMENSIONS,GS23FBA016,,,,
LGAKM98372L,11052014,3M,24A645,24A645,000000000000,"24A645: Double Sided Tape,1 In x 55 y - EA",HARDWARE,,,,EA,1,1,38.87,38.87,2.86,,,D,41.73,41.73,,,Department Of The Navy,Department Of The Navy,,,No,No,No,No,No,No,No,,GSA Advantage,Government SmartPay Card,,Standard,,23521,60560,0,0,11062014,DOCUMENT IMAGING DIMENSIONS,GS23FBA016,,,,
LGAKM98183L,11052014,PELICAN,5622360,5622360,000000000000,5622360: FLASHLIGHT LED - EA,HARDWARE,,,,EA,10,1,34.7,347,5.17,,,D,39.87,398.7,,,Department Of Homeland Security,United States Coast Guard,,,Yes,No,No,No,No,No,No,,GSA Advantage,Government SmartPay Card,,Standard,,27909,60560,0,0,11182014,DOCUMENT IMAGING DIMENSIONS,GS23FBA016,,,,
R51630,11072014,COMMAND,17204,17204,000000000000,"17204: Medium Picture Hanging Strip, - PK",HARDWARE,,,,PK,10,1,8.58,85.8,0.63,,,D,9.21,92.1,,,Department Of The Navy,Department Of The Navy,,,No,No,No,No,No,No,No,,Vendor Portal,Government SmartPay Card,,Standard,,60064,60560,0,0,11102014,DOCUMENT IMAGING DIMENSIONS,GS23FBA016,,,,
LGAKN09191L,11072014,VELCRO,90197,90197,000000000000,"90197: Velcro,W 2 In,L 5 Yd,Black - EA",HARDWARE,,,,EA,2,1,64.33,128.66,4.72,,,D,69.05,138.1,,,Department Of Homeland Security,Department Of Homeland Security,,,No,No,No,No,No,No,No,,GSA Advantage,Government SmartPay Card,,Standard,,15231,60560,0,0,11102014,DOCUMENT IMAGING DIMENSIONS,GS23FBA016,,,,
LGAKN09074L,11102014,WESCO,272748,272748,000000000000,MISC_OFFICEPRODUCTS: 272748 - Pallet Jack - EA,HARDWARE,,,,EA,1,1,312.73,312.73,27.19,,,D,339.92,339.92,,,Office Of The Secretary Of Defense,Office Of The Secretary Of Defense,,,No,No,No,No,No,No,No,,GSA Advantage,Government SmartPay Card,,Standard,,20755,60560,0,0,11182014,DOCUMENT IMAGING DIMENSIONS,GS23FBA016,,,,
LGAKN08717L,11072014,SANTRONICS INC,8AAF1,8AAF1,000000000000,"8AAF1: Voltage Detector,50 to 1000VA - EA",HARDWARE,,,,EA,2,1,34.84,69.68,2.56,,,D,37.4,74.8,,,Department Of Labor,Department Of Labor,,,No,No,No,No,No,No,No,,GSA Advantage,Government SmartPay Card,,Standard,,73069,60560,0,0,11102014,DOCUMENT IMAGING DIMENSIONS,GS23FBA016,,,,
LGAKN08717L,11072014,EVEREADY,L91BP8,L91BP8,000000000000,"L91BP8: Battery,AA,Lithium,PK 8 - PK",HARDWARE,,,,PK,2,8,14.31,28.62,2.69,,,D,17,34,,,Department Of Labor,Department Of Labor,,,Yes,No,No,No,No,No,No,,GSA Advantage,Government SmartPay Card,,Standard,,73069,60560,0,0,11102014,DOCUMENT IMAGING DIMENSIONS,GS23FBA016,,,,
LGAKN06686L,11072014,FIRST AID ONLY,FAE6013,FAE6013,000000000000,"FAE6013: Moleskin,Flexible Fabric,PK 1 - PK",HARDWARE,,,,PK,5,1,5.76,28.8,0.43,,,D,6.19,30.95,,,Department Of Housing And Urban Development,Inspector General,,,No,No,No,No,No,No,No,,GSA Advantage,Government SmartPay Card,,Standard,,19107,60560,0,0,11102014,DOCUMENT IMAGING DIMENSIONS,GS23FBA016,,,,
LGAKN06354L,11072014,PLANO MOLDING,2360001,2360001,000000000000,"2360001: Compartment Box,6 to 21 Compa - EA",HARDWARE,,,,EA,150,1,8.15,1222.5,0.6,,,D,8.75,1312.5,,,Department Of The Air Force,Department Of The Air Force,,,No,No,No,No,No,No,No,,GSA Advantage,Government SmartPay Card,,Standard,,31098,60560,0,0,11112014,DOCUMENT IMAGING DIMENSIONS,GS23FBA016,,,,
LGAKN06217L,11072014,AbilityOne,8115001178249,8115001178249,000000000000,NSN1178249: 8115001178249 BOXSTR25/BD - BD,HARDWARE,,,,BD,2,25,57.12,114.24,34.09,,,D,91.21,182.42,,,Department Of Veterans Affairs,Department Of Veterans Affairs,,,Yes,Yes,No,No,No,No,No,,GSA Advantage,Government SmartPay Card,,Standard,,45220,60560,0,0,11102014,DOCUMENT IMAGING DIMENSIONS,GS23FBA016,,,,
LGAKN05613L,11072014,SWAN,CSNCPM5875,CSNCPM5875,000000000000,"CSNCPM5875: Water Hose,Rnfrcd Rubr,5/8 In - EA",HARDWARE,,,,EA,6,1,59.15,354.9,4.35,,,D,63.5,381,,,Department Of The Interior,Bureau of Reclamation,,,No,No,No,No,No,No,No,,GSA Advantage,Government SmartPay Card,,Standard,,89005,60560,0,0,11102014,DOCUMENT IMAGING DIMENSIONS,GS23FBA016,,,,
LGAKN03841L,11072014,TOMCAT,33501,33501,000000000000,"33501: Mouse Trap, Plastic, Reusable - EA",HARDWARE,,,,EA,7,1,3.62,25.34,0.27,,,D,3.89,27.23,,,Department Of The Interior,Fish and Wildlife Service,,,No,No,No,No,No,No,No,,GSA Advantage,Government SmartPay Card,,Standard,,98624,60560,0,0,11102014,DOCUMENT IMAGING DIMENSIONS,GS23FBA016,,,,
689-5P0974,11072014,Tripp-Lite,TRPTLP606B,TRPTLP606B,000000000000,"TRPTLP606B: Surge Suppressor, 6 Outlets,  - EA",HARDWARE,,,,EA,4,1,9.85,39.4,1.48,,,D,11.33,45.32,,,Department Of Veterans Affairs,Department Of Veterans Affairs,,,Yes,No,No,No,No,No,No,,Vendor Portal,Government SmartPay Card,,Standard,,06516,60560,0,0,11102014,DOCUMENT IMAGING DIMENSIONS,GS23FBA016,,,,
10V0023,11102014,AbilityOne,8115001178249,8115001178249,000000000000,8115001178249: STORAGE BOX 14 3/4X12 X 9 1/2 - CT,HARDWARE,,,,BD,1,25,77,77,14.21,,,D,91.21,91.21,,,Department Of The Air Force,Department Of The Air Force,,,Yes,Yes,No,No,No,No,No,,Vendor Portal,Government SmartPay Card,,Standard,,09094,60560,0,0,11212014,DOCUMENT IMAGING DIMENSIONS,GS23FBA016,,,,
LGAKN14973L,11112014,KENDALL,KCGS019187,KCGS019187,000000000000,"KCGS019187: Sponge,Non-Sterile,Gauze,PK 5 - PK",HARDWARE,,,,PK,44,5,7.61,334.84,0.56,,,D,8.17,359.48,,,Department Of Veterans Affairs,Department Of Veterans Affairs,,,No,No,No,No,No,No,No,,GSA Advantage,Government SmartPay Card,,Standard,,29405,60560,0,0,11142014,DOCUMENT IMAGING DIMENSIONS,GS23FBA016,,,,
581-P51104,11112014,GE LIGHTING,F32T8SPP50ECO,F32T8SPP50ECO,000000000000,"F32T8SPP50ECO: Fluorescent Lamp,T8,Very Cool - EA",HARDWARE,,,,EA,360,1,4.28,1540.8,0.32,,,D,4.6,1656,,,Department Of Veterans Affairs,Department Of Veterans Affairs,,,No,No,No,No,No,No,No,,Vendor Portal,Government SmartPay Card,,Standard,,25704,60560,0,0,11122014,DOCUMENT IMAGING DIMENSIONS,GS23FBA016,,,,
LGAKN13851L,11112014,PRESCO PRODUCTS CO,2330O188,2330O188,000000000000,"2330O188: Marking Flag,Orange,Blank,PVC - PK",HARDWARE,,,,PK,10,1,13.99,139.9,1.03,,,D,15.02,150.2,,,Department Of Agriculture,Department Of Agriculture,,,No,No,No,No,No,No,No,,GSA Advantage,Government SmartPay Card,,Standard,,58032,60560,0,0,11122014,DOCUMENT IMAGING DIMENSIONS,GS23FBA016,,,,
LGAKN11750L,11112014,"UVEX SAFETY, INC",S3960C,S3960C,603390035883,"MISC_ITEM: S3960C - Chem Splsh/Impct Rstnt Goggles,Antfg,Clr - EA",HARDWARE,,,,EA,120,1,2.18,261.6,0.21,,,D,2.39,286.8,,,Office Of The Secretary Of Defense,Office Of The Secretary Of Defense,,,No,No,No,No,No,No,No,,GSA Advantage,Government SmartPay Card,,Standard,,23801,60560,0,0,11122014,DOCUMENT IMAGING DIMENSIONS,GS23FBA016,,,,
LGAKN11592L,11112014,DURACELL,DL303357BPK,DL303357BPK,000000000000,"DL303357BPK: Button Cell Battery,303/357,S - EA",HARDWARE,,,,EA,9,1,2.79,25.11,0.21,,,D,3,27,,,Department Of Agriculture,Department Of Agriculture,,,No,No,No,No,No,No,No,,GSA Advantage,Government SmartPay Card,,Standard,,59715,60560,0,0,11122014,DOCUMENT IMAGING DIMENSIONS,GS23FBA016,,,,
LGAKN16564L,11122014,AbilityOne,8115001178249,8115001178249,000000000000,NSN1178249: 8115001178249 BOXSTR25/BD - BD,HARDWARE,,,,BD,1,25,57.12,57.12,34.09,,,D,91.21,91.21,,,Department Of Labor,Department Of Labor,,,Yes,Yes,No,No,No,No,No,,GSA Advantage,Government SmartPay Card,,Standard,,18702,60560,0,0,11142014,DOCUMENT IMAGING DIMENSIONS,GS23FBA016,,,,
LGAKN16410L,11122014,AIR HANDLER,6B921,6B921,000000000000,"6B921: High Cap.Pleated Filter,25x25 - EA",HARDWARE,,,,EA,120,1,14.44,1732.8,1.06,,,D,15.5,1860,,,Department Of The Interior,Bureau of Reclamation,,,No,No,No,No,No,No,No,,GSA Advantage,Government SmartPay Card,,Standard,,89005,60560,0,0,11132014,DOCUMENT IMAGING DIMENSIONS,GS23FBA016,,,,
LC15-001947,11122014,RUBBERMAID COMMERCIAL,6402640BLK,6402640BLK,000000000000,6402640BLK: BRUTE DOLLY FOR 20- 32-44- & - EA,HARDWARE,,,,EA,3,1,44.02,132.06,4.41,,,D,48.43,145.29,,,Department Of Health And Human Services,National Institutes of Health,,,Yes,No,No,No,No,No,No,,Vendor Portal,Government SmartPay Card,,Standard,,20892,60560,0,0,11182014,DOCUMENT IMAGING DIMENSIONS,GS23FBA016,,,,
P50036,11142014,AbilityOne,8115001178249,8115001178249,000000000000,8115001178249: STORAGE BOX 14 3/4X12 X 9 1/2 - CT,HARDWARE,,,,BD,6,25,77,462,14.21,,,D,91.21,547.26,,,Department Of Veterans Affairs,Department Of Veterans Affairs,,,Yes,Yes,No,No,No,No,No,,Vendor Portal,Government SmartPay Card,,Standard,,53562,60560,0,0,11262014,DOCUMENT IMAGING DIMENSIONS,GS23FBA016,,,,
LGAKN25909L,11172014,ABILITY ONE,6645005303342,6645005303342,000000000000,"6645005303342: Wall Clock,Electric - EA",HARDWARE,,,,EA,1,1,40.35,40.35,2.97,,,D,43.32,43.32,,,Department Of Agriculture,Department Of Agriculture,,,No,Yes,No,No,No,No,No,,GSA Advantage,Government SmartPay Card,,Standard,,67410,60560,0,0,11182014,DOCUMENT IMAGING DIMENSIONS,GS23FBA016,,,,
LGAKN24646L,11182014,WESCO,272748,272748,000000000000,"MISC_ITEM: 272748 - Pallet Jack,Blue/Gray,Steel,Polyurethane - EA",HARDWARE,,,,EA,1,1,312.73,312.73,27.19,,,D,339.92,339.92,,,Department Of The Army,Department Of The Army,,,No,No,No,No,No,No,No,,GSA Advantage,Government SmartPay Card,,Standard,,28310,60560,0,0,11262014,DOCUMENT IMAGING DIMENSIONS,GS23FBA016,,,,
LGAKN24258L,11172014,BROTHER,DK1201,DK1201,000000000000,"DK1201: Address Label,Black/White,Pap - EA",HARDWARE,,,,EA,1,1,20.15,20.15,1.48,,,D,21.63,21.63,,,Department Of Health And Human Services,Indian Health Service,,,No,No,No,No,No,No,No,,GSA Advantage,Government SmartPay Card,,Standard,,98948,60560,0,0,11182014,DOCUMENT IMAGING DIMENSIONS,GS23FBA016,,,,
LGAKN24258L,11172014,BROTHER,DK1203,DK1203,000000000000,"DK1203: Label,Black/White,Paper - EA",HARDWARE,,,,EA,2,1,16.7,33.4,1.23,,,D,17.93,35.86,,,Department Of Health And Human Services,Indian Health Service,,,No,No,No,No,No,No,No,,GSA Advantage,Government SmartPay Card,,Standard,,98948,60560,0,0,11182014,DOCUMENT IMAGING DIMENSIONS,GS23FBA016,,,,
LGAKN24258L,11172014,BROTHER,DK1204,DK1204,000000000000,"DK1204: Label,Black/White,Paper - EA",HARDWARE,,,,EA,1,1,20.15,20.15,1.48,,,D,21.63,21.63,,,Department Of Health And Human Services,Indian Health Service,,,No,No,No,No,No,No,No,,GSA Advantage,Government SmartPay Card,,Standard,,98948,60560,0,0,11182014,DOCUMENT IMAGING DIMENSIONS,GS23FBA016,,,,
LGAKN24258L,11172014,BROTHER,DK1209,DK1209,000000000000,"DK1209: Address Label,Black/White,Pap - EA",HARDWARE,,,,EA,1,1,36.52,36.52,2.68,,,D,39.2,39.2,,,Department Of Health And Human Services,Indian Health Service,,,No,No,No,No,No,No,No,,GSA Advantage,Government SmartPay Card,,Standard,,98948,60560,0,0,11182014,DOCUMENT IMAGING DIMENSIONS,GS23FBA016,,,,
LGAKN22828L,11172014,ENERGIZER,EN91,EN91,000000000000,"EN91: Battery,Alkaline,AA,1.5V,PK 2 - PK",HARDWARE,,,,PK,2,2,23.85,47.7,1.75,,,D,25.6,51.2,,,Department Of Veterans Affairs,Department Of Veterans Affairs,,,No,No,No,No,No,No,No,,GSA Advantage,Government SmartPay Card,,Standard,,01053,60560,0,0,11182014,DOCUMENT IMAGING DIMENSIONS,GS23FBA016,,,,
LGAKN22145L,11172014,Tripp-Lite,TRPTLP606B,TRPTLP606B,000000000000,"TRPTLP606B: SURGE,6 OUTLET,6 FT CD,BK - EA",HARDWARE,,,,EA,6,1,9.85,59.1,1.48,,,D,11.33,67.98,,,Department Of Labor,Department Of Labor,,,Yes,No,No,No,No,No,No,,GSA Advantage,Government SmartPay Card,,Standard,,60604,60560,0,0,11192014,DOCUMENT IMAGING DIMENSIONS,GS23FBA016,,,,
LGAKN20999L,11172014,GRAINGER,84598,84598,000000000000,"84598: Shopping Bag,White,Tempo,PK 2 - PK",HARDWARE,,,,PK,1,2,116.8,116.8,8.58,,,D,125.38,125.38,,,Executive Office Of The President,Executive Office Of The President,,,No,No,No,No,No,No,No,,GSA Advantage,Government SmartPay Card,,Standard,,20509,60560,0,0,11182014,DOCUMENT IMAGING DIMENSIONS,GS23FBA016,,,,
LGAKN20522L,11172014,ABILITY ONE,8105008377753,8105008377753,000000000000,"8105008377753: Bag,Resealable,Pk1000 - PK",HARDWARE,,,,PK,20,1000,32.97,659.4,2.42,,,D,35.39,707.8,,,Department Of Homeland Security,Department Of Homeland Security,,,No,Yes,No,No,No,No,No,,GSA Advantage,Government SmartPay Card,,Standard,,75227,60560,0,0,11182014,DOCUMENT IMAGING DIMENSIONS,GS23FBA016,,,,
LGAKN18694L,11172014,HUBBELL WIRING DEVICE-KELLEMS,FT3GY5,FT3GY5,000000000000,"FT3GY5: Floor Cable Cover,Gray,5Ft - EA",HARDWARE,,,,EA,1,1,25.08,25.08,1.85,,,D,26.93,26.93,,,Department Of The Air Force,Department Of The Air Force,,,No,No,No,No,No,No,No,,GSA Advantage,Government SmartPay Card,,Standard,,94535,60560,0,0,11182014,DOCUMENT IMAGING DIMENSIONS,GS23FBA016,,,,
LGAKN18271L,11172014,WORTHINGTON,333751,333751,000000000000,"333751: Lead Free Solder,Dia 0.118 In - EA",HARDWARE,,,,EA,1,1,59.95,59.95,4.4,,,D,64.35,64.35,,,Department Of Veterans Affairs,Department Of Veterans Affairs,,,No,No,No,No,No,No,No,,GSA Advantage,Government SmartPay Card,,Standard,,66622,60560,0,0,11182014,DOCUMENT IMAGING DIMENSIONS,GS23FBA016,,,,
LGAKN18271L,11172014,SCOTCH,15F753,15F753,000000000000,"15F753: Double Coated  Tape,3/4 In x  - EA",HARDWARE,,,,EA,1,1,86.58,86.58,6.36,,,D,92.94,92.94,,,Department Of Veterans Affairs,Department Of Veterans Affairs,,,No,No,No,No,No,No,No,,GSA Advantage,Government SmartPay Card,,Standard,,66622,60560,0,0,11182014,DOCUMENT IMAGING DIMENSIONS,GS23FBA016,,,,
LGAKN18271L,11172014,CONDOR,4VCD7,4VCD7,000000000000,"4VCD7: Safety Glasses,Clear,Scratch- - EA",HARDWARE,,,,EA,3,1,3.54,10.62,0.27,,,D,3.81,11.43,,,Department Of Veterans Affairs,Department Of Veterans Affairs,,,No,No,No,No,No,No,No,,GSA Advantage,Government SmartPay Card,,Standard,,66622,60560,0,0,11182014,DOCUMENT IMAGING DIMENSIONS,GS23FBA016,,,,
LGAKN18271L,11172014,CONDOR,4VCD8,4VCD8,000000000000,"4VCD8: Safety Glasses,Gray,Scratch-R - EA",HARDWARE,,,,EA,11,1,4.3,47.3,0.32,,,D,4.62,50.82,,,Department Of Veterans Affairs,Department Of Veterans Affairs,,,No,No,No,No,No,No,No,,GSA Advantage,Government SmartPay Card,,Standard,,66622,60560,0,0,11182014,DOCUMENT IMAGING DIMENSIONS,GS23FBA016,,,,
LGAKN18271L,11172014,NASHUA,5AD15,5AD15,000000000000,"5AD15: Duct Tape,48mm x 55m,10 mil,S - EA",HARDWARE,,,,EA,1,1,11.89,11.89,0.88,,,D,12.77,12.77,,,Department Of Veterans Affairs,Department Of Veterans Affairs,,,No,No,No,No,No,No,No,,GSA Advantage,Government SmartPay Card,,Standard,,66622,60560,0,0,11182014,DOCUMENT IMAGING DIMENSIONS,GS23FBA016,,,,
LGAKN18271L,11172014,SCOTCH,SUPER33,SUPER33,000000000000,"SUPER33: Electrical Tape,3/4x20ft,7mil - PK",HARDWARE,,,,PK,1,1,5.33,5.33,0.4,,,D,5.73,5.73,,,Department Of Veterans Affairs,Department Of Veterans Affairs,,,No,No,No,No,No,No,No,,GSA Advantage,Government SmartPay Card,,Standard,,66622,60560,0,0,11182014,DOCUMENT IMAGING DIMENSIONS,GS23FBA016,,,,
LGAKN31525L,11192014,AbilityOne,8115001178249,8115001178249,000000000000,NSN1178249: 8115001178249 BOXSTR25/BD - BD,HARDWARE,,,,BD,10,25,57.12,571.2,34.09,,,D,91.21,912.1,,,Department Of Veterans Affairs,Department Of Veterans Affairs,,,Yes,Yes,No,No,No,No,No,,GSA Advantage,Government SmartPay Card,,Standard,,25701,60560,0,0,11212014,DOCUMENT IMAGING DIMENSIONS,GS23FBA016,,,,
LGAKN31344L,11192014,DURACELL,MN1400,MN1400,000000000000,"MN1400: Alkaline Battery,C,PK 12 - PK",HARDWARE,,,,PK,1,12,34.31,34.31,2.52,,,D,36.83,36.83,,,Department of the Interior,National Park Service,,,No,No,No,No,No,No,No,,GSA Advantage,Government SmartPay Card,,Standard,,39183,60560,0,0,11212014,DOCUMENT IMAGING DIMENSIONS,GS23FBA016,,,,
LGAKN30440L,11192014,SUREFIRE,SF12BB,SF12BB,084871820134,"MISC_ITEM: SF12-BB - Battery,123A,Lithium,3V,PK 12 - EA",HARDWARE,,,,EA,2,1,15.9,31.8,1.59,,,D,17.49,34.98,,,Department Of Homeland Security,Department Of Homeland Security,,,No,No,No,No,No,No,No,,GSA Advantage,Government SmartPay Card,,Standard,,48045,60560,0,0,11262014,DOCUMENT IMAGING DIMENSIONS,GS23FBA016,,,,
LGAKN29982L,11192014,SQUARE D,QOB230,QOB230,000000000000,"QOB230: Circuit Breaker,30 A - EA",HARDWARE,,,,EA,2,1,79.15,158.3,5.81,,,D,84.96,169.92,,,Department Of Veterans Affairs,Department Of Veterans Affairs,,,No,No,No,No,No,No,No,,GSA Advantage,Government SmartPay Card,,Standard,,66622,60560,0,0,11212014,DOCUMENT IMAGING DIMENSIONS,GS23FBA016,,,,
LGAKN29683L,11192014,HONEYWELL,320011000000,320011000000,000000000000,"320011000000: Eye Wash Preservative,8 oz. - EA",HARDWARE,,,,EA,6,1,10.32,61.92,0.76,,,D,11.08,66.48,,,Department Of The Air Force,Department Of The Air Force,,,No,No,No,No,No,No,No,,GSA Advantage,Government SmartPay Card,,Standard,,57706,60560,0,0,11212014,DOCUMENT IMAGING DIMENSIONS,GS23FBA016,,,,
LGAKN29629L,11192014,AbilityOne,8115001178249,8115001178249,000000000000,NSN1178249: 8115001178249 BOXSTR25/BD - BD,HARDWARE,,,,BD,1,25,57.12,57.12,34.09,,,D,91.21,91.21,,,Department Of Labor,Office of Inspector General,,,Yes,Yes,No,No,No,No,No,,GSA Advantage,Government SmartPay Card,,Standard,,30303,60560,0,0,11212014,DOCUMENT IMAGING DIMENSIONS,GS23FBA016,,,,
LGAKN29060L,11192014,REVVO,TSED050RN0DB,TSED050RN0DB,000000000000,"TSED050RN0DB: Swivel Plate Cstr w/Lock,110  - EA",HARDWARE,,,,EA,4,1,7.92,31.68,0.59,,,D,8.51,34.04,,,Department Of Homeland Security,Transportation Security Administration,,,No,No,No,No,No,No,No,,GSA Advantage,Government SmartPay Card,,Standard,,81639,60560,0,0,11212014,DOCUMENT IMAGING DIMENSIONS,GS23FBA016,,,,
LGAKN28167L,11192014,CREWS,FF122,FF122,000000000000,"FF122: Safety Glasses,Gray,Scrtch-Rs - PR",HARDWARE,,,,PR,2,1,22.78,45.56,1.68,,,D,24.46,48.92,,,Department Of The Interior,Bureau of Reclamation,,,No,No,No,No,No,No,No,,GSA Advantage,Government SmartPay Card,,Standard,,87801,60560,0,0,11212014,DOCUMENT IMAGING DIMENSIONS,GS23FBA016,,,,
dea112114,11212014,Tripp-Lite,TRPTLP606B,TRPTLP606B,000000000000,"TRPTLP606B: Surge Suppressor, 6 Outlets,  - EA",HARDWARE,,,,EA,1,1,9.85,9.85,1.48,,,D,11.33,11.33,,,Department Of Veterans Affairs,Department Of Veterans Affairs,,,Yes,No,No,No,No,No,No,,Vendor Portal,Government SmartPay Card,,Standard,,60504,60560,0,0,11242014,DOCUMENT IMAGING DIMENSIONS,GS23FBA016,,,,
LGAKN41709L,11212014,HOMZ,3420GRPRCL08,3420GRPRCL08,000000000000,"3420GRPRCL08: Storage Tote,6-1/8 In. H,16-1 - EA",HARDWARE,,,,EA,4,1,8.31,33.24,0.61,,,D,8.92,35.68,,,Department Of Labor,Department Of Labor,,,No,No,No,No,No,No,No,,GSA Advantage,Government SmartPay Card,,Standard,,20001,60560,0,0,11242014,DOCUMENT IMAGING DIMENSIONS,GS23FBA016,,,,
LGAKN39815L,11212014,STREAMLIGHT,85177,85177,000000000000,"85177: Battery,123,Lithium,3V,PK 12 - PK",HARDWARE,,,,PK,2,12,44.39,88.78,3.26,,,D,47.65,95.3,,,Department Of Homeland Security,"DHS, Customs and Border Protection",,,No,No,No,No,No,No,No,,GSA Advantage,Government SmartPay Card,,Standard,,59263,60560,0,0,11242014,DOCUMENT IMAGING DIMENSIONS,GS23FBA016,,,,
LGAKN39815L,11212014,EVEREADY,L91BP4,L91BP4,000000000000,L91BP4: Energizer AA Lithium General - PK,HARDWARE,,,,PK,10,1,7.08,70.8,2.81,,,D,9.89,98.9,,,Department Of Homeland Security,"DHS, Customs and Border Protection",,,Yes,No,No,No,No,No,No,,GSA Advantage,Government SmartPay Card,,Standard,,59263,60560,0,0,11242014,DOCUMENT IMAGING DIMENSIONS,GS23FBA016,,,,
LGAKN36772L,11252014,AbilityOne,8115001178249,8115001178249,000000000000,NSN1178249: 8115001178249 BOXSTR25/BD - BD,HARDWARE,,,,BD,2,25,57.12,114.24,34.09,,,D,91.21,182.42,,,Environmental Protection Agency,Environmental Protection Agency,,,Yes,Yes,No,No,No,No,No,,GSA Advantage,Government SmartPay Card,,Standard,,48105,60560,0,0,11262014,DOCUMENT IMAGING DIMENSIONS,GS23FBA016,,,,
LGAKN36772L,11252014,KABA ILCO,SC1BR,SC1BR,000000000000,"SC1BR: Key Blank,Brass,Type 1145,PK  - PK",HARDWARE,,,,PK,2,1,22.6,45.2,1.66,,,D,24.26,48.52,,,Environmental Protection Agency,Environmental Protection Agency,,,No,No,No,No,No,No,No,,GSA Advantage,Government SmartPay Card,,Standard,,48105,60560,0,0,11262014,DOCUMENT IMAGING DIMENSIONS,GS23FBA016,,,,
LGAKN36772L,11252014,"UVEX SAFETY, INC",SC3960C,SC3960C,603390035883,MISC_OFFICEPRODUCTS: SC3960C - EA,HARDWARE,,,,EA,12,1,2.18,26.16,0.21,,,D,2.39,28.68,,,Environmental Protection Agency,Environmental Protection Agency,,,No,No,No,No,No,No,No,,GSA Advantage,Government SmartPay Card,,Standard,,48105,60560,0,0,11262014,DOCUMENT IMAGING DIMENSIONS,GS23FBA016,,,,
LGAKN36262L,11212014,HOMZ,3450GRPRCL06,3450GRPRCL06,000000000000,"3450GRPRCL06: Storage Tote,18-1/4 In. H,28- - EA",HARDWARE,,,,EA,1,1,26.86,26.86,1.98,,,D,28.84,28.84,,,Department Of Veterans Affairs,Department Of Veterans Affairs,,,No,No,No,No,No,No,No,,GSA Advantage,Government SmartPay Card,,Standard,,35403,60560,0,0,11242014,DOCUMENT IMAGING DIMENSIONS,GS23FBA016,,,,
LGAKN34866L,11212014,TOMCAT,33501,33501,000000000000,"33501: Mouse Trap, Plastic, Reusable - EA",HARDWARE,,,,EA,10,1,3.62,36.2,0.27,,,D,3.89,38.9,,,Department Of Agriculture,Forest Service,,,No,No,No,No,No,No,No,,GSA Advantage,Government SmartPay Card,,Standard,,96126,60560,0,0,11242014,DOCUMENT IMAGING DIMENSIONS,GS23FBA016,,,,
LGAKN42124L,11212014,AbilityOne,8115001178249,8115001178249,000000000000,NSN1178249: 8115001178249 BOXSTR25/BD - BD,HARDWARE,,,,BD,1,25,57.12,57.12,34.09,,,D,91.21,91.21,,,Department Of The Interior,Bureau of Reclamation,,,Yes,Yes,No,No,No,No,No,,GSA Advantage,Government SmartPay Card,,Standard,,83702,60560,0,0,11242014,DOCUMENT IMAGING DIMENSIONS,GS23FBA016,,,,
LGAKN45093L,11242014,GRAINGER,15A935,15A935,000000000000,"15A935: Hand Stretch Wrap,Clear,1500  - EA",HARDWARE,,,,EA,3,1,25.64,76.92,1.89,,,D,27.53,82.59,,,Department Of Justice,Department Of Justice,,,No,No,No,No,No,No,No,,GSA Advantage,Government SmartPay Card,,Standard,,24011,60560,0,0,11252014,DOCUMENT IMAGING DIMENSIONS,GS23FBA016,,,,
LGAKN43390L,11242014,SNAP-ON GOVT,LP5SLIM,LP5SLIM,000000000000,"LP5SLIM: PLIERS, VICE GRIPS 5IN. - EA",HARDWARE,,,,EA,2,1,25.82,51.64,1.9,,,D,27.72,55.44,,,Department Of Justice,Department Of Justice,,,No,No,No,No,No,No,No,,GSA Advantage,Government SmartPay Card,,Standard,,33132,60560,0,0,11262014,DOCUMENT IMAGING DIMENSIONS,GS23FBA016,,,,
LGAKN43390L,11242014,Tripp-Lite,TRPTLP606B,TRPTLP606B,000000000000,"TRPTLP606B: SURGE,6 OUTLET,6 FT CD,BK - EA",HARDWARE,,,,EA,25,1,9.85,246.25,1.48,,,D,11.33,283.25,,,Department Of Justice,Department Of Justice,,,Yes,No,No,No,No,No,No,,GSA Advantage,Government SmartPay Card,,Standard,,33132,60560,0,0,11262014,DOCUMENT IMAGING DIMENSIONS,GS23FBA016,,,,
MA112414,11242014,WOOSTER PRODUCTS,FBC1230R,FBC1230R,000000000000,"FBC1230R: Antislip Tape,Black,12 In x 3 - EA",HARDWARE,,,,EA,1,1,89.88,89.88,6.6,,,D,96.48,96.48,,,Department Of Homeland Security,Department Of Homeland Security,,,No,No,No,No,No,No,No,,Phone,Government SmartPay Card,,Standard,,29577,60560,0,0,11262014,DOCUMENT IMAGING DIMENSIONS,GS23FBA016,,,,
LGAKN18493L,11172014,"DURACELL CO., U.S.A.",DURDLCR2BPK,DURDLCR2BPK,041333005102,"DURDLCR2BPK: BATTERY,3VOLT,PHOTO,LITH - EA",HARDWARE,,,,EA,6,1,4.38,26.28,4.13,,,D,8.51,51.06,,,Department Of Agriculture,Department Of Agriculture,,,No,No,No,No,No,No,No,,GSA Advantage,Government SmartPay Card,,Standard,,87109,60560,0,0,11192014,DOCUMENT IMAGING DIMENSIONS,GS23FBA016,,,,
