ORDER_NUMBER,ORDER_DATE,MANUFACTURER_NAME,MANUFACTURER_PART_NUMBER,SUPPLIER_PART_NUMBER,UPC_A_CODE,PROD_DESCR,PSC_CODE,FSC_CODE,UNSPSC_CODE,SOLUTION_SUBCATEGORY,UOI,QTY,UOI_QTY,BPA_PRICE,BPA_EXTENDED_PRICE,PRICE_PAID,COMM_LIST_PRICE,DEBIT_CREDIT_INDICATOR,PRICE_PAID_EXT,MAS_EXTENDED_PRICE,MAS_PRICE,FMIS_AGENCY_CODE,DISCOUNT_AMOUNT,SUB_AGENCY_NAME_1,AGENCY_NAME,SUB_AGENCY_NAME_3,SUB_AGENCY_NAME_2,ABILITY_ONE_FLAG,MKT_BASKET_IND,BIOPREFERRED_IND,CPG_INDICATOR,WATERSENSE_IND,REMANUFACTURED_IND,BERRY_AMENDMENT_IND,ENERGYSTAR_IND,PAY_DATE,DELIVERY_METHOD,SALES_CH,PAY_METHOD,FROM_ZIP_CODE,FRGT_CHARGE,SHIP_WEIGHT,TO_ZIP_CODE,SUPPLIER_NAME,FSSI_CONTRACT_NO,SUPPL_FEE,FULFILL_DATE,DUNS_NO,DODAAC,MAJCOM,TRANSACTION_NO
419925,09302014,EVEREADY BATTERY CO,E95BP-4,412825,000000000000,"EVER 4PK D ALK BATTERYEveready, Energizer, 4 Pack Size ""D"" Alkaline Battery.A",,,,Hardware,EA,4,,7.02,28.08,,,,D,0,0,-7.02,,Social Security Administration,"Other, Not Listed",,,no,no,no,no,no,no,no,,GSA Advantage,Government SmartPay Card,,Standard,15,98104,11520,0,0,10052014,Complete Packaging,GS23FBA017,,,,
420073,09302014,DURACELL,850605-2,DURMN1300VR8Z,000000000000,"COPPERTOP ALKALINE D BATTERIESCoppertop Alkaline D Batteries, 8 Batteries per",,,,Hardware,PK,6,8,12.69,76.14,,,,D,13.56,81.36,0.87,,Department of Agriculture,"Other, Not Listed",,,no,no,no,no,no,no,no,,GSA Advantage,Government SmartPay Card,,Standard,1,39759,11520,0,0,10052014,Complete Packaging,GS23FBA017,,,,
421970,11032014,DELKIN,EC-741,EC-741-DIR,000000000000,"MULTI BATTERY TESTERTests batteries for remaining power. Fits AA, AAA, CRV3,",,,,Hardware,EA,2,,21.48,42.96,,,,D,0,0,-21.48,,Department of Homeland Security,"Other, Not Listed",,,no,no,no,no,no,no,no,,GSA Advantage,Government SmartPay Card,,Standard,1,12511,11520,0,0,11072014,Complete Packaging,GS23FBA017,,,,
421977,11032014,PLUMB SHOP DIV BRASSCRAFT,479-550,479550,000000000000,"MP TOIL TANK REPAIR KITMaster Plumber, Toilet Tank Repair Kit, Includes Anti-",,,,Hardware,EA,3,,22.24,66.72,,,,D,23.77,71.31,1.53,,Department of Education,"Other, Not Listed",,,no,no,no,no,no,no,no,,GSA Advantage,Government SmartPay Card,,Standard,1.07,28307,11520,0,0,11052014,Complete Packaging,GS23FBA017,,,,
422116,11052014,DURACELL,DL123A-2PK,DL123A-2PK-DR,000000000000,"ULTRA HIGH POWER LITHIUM BATTEUltra High Power Lithium Battery, 123, 3.0 V, 2",,,,Hardware,PK,8,2,4.32,34.56,,,,D,0,0,-4.32,,Department of Veterans Affairs,"Other, Not Listed",,,yes,no,no,no,no,no,no,,GSA Advantage,Government SmartPay Card,,Standard,1,18711,11520,0,0,11072014,Complete Packaging,GS23FBA017,,,,
422118,11052014,GRABBER WARMERS,HWES,611726,000000000000,"HAND WARMERSGrabber Heater Hand Warmer, For Gloves, Averages 135 Degrees For",,,,Hardware,PK,4,40,28.02,112.08,,,,D,0,0,-28.02,,Department of Homeland Security,"Other, Not Listed",,,no,no,no,no,no,no,no,,GSA Advantage,Government SmartPay Card,,Standard,4.5,03904,11520,0,0,11102014,Complete Packaging,GS23FBA017,,,,
422131,11052014,SIERRA EMERGENCY PRODUCTS,154-3865,SEP3865,000000000000,"COT, MILITARYFirst Response, Aluminum folding Cot,  Coated, Weather Resistant",,,,Hardware,PK,1,6,356.48,356.48,,,,D,0,0,-356.48,,Department of the Army,"Other, Not Listed",,,no,no,no,no,no,no,no,,GSA Advantage,Government SmartPay Card,,Standard,36,93940,11520,0,0,11102014,Complete Packaging,GS23FBA017,,,,
422133,11052014,PRESCO,FLAG-ORANGE,764-FLAG-ORANGE,000000000000,1-3/16X300'UT-800 FLAGGING TAP1-3/16X300'UT-800 FLAGGING TAPE ORANGE- Any que,,,,Hardware,PK,1,12,16.91,16.91,,,,D,0,0,-16.91,,Department of Agriculture,"Other, Not Listed",,,no,no,no,no,no,no,no,,GSA Advantage,Government SmartPay Card,,Standard,3.84,87109,11520,0,0,11102014,Complete Packaging,GS23FBA017,,,,
422133,11052014,PRESCO,FLAG-RED,764-FLAG-RED,000000000000,1-3/16X300'UT-800 FLAGGING TAP1-3/16X300'UT-800 FLAGGING TAPE RED- Any questi,,,,Hardware,PK,1,12,16.91,16.91,,,,D,0,0,-16.91,,Department of Agriculture,"Other, Not Listed",,,no,no,no,no,no,no,no,,GSA Advantage,Government SmartPay Card,,Standard,4.56,87109,11520,0,0,11102014,Complete Packaging,GS23FBA017,,,,
422133,11052014,PRESCO,FLAG-PINKGLO,764-FLAG-PINKGLO,000000000000,1-3/16X150'ROLL UT-800 FLAGGIN1-3/16X150'ROLL UT-800 FLAGGING TAPE 27-PG- Any,,,,Hardware,PK,1,12,16.91,16.91,,,,D,0,0,-16.91,,Department of Agriculture,"Other, Not Listed",,,no,no,no,no,no,no,no,,GSA Advantage,Government SmartPay Card,,Standard,3.6,87109,11520,0,0,11102014,Complete Packaging,GS23FBA017,,,,
422168,11062014,COLEMAN CABLE INC,01489,713646,000000000000,"100' 14/3 OUT EXT CORD100', 14/3, SJEOW, Yellow, Medium Duty, Polar Solar Con",,,,Hardware,EA,6,,56.13,336.78,,,,D,0,0,-56.13,,Department of Veterans Affairs,"Other, Not Listed",,,no,no,no,no,no,no,no,,GSA Advantage,Government SmartPay Card,,Standard,8,53295,11520,0,0,11112014,Complete Packaging,GS23FBA017,,,,
422169,11062014,SPERIAN EMERGENCY EYEWASH,32-000454-0000,203-32-000454-0000,000000000000,EYESALINE 16 OZ PERSONALEYEWASEYESALINE 16 OZ PERSONALEYEWASH READY TO USE- A,,,,Hardware,CT,12,,7.08,84.96,,,,D,0,0,-7.08,,Department of the Air Force,"Other, Not Listed",,,no,no,no,no,no,no,no,,GSA Advantage,Government SmartPay Card,,Standard,2,85707,11520,0,0,11112014,Complete Packaging,GS23FBA017,,,,
421986,11032014,MSA,818040,541407,000000000000,"HIGH VIZ SAFETY VESTHigh Viz Safety Vest, This Vest Is Perfect For Working On",,,,Hardware,EA,12,,9.62,115.44,,,,D,10.28,123.36,0.66,,Department of Agriculture,"Other, Not Listed",,,no,no,no,no,no,no,no,,GSA Advantage,Government SmartPay Card,,Standard,3,63901,11520,0,0,11052014,Complete Packaging,GS23FBA017,,,,
422054,11052014,VICTOR,0662-0067,341-0662-0067,000000000000,VALVE ASSEMBLY(INDUSTRIAL)VALVE ASSEMBLY(INDUSTRIAL)- Any questions or furthe,,,,Hardware,EA,1,,27.88,27.88,,,,D,0,0,-27.88,,Department of Defense (Office of th,"Other, Not Listed",,,no,no,no,no,no,no,no,,GSA Advantage,Government SmartPay Card,,Standard,0.09,31704,11520,0,0,11102014,Complete Packaging,GS23FBA017,,,,
422113,11052014,GILLETTE/DURACELL,DU9V1R-F,DURA 9V ALK BATTERY,000000000000,"9 VOLT BATTERYDuracell, Size ""9V"" Alkaline Battery.Any questions or further i",,,,Hardware,EA,12,,2.33,27.96,,,,D,0,0,-2.33,,Department of Justice,"Other, Not Listed",,,no,no,no,no,no,no,no,,GSA Advantage,Government SmartPay Card,,Standard,1.46,20002,11520,0,0,11072014,Complete Packaging,GS23FBA017,,,,
422095,11052014,DURACELL,MN2400-F,MN2400/PC2400 AAA - CASE,000000000000,"DURACELL SIZE AAA BATTERY10L X 5W DURACELL ""AAA"" ALKALINE BATTERY, 72/CASE. S",,,,Hardware,CT,1,72,32.25,32.25,,,,D,0,0,-32.25,,Department of the Interior,"Other, Not Listed",,,no,no,no,no,no,no,no,,GSA Advantage,Government SmartPay Card,,Standard,1,57501,11520,0,0,11102014,Complete Packaging,GS23FBA017,,,,
422216,11062014,EVEREADY BATTERY CO,EN92-24PK,AAA BATTERY - ENERGIZER,000000000000,"AAA BATTERY, [ 24 PACK]AAA BATTERY 24 PER PACK EN92 Industrial Alkaline Batte",,,,Hardware,PK,3,24,11.93,35.79,,,,D,0,0,-11.93,,Department of Defense (Office of th,"Other, Not Listed",,,no,no,no,no,no,no,no,,GSA Advantage,Government SmartPay Card,,Standard,7,08640,11520,0,0,11072014,Complete Packaging,GS23FBA017,,,,
422221,11062014,PROCTER & GAMBLE,44750,177220,000000000000,"SWIFFERDUSTER/EXTHANDLESwiffer Duster With Extendable Handle, Handle Extends",,,,Hardware,EA,3,,10.22,30.66,,,,D,0,0,-10.22,,Department of the Air Force,"Other, Not Listed",,,no,no,no,no,no,no,no,,GSA Advantage,Government SmartPay Card,,Standard,6.19,84056,11520,0,0,11102014,Complete Packaging,GS23FBA017,,,,
421051,10212014,CAMCO MFG,30987,112963,000000000000,"GAL -0 WINDSHIELD FLUIDXtreme, Gallon, -0 Degree Blue Windshield Washer Fluid",,,,Hardware,PK,2,24,192.96,385.92,,,,D,0,0,-192.96,,Department of Homeland Security,"Other, Not Listed",,,no,no,no,no,no,no,no,,GSA Advantage,Government SmartPay Card,,Standard,192,44135,11520,0,0,10262014,Complete Packaging,GS23FBA017,,,,
422254,11072014,DURACELL,MN1500-F,MN1500/PC1500 AA - CASE,000000000000,"DURACELL SIZE AA BATTERY14L X 7W DURACELL ""AA"" ALKALINE BATTERY, 144/CASE. SO",,,,Hardware,CT,1,144,63.7,63.7,,,,D,0,0,-63.7,,Department of Agriculture,"Other, Not Listed",,,no,no,no,no,no,no,no,,GSA Advantage,Government SmartPay Card,,Standard,1,49781,11520,0,0,11102014,Complete Packaging,GS23FBA017,,,,
422258,11072014,DURACELL,MN2400-C,AAA BATTERY - DURA,000000000000,"AAA BATTERY, [24 PACK]AA BATTERY, MN2400, 24 PER PACK Battery, ""AAA""Any quest",,,,Hardware,PK,1,24,11.5,11.5,,,,D,0,0,-11.5,,Department of the Interior,"Other, Not Listed",,,no,no,no,no,no,no,no,,GSA Advantage,Government SmartPay Card,,Standard,9,10305,11520,0,0,11102014,Complete Packaging,GS23FBA017,,,,
422258,11072014,DURACELL,DU9V1R-D,DURMN1604BU,000000000000,9 VOLT BATTERYCOPPERTOP 9V ALKALINE BATTERIES 1 BATTERY PER PACK,,,,Hardware,PK,12,1,2.33,27.96,,,,D,0,0,-2.33,,Department of the Interior,"Other, Not Listed",,,no,no,no,no,no,no,no,,GSA Advantage,Government SmartPay Card,,Standard,1,10305,11520,0,0,11102014,Complete Packaging,GS23FBA017,,,,
421178,10222014,AKRO MILS INC,10726,409055,000000000000,"26 DRAWER CABINET26 Drawer Cabinet, Rugged, High Impact Polystyrene Frame Res",,,,Hardware,EA,3,,18.05,54.15,,,,D,0,0,-18.05,,National Aeronautics and Space Admi,"Other, Not Listed",,,no,no,no,no,no,no,no,,GSA Advantage,Government SmartPay Card,,Standard,12,93524,11520,0,0,10272014,Complete Packaging,GS23FBA017,,,,
421371,10242014,RECKITT BENCKISER PRO,74983,525926,000000000000,"GAL LYSOL IC CLEANERLysol IC, Gallon Quaternary Disinfectant Cleaner, Concent",,,,Hardware,EA,44,,25.39,1117.16,,,,D,27.13,1193.72,1.74,,Department of Homeland Security,"Other, Not Listed",,,no,no,no,no,no,no,no,,GSA Advantage,Government SmartPay Card,,Standard,36.9,85711,11520,0,0,10292014,Complete Packaging,GS23FBA017,,,,
422273,11072014,EAR,311-1101,247-311-1101,080529110015,PLUGS WITH CORDPLUGS WITH CORD- Any questions or further inquiries about this,,,,Hardware,BX,1,200,49.31,49.31,,,,D,0,0,-49.31,,Department of Agriculture,"Other, Not Listed",,,yes,no,no,no,no,no,no,,GSA Advantage,Government SmartPay Card,,Standard,0.01,40744,11520,0,0,11112014,Complete Packaging,GS23FBA017,,,,
422278,11072014,DURACELL,MN2400-F,MN2400/PC2400 AAA - CASE,000000000000,"DURACELL SIZE AAA BATTERY10L X 5W DURACELL ""AAA"" ALKALINE BATTERY, 72/CASE. S",,,,Hardware,CT,1,72,32.25,32.25,,,,D,0,0,-32.25,,Department of the Navy,"Other, Not Listed",,,no,no,no,no,no,no,no,,GSA Advantage,Government SmartPay Card,,Standard,1,22448,11520,0,0,11102014,Complete Packaging,GS23FBA017,,,,
422278,11072014,DURACELL,MN1500-F,MN1500/PC1500 AA - CASE,000000000000,"DURACELL SIZE AA BATTERY14L X 7W DURACELL ""AA"" ALKALINE BATTERY, 144/CASE. SO",,,,Hardware,CT,1,144,63.7,63.7,,,,D,0,0,-63.7,,Department of the Navy,"Other, Not Listed",,,no,no,no,no,no,no,no,,GSA Advantage,Government SmartPay Card,,Standard,1,22448,11520,0,0,11102014,Complete Packaging,GS23FBA017,,,,
422280,11072014,LCN,LCN-4041,LC4041,000000000000,SUPER SMOOTHEE REGULAR ARMSuper Smoothee for interior or exterior use. Non si,,,,Hardware,EA,2,,280.9,561.8,,,,D,0,0,-280.9,,Department of Veterans Affairs,"Other, Not Listed",,,no,no,no,no,no,no,no,,GSA Advantage,Government SmartPay Card,,Standard,1,54660,11520,0,0,11122014,Complete Packaging,GS23FBA017,,,,
422287,11072014,BUNN-O-MATIC,BUNVPR,BUNVPR,000000000000,"BREWER,COFFEE,1-POTBREWER,COFFEE,1-POTPour-O-Matic features a long-life desig",,,,Hardware,EA,1,,271.34,271.34,,,,D,0,0,-271.34,,Department of Homeland Security,"Other, Not Listed",,,no,no,no,no,no,no,no,,GSA Advantage,Government SmartPay Card,,Standard,1,85131,11520,0,0,11122014,Complete Packaging,GS23FBA017,,,,
422287,11072014,BUNN-O-MATIC,BUN6078,BUN6078,000000000000,"DECANTER,STANDARDDECANTER,STANDARD- Any questions or further inquiries about",,,,Hardware,EA,3,,14.03,42.09,,,,D,0,0,-14.03,,Department of Homeland Security,"Other, Not Listed",,,no,no,no,no,no,no,no,,GSA Advantage,Government SmartPay Card,,Standard,1,85131,11520,0,0,11122014,Complete Packaging,GS23FBA017,,,,
422178,11062014,ENCORE PLASTICS CORP,00512,103722,000000000000,"4"" PAINT ROLLER TRAY4"", Paint Roller Tray For Trim & Mini Rollers.Any questio",,,,Hardware,EA,20,,6.04,120.8,,,,D,0,0,-6.04,,Department of Agriculture,"Other, Not Listed",,,no,no,no,no,no,no,no,,GSA Advantage,Government SmartPay Card,,Standard,0.2,81130,11520,0,0,11102014,Complete Packaging,GS23FBA017,,,,
422179,11062014,AMREP,R09701,019-R09701,000000000000,HEAVY DUTY WALL MOUNT HAND CARHEAVY DUTY WALL MOUNT HAND CARE SYSTEM- Any que,,,,Hardware,EA,1,,55.39,55.39,,,,D,0,0,-55.39,,Department of the Interior,"Other, Not Listed",,,no,no,no,no,no,no,no,,GSA Advantage,Government SmartPay Card,,Standard,2.5,20019,11520,0,0,11102014,Complete Packaging,GS23FBA017,,,,
422310,11072014,EVEREADY BATTERY CO,EN92-24PK,AAA BATTERY - ENERGIZER,000000000000,"AAA BATTERY, [ 24 PACK]AAA BATTERY 24 PER PACK EN92 Industrial Alkaline Batte",,,,Hardware,PK,2,24,11.93,23.86,,,,D,0,0,-11.93,,Department of Justice,"Other, Not Listed",,,no,no,no,no,no,no,no,,GSA Advantage,Government SmartPay Card,,Standard,7,37203,11520,0,0,11112014,Complete Packaging,GS23FBA017,,,,
422310,11072014,GILLETTE/DURACELL,DU9V1R-F,DURA 9V ALK BATTERY,000000000000,"9 VOLT BATTERYDuracell, Size ""9V"" Alkaline Battery.Any questions or further i",,,,Hardware,EA,12,,2.33,27.96,,,,D,0,0,-2.33,,Department of Justice,"Other, Not Listed",,,no,no,no,no,no,no,no,,GSA Advantage,Government SmartPay Card,,Standard,1.46,37203,11520,0,0,11112014,Complete Packaging,GS23FBA017,,,,
422312,11072014,"LAGASSE BROTHERS, INC.",WIN 1220-85,536287,000000000000,"30PK HSEHLD ROLL TOWEL30 Pack, White 2 Ply Household Roll Towel, 85 Sheets Pe",,,,Hardware,EA,1,,28.6,28.6,,,,D,0,0,-28.6,,Department of Agriculture,"Other, Not Listed",,,no,no,no,no,no,no,no,,GSA Advantage,Government SmartPay Card,,Standard,21,59047,11520,0,0,11112014,Complete Packaging,GS23FBA017,,,,
422324,11072014,EVEREADY BATTERY CO,EN92-24PK,AAA BATTERY - ENERGIZER,000000000000,"AAA BATTERY, [ 24 PACK]AAA BATTERY 24 PER PACK EN92 Industrial Alkaline Batte",,,,Hardware,PK,3,24,11.93,35.79,,,,D,0,0,-11.93,,Department of the Air Force,"Other, Not Listed",,,no,no,no,no,no,no,no,,GSA Advantage,Government SmartPay Card,,Standard,7,31098,11520,0,0,11112014,Complete Packaging,GS23FBA017,,,,
422195,11062014,3M CORPORATION,1130-A,642091,000000000000,"2"" X 30 YARDScotch, 2"" x 30 YD, Multi-Use Duct Tape, Durable, Waterproof Back",,,,Hardware,EA,10,,3.61,36.1,,,,D,0,0,-3.61,,Department of Veterans Affairs,"Other, Not Listed",,,no,no,no,no,no,no,no,,GSA Advantage,Government SmartPay Card,,Standard,1,16504,11520,0,0,11102014,Complete Packaging,GS23FBA017,,,,
422327,11072014,EVEREADY BATTERY CO,E95BP-4,412825,000000000000,"EVER 4PK D ALK BATTERYEveready, Energizer, 4 Pack Size ""D"" Alkaline Battery.A",,,,Hardware,EA,12,,7.02,84.24,,,,D,0,0,-7.02,,Department of the Air Force,"Other, Not Listed",,,no,no,no,no,no,no,no,,GSA Advantage,Government SmartPay Card,,Standard,15,93524,11520,0,0,11112014,Complete Packaging,GS23FBA017,,,,
422329,11072014,HOSPITAL SPECIA,HOS6141,HOS6141-SB,000000000000,WAXED BAG FOR SNTRY NPKNRECPTFor use with Rubbermaid Receptacle (RCP 6140 WHI,,,,Hardware,CT,2,250,18.42,36.84,,,,D,0,0,-18.42,,Department of the Interior,"Other, Not Listed",,,no,no,no,no,no,no,no,,GSA Advantage,Government SmartPay Card,,Standard,1,57567,11520,0,0,11122014,Complete Packaging,GS23FBA017,,,,
422332,11082014,SUNNYSIDE CORPORATION,80332,478164,000000000000,"QT MINERAL SPIRITSQT, Mineral Spirits In Metal Can, Intended For Use With Mos",,,,Hardware,EA,12,,3.61,43.32,,,,D,0,0,-3.61,,"Corps of Engineers, Civil","Other, Not Listed",,,no,no,no,no,no,no,no,,GSA Advantage,Government SmartPay Card,,Standard,25,98813,11520,0,0,11132014,Complete Packaging,GS23FBA017,,,,
422201,11062014,PROCTER & GAMBLE,32694,172673,000000000000,"SWIFFERWETJET START KITSwiffer Wetjet Starter Kit, Includes 1 Power Mop, 2 Ab",,,,Hardware,EA,1,,30.39,30.39,,,,D,0,0,-30.39,,Department of Homeland Security,"Other, Not Listed",,,no,no,no,no,no,no,no,,GSA Advantage,Government SmartPay Card,,Standard,4.59,93109,11520,0,0,11102014,Complete Packaging,GS23FBA017,,,,
422234,11062014,DURACELL,PC2400BKD,243-PC2400BKD,000000000000,AAA SIZE BATTERY ALKALINEAAA SIZE BATTERY ALKALINE- Any questions or further,,,,Hardware,EA,1,,11.5,11.5,,,,D,0,0,-11.5,,Department of the Interior,"Other, Not Listed",,,no,no,no,no,no,no,no,,GSA Advantage,Government SmartPay Card,,Standard,1,96063,11520,0,0,11102014,Complete Packaging,GS23FBA017,,,,
422269,11072014,WESTERN ENTERPRISES,810,312-810,000000000000,ADAPTOR CGA-580-320ADAPTOR CGA-580-320- Any questions or further inquiries ab,,,,Hardware,EA,2,,12.59,25.18,,,,D,0,0,-12.59,,Department of the Navy,"Other, Not Listed",,,no,no,no,no,no,no,no,,GSA Advantage,Government SmartPay Card,,Standard,0.48,93245,11520,0,0,11112014,Complete Packaging,GS23FBA017,,,,
422268,11072014,EVEREADY BATTERY CO,2025BP-2N,124875,000000000000,"ENER2PK 3V 2025 BATTERYEnergizer, 2 Pack, 3V, 2025, Lithium Watch & Calculato",,,,Hardware,PK,2,10,30.87,61.74,,,,D,0,0,-30.87,,Department of the Army,"Other, Not Listed",,,no,no,no,no,no,no,no,,GSA Advantage,Government SmartPay Card,,Standard,0.23,07806,11520,0,0,11102014,Complete Packaging,GS23FBA017,,,,
422289,11072014,DURACELL,PC2400BKD,243-PC2400BKD,000000000000,AAA SIZE BATTERY ALKALINEAAA SIZE BATTERY ALKALINE- Any questions or further,,,,Hardware,EA,6,,11.5,69,,,,D,0,0,-11.5,,Department of Homeland Security,"Other, Not Listed",,,no,no,no,no,no,no,no,,GSA Advantage,Government SmartPay Card,,Standard,1,85131,11520,0,0,11112014,Complete Packaging,GS23FBA017,,,,
421627,10292014,ZEP INC,ZUFOGA19,148012,000000000000,"19OZ ZEP GLASS CLEANER19OZ, Aerosol, Zep Commercial, Foaming Glass Cleaner, S",,,,Hardware,PK,1,12,43.22,43.22,,,,D,46.19,46.19,2.97,,Department of Agriculture,"Other, Not Listed",,,no,no,no,no,no,no,no,,GSA Advantage,Government SmartPay Card,,Standard,19,93727,11520,0,0,11032014,Complete Packaging,GS23FBA017,,,,
421637,10292014,SPERIAN EMERGENCY EYEWASH,32-000462-0000,203-32-000462-0000,000000000000,EYESALINE DOUBLE 32 OZWALL STAEYESALINE DOUBLE 32 OZWALL STATION- Any questio,,,,Hardware,KT,1,,39.64,39.64,,,,D,42.36,42.36,2.72,,Department of the Air Force,"Other, Not Listed",,,no,no,no,no,no,no,no,,GSA Advantage,Government SmartPay Card,,Standard,5.23,95304,11520,0,0,11032014,Complete Packaging,GS23FBA017,,,,
421899,11032014,ANCHOR BRAND,AC210,101-AC210,000000000000,CLEAR DUAL LENS  BAYONETNON-SLCLEAR DUAL LENS BAYONETNON-SLIP TEMPLES- Any qu,,,,Hardware,EA,1,,25.9,25.9,,,,D,0,0,-25.9,,Department of Agriculture,"Other, Not Listed",,,no,no,no,no,no,no,no,,GSA Advantage,Government SmartPay Card,,Standard,1,59715,11520,0,0,11082014,Complete Packaging,GS23FBA017,,,,
422433,11122014,SF,SF12-BB,SF12-BB,000000000000,"123A LITHIUM BATTERIES - 12PKOptimized for use in flashlights, Lithium batter",,,,Hardware,BX,1,12,29.41,29.41,,,,D,0,0,-29.41,,Department of Homeland Security,"Other, Not Listed",,,no,no,no,no,no,no,no,,GSA Advantage,Government SmartPay Card,,Standard,5,02109,11520,0,0,11132014,Complete Packaging,GS23FBA017,,,,
422437,11122014,KABA,X-10,X-10-DR,000000000000,HIGH SECURITY LOCKSThe X-10 was designed and developed as a direct result of,,,,Hardware,EA,1,,1052.65,1052.65,,,,D,0,0,-1052.65,,Department of Veterans Affairs,"Other, Not Listed",,,no,no,no,no,no,no,no,,GSA Advantage,Government SmartPay Card,,Standard,10,54660,11520,0,0,11172014,Complete Packaging,GS23FBA017,,,,
422447,11122014,ANDERSON METALS CORP,38300-1235,609396,000000000000,"3/4X3-1/2 BRS NIPPLE3/4"" x 3-1/2"" Standard Brass Nipple, Bulk.Any questions o",,,,Hardware,EA,2,,6.01,12.02,,,,D,0,0,-6.01,,Department of Veterans Affairs,"Other, Not Listed",,,no,no,no,no,no,no,no,,GSA Advantage,Government SmartPay Card,,Standard,0,66622,11520,0,0,11142014,Complete Packaging,GS23FBA017,,,,
422447,11122014,ANDERSON METALS CORP,38300-1220,609362,000000000000,"3/4X2 BRS NIPPLE3/4"" x 2"" Standard Brass Nipple, Bulk.Any questions or furthe",,,,Hardware,EA,2,,3.85,7.7,,,,D,0,0,-3.85,,Department of Veterans Affairs,"Other, Not Listed",,,no,no,no,no,no,no,no,,GSA Advantage,Government SmartPay Card,,Standard,0,66622,11520,0,0,11142014,Complete Packaging,GS23FBA017,,,,
422447,11122014,ANDERSON METALS CORP,38300-0835,609297,000000000000,"1/2X3-1/2 BRS NIPPLE1/2"" x 3-1/2"" Standard Brass Nipple, Bulk.Any questions o",,,,Hardware,EA,2,,4.81,9.62,,,,D,0,0,-4.81,,Department of Veterans Affairs,"Other, Not Listed",,,no,no,no,no,no,no,no,,GSA Advantage,Government SmartPay Card,,Standard,1.15,66622,11520,0,0,11142014,Complete Packaging,GS23FBA017,,,,
422447,11122014,LENOX,20598,433-20598,000000000000,966R 9X7/8X062X6TPI RECIPROCAT966R 9X7/8X062X6TPI RECIPROCATING SAW BLADE- An,,,,Hardware,EA,1,,10.15,10.15,,,,D,0,0,-10.15,,Department of Veterans Affairs,"Other, Not Listed",,,no,no,no,no,no,no,no,,GSA Advantage,Government SmartPay Card,,Standard,0,66622,11520,0,0,11142014,Complete Packaging,GS23FBA017,,,,
422447,11122014,LENOX,20178,433-20178,000000000000,9114R 9X1X.042 14TPI RECIPROCA9114R 9X1X.042 14TPI RECIPROCATING SAW BLADE- A,,,,Hardware,EA,1,,26.09,26.09,,,,D,0,0,-26.09,,Department of Veterans Affairs,"Other, Not Listed",,,no,no,no,no,no,no,no,,GSA Advantage,Government SmartPay Card,,Standard,0,66622,11520,0,0,11142014,Complete Packaging,GS23FBA017,,,,
422447,11122014,ANDERSON METALS CORP,38300-1230,609388,000000000000,"3/4X3 BRS NIPPLE3/4"" x 3"" Standard Brass Nipple, Bulk.Any questions or furthe",,,,Hardware,EA,2,,5.3,10.6,,,,D,0,0,-5.3,,Department of Veterans Affairs,"Other, Not Listed",,,no,no,no,no,no,no,no,,GSA Advantage,Government SmartPay Card,,Standard,1.15,66622,11520,0,0,11142014,Complete Packaging,GS23FBA017,,,,
422447,11122014,ANDERSON METALS CORP,38300-0830,609289,000000000000,"1/2X3 BRS NIPPLE1/2"" x 3"" Standard Brass Nipple, Bulk.Any questions or furthe",,,,Hardware,EA,2,,3.85,7.7,,,,D,0,0,-3.85,,Department of Veterans Affairs,"Other, Not Listed",,,no,no,no,no,no,no,no,,GSA Advantage,Government SmartPay Card,,Standard,1,66622,11520,0,0,11142014,Complete Packaging,GS23FBA017,,,,
422447,11122014,ANDERSON METALS CORP,38300-1225,609370,000000000000,"3/4X2-1/2 BRS NIPPLE3/4"" x 2-1/2"" Standard Brass Nipple, Bulk.Any questions o",,,,Hardware,EA,2,,4.81,9.62,,,,D,0,0,-4.81,,Department of Veterans Affairs,"Other, Not Listed",,,no,no,no,no,no,no,no,,GSA Advantage,Government SmartPay Card,,Standard,0,66622,11520,0,0,11142014,Complete Packaging,GS23FBA017,,,,
421908,11042014,ANCHOR BRAND,AC32DC,101-AC32DC,000000000000,DISP CORDED SOFT  POLY(PU) FOADISP CORDED SOFT  POLY(PU) FOAM (BX/100 PAIR)-,,,,Hardware,BX,10,1,29.57,295.7,,,,D,0,0,-29.57,,Department of Veterans Affairs,"Other, Not Listed",,,no,no,no,no,no,no,no,,GSA Advantage,Government SmartPay Card,,Standard,1,45601,11520,0,0,11092014,Complete Packaging,GS23FBA017,,,,
421713,10302014,SF,SF12-BB,SF12-BB,000000000000,"123A LITHIUM BATTERIES - 12PKOptimized for use in flashlights, Lithium batter",,,,Hardware,BX,3,12,29.41,88.23,,,,D,31.43,94.29,2.02,,Department of Agriculture,"Other, Not Listed",,,no,no,no,no,no,no,no,,GSA Advantage,Government SmartPay Card,,Standard,5,86046,11520,0,0,11042014,Complete Packaging,GS23FBA017,,,,
422450,11122014,GILLETTE/DURACELL,DU9V1R-F,DURA 9V ALK BATTERY,000000000000,"9 VOLT BATTERYDuracell, Size ""9V"" Alkaline Battery.Any questions or further i",,,,Hardware,EA,36,,2.33,83.88,,,,D,0,0,-2.33,,Department of Agriculture,"Other, Not Listed",,,no,no,no,no,no,no,no,,GSA Advantage,Government SmartPay Card,,Standard,1.46,30601,11520,0,0,11132014,Complete Packaging,GS23FBA017,,,,
421942,11042014,EAR,312-1219,247-312-1219,000000000000,TAPERFIT II REGULAR EARPLUGS ITAPERFIT II REGULAR PLUGS IN POLY BAG- Any ques,,,,Hardware,PK,1,200,29.77,29.77,,,,D,0,0,-29.77,,Department of Veterans Affairs,"Other, Not Listed",,,no,no,no,no,no,no,no,,GSA Advantage,Government SmartPay Card,,Standard,2,01824,11520,0,0,11092014,Complete Packaging,GS23FBA017,,,,
422476,11122014,DURACELL,MN2400-F,MN2400/PC2400 AAA - CASE,000000000000,"DURACELL SIZE AAA BATTERY10L X 5W DURACELL ""AAA"" ALKALINE BATTERY, 72/CASE. S",,,,Hardware,CT,3,72,32.25,96.75,,,,D,0,0,-32.25,,Department of Agriculture,"Other, Not Listed",,,no,no,no,no,no,no,no,,GSA Advantage,Government SmartPay Card,,Standard,1,95563,11520,0,0,11142014,Complete Packaging,GS23FBA017,,,,
422521,11122014,FIRST ALERT,SCO5CN,SCO5CN-DR,000000000000,COMBINATION CARBON MONOXIDE/SMSilence/test feature to test functions and temp,,,,Hardware,EA,2,,45.84,91.68,,,,D,0,0,-45.84,,Department of Defense (Office of th,"Other, Not Listed",,,no,no,no,no,no,no,no,,GSA Advantage,Government SmartPay Card,,Standard,0,20755,11520,0,0,11172014,Complete Packaging,GS23FBA017,,,,
421951,11042014,LAB,CAPS1027P5,LBCAPS1027P5,000000000000,CAPS FOR BEST CYLINDERS 500 PACaps for Best Cylinders. Machined for a secure,,,,Hardware,PK,2,500,17.71,35.42,,,,D,0,0,-17.71,,Department of Labor,"Other, Not Listed",,,no,no,no,no,no,no,no,,GSA Advantage,Government SmartPay Card,,Standard,1,25813,11520,0,0,11092014,Complete Packaging,GS23FBA017,,,,
421747,10312014,GO-JO INSTITUTIONAL,9756-06,491826,000000000000,"800ML ANTI-BACTER SOAPMicrell, 800 ML, Anti-Bacterial Lotion Soap, Bag In A B",,,,Hardware,EA,5,,7.66,38.3,,,,D,8.18,40.9,0.52,,Department of the Air Force,"Other, Not Listed",,,no,no,no,no,no,no,no,,GSA Advantage,Government SmartPay Card,,Standard,11,51111,11520,0,0,11032014,Complete Packaging,GS23FBA017,,,,
422567,11132014,QUICKIE MFG,402-QUICK-1,566263,000000000000,"8"" DUST PAN/BRUSH8"", Dust Pan & Brush, Flagged Fibers On Brush To Gather Smal",,,,Hardware,EA,3,,9.04,27.12,,,,D,0,0,-9.04,,Department of Homeland Security,"Other, Not Listed",,,no,no,no,no,no,no,no,,GSA Advantage,Government SmartPay Card,,Standard,0.56,33701,11520,0,0,11142014,Complete Packaging,GS23FBA017,,,,
422570,11132014,GILLETTE/DURACELL,850674,MN1604VR4Z,000000000000,"DURA 4PK 9V ALK BATTERYDuracell, 4 Pack 9V Alkaline Battery, Tray.Any questio",,,,Hardware,EA,6,,11.69,70.14,,,,D,0,0,-11.69,,National Aeronautics and Space Admi,"Other, Not Listed",,,no,no,no,no,no,no,no,,GSA Advantage,Government SmartPay Card,,Standard,6,23681,11520,0,0,11142014,Complete Packaging,GS23FBA017,,,,
422574,11132014,DURACELL,MN2400-F,MN2400/PC2400 AAA - CASE,000000000000,"DURACELL SIZE AAA BATTERY10L X 5W DURACELL ""AAA"" ALKALINE BATTERY, 72/CASE. S",,,,Hardware,CT,2,72,32.25,64.5,,,,D,0,0,-32.25,,Department of Agriculture,"Other, Not Listed",,,no,no,no,no,no,no,no,,GSA Advantage,Government SmartPay Card,,Standard,1,92358,11520,0,0,11182014,Complete Packaging,GS23FBA017,,,,
422579,11132014,ANSELL,11-600-9-BK,012-11-600-9-BK,000000000000,205653 9 HYFLEX ULTRA LIGHTWEI205653 9 HYFLEX ULTRA LIGHTWEIGHT ASSEMBLY GLOV,,,,Hardware,PK,2,12,31.12,62.24,,,,D,0,0,-31.12,,Department of the Army,"Other, Not Listed",,,no,no,no,no,no,no,no,,GSA Advantage,Government SmartPay Card,,Standard,1.08,37909,11520,0,0,11172014,Complete Packaging,GS23FBA017,,,,
421778,10312014,PROCTER & GAMBLE/DURACELL,PC1300,727112,000000000000,"DURA 12PK D PRO BATTERYDuracell, 12 Pack 1.5V ""D"" Size Procell Alkaline Batte",,,,Hardware,EA,2,,17.45,34.9,,,,D,18.65,37.3,1.2,,"Corps of Engineers, Civil","Other, Not Listed",,,no,no,no,no,no,no,no,,GSA Advantage,Government SmartPay Card,,Standard,4.04,72802,11520,0,0,11042014,Complete Packaging,GS23FBA017,,,,
421964,11042014,DURACELL,MN2400-F,MN2400/PC2400 AAA - CASE,000000000000,"DURACELL SIZE AAA BATTERY10L X 5W DURACELL ""AAA"" ALKALINE BATTERY, 72/CASE. S",,,,Hardware,CT,1,72,32.25,32.25,,,,D,0,0,-32.25,,Department of Homeland Security,"Other, Not Listed",,,no,no,no,no,no,no,no,,GSA Advantage,Government SmartPay Card,,Standard,1,32508,11520,0,0,11072014,Complete Packaging,GS23FBA017,,,,
422590,11132014,DURACELL,DUC2R-A,DURMN1400B2,000000000000,"BATTERY,ALKLIN,C,2PK,1.5VBATTERY,ALKLIN,C,2PK,1.5V  WE STOCK ALL SIZE BATTERI",,,,Hardware,PK,20,2,2.7,54,,,,D,0,0,-2.7,,Department of Homeland Security,"Other, Not Listed",,,no,no,no,no,no,no,no,,GSA Advantage,Government SmartPay Card,,Standard,1,91950,11520,0,0,11172014,Complete Packaging,GS23FBA017,,,,
421782,10312014,LAB,108F,LB108F,000000000000,IC-SHORT SPRINGS FOR IC CORE CIC-Short Springs for Interchangeable Core Cylin,,,,Hardware,PK,3,100,4.79,14.37,,,,D,5.12,15.36,0.33,,Department of Labor,"Other, Not Listed",,,no,no,no,no,no,no,no,,GSA Advantage,Government SmartPay Card,,Standard,1,25813,11520,0,0,11052014,Complete Packaging,GS23FBA017,,,,
422622,11142014,PELICAN,2360,562-2360,000000000000,COMPACT LED FLASHLIGHT PEAK OUCompact LED Flashlight; Peak Output of 110 Lume,,,,Hardware,EA,2,,37.83,75.66,,,,D,0,0,-37.83,,Department of Veterans Affairs,"Other, Not Listed",,,no,no,no,no,no,no,no,,GSA Advantage,Government SmartPay Card,,Standard,0,54660,11520,0,0,11192014,Complete Packaging,GS23FBA017,,,,
422629,11142014,DURACELL,DU9V1R-A,9V BATTERY DURACELL - MN1604,000000000000,9V BATTERY9V Duracell Batteries - MN1604. We stock all Duracell batteries & a,,,,Hardware,EA,40,,2.33,93.2,,,,D,0,0,-2.33,,Department of the Army,"Other, Not Listed",,,no,no,no,no,no,no,no,,GSA Advantage,Government SmartPay Card,,Standard,1,85613,11520,0,0,11172014,Complete Packaging,GS23FBA017,,,,
421782,10312014,LAB,FSC,LBFSC,000000000000,SPRING COVERS FOR I.CORE CYLINSpring Covers for I.Core Cylinders. 2 types ava,,,,Hardware,PK,3,25,3.87,11.61,,,,D,4.13,12.39,0.26,,Department of Labor,"Other, Not Listed",,,no,no,no,no,no,no,no,,GSA Advantage,Government SmartPay Card,,Standard,1,25813,11520,0,0,11052014,Complete Packaging,GS23FBA017,,,,
422652,11142014,DURACELL,PC1500BKD,243-PC1500BKD,000000000000,AA ALKALINE INDUSTRIAL BAA ALKALINE INDUSTRIAL B- Any questions or further in,,,,Hardware,EA,3,,12.15,36.45,,,,D,0,0,-12.15,,Department of the Interior,"Other, Not Listed",,,no,no,no,no,no,no,no,,GSA Advantage,Government SmartPay Card,,Standard,1,80537,11520,0,0,11192014,Complete Packaging,GS23FBA017,,,,
421848,11032014,FRAM GROUP,PH6017A,146699,000000000000,"FRAM PH6017A OIL FILTERFram, PH6017A, Spin On, Motorcycle Oil Filter, Designe",,,,Hardware,PK,1,6,44.32,44.32,,,,D,47.37,47.37,3.05,,Department of the Air Force,"Other, Not Listed",,,no,no,no,no,no,no,no,,GSA Advantage,Government SmartPay Card,,Standard,2.55,71110,11520,0,0,11052014,Complete Packaging,GS23FBA017,,,,
422741,11142014,HUSKY RACK AND WIRE,IU18480096,IU18480096-DR,000000000000,"48 X 96 INVINCIBLE FRAMES48 x 96 IU18: 3""x1-5/8""x14ga16700 CapacityWireway-Hu",,,,Hardware,EA,2,,84.79,169.58,,,,D,0,0,-84.79,,Department of Agriculture,"Other, Not Listed",,,no,no,no,no,no,no,no,,GSA Advantage,Government SmartPay Card,,Standard,41,99164,11520,0,0,11192014,Complete Packaging,GS23FBA017,,,,
421961,11042014,PELICAN,2600C,562-2600C,000000000000,"HEADSUP LIGHTHEADS-UP LITE BLACK 4 AA WITH COTH & RUBBER STRAP, HEADS-UP LITE",,,,Hardware,EA,3,,33.92,101.76,,,,D,0,0,-33.92,,Department of Labor,"Other, Not Listed",,,no,no,no,no,no,no,no,,GSA Advantage,Government SmartPay Card,,Standard,1,19610,11520,0,0,11092014,Complete Packaging,GS23FBA017,,,,
421864,11032014,MILWAUKEE ELECTRIC TOOLS,22-64-1837,495-22-64-1837,000000000000,CORDCORD- Any questions or further inquiries about this particular item pleas,,,,Hardware,EA,2,,14.45,28.9,,,,D,0,0,-14.45,,Department of the Navy,"Other, Not Listed",,,no,no,no,no,no,no,no,,GSA Advantage,Government SmartPay Card,,Standard,1,28533,11520,0,0,11082014,Complete Packaging,GS23FBA017,,,,
422873,11172014,3M COMMERCIAL,74,810614,000000000000,"6.1X3.6 MD SCRUB SPONGEScotch-Brite, 6.1"" x 3.6"" Medium Duty Scrubbing Sponge",,,,Hardware,EA,300,,2.4,720,,,,D,0,0,-2.4,,Department of Veterans Affairs,"Other, Not Listed",,,no,no,no,no,no,no,no,,GSA Advantage,Government SmartPay Card,,Standard,3.2,63125,11520,0,0,11202014,Complete Packaging,GS23FBA017,,,,
421871,11032014,HUSQVARNA,539110411,539110411-DR,000000000000,"BELT, HYDRO PUMPBELT, HYDRO PUMPAny questions further inquiries about this pa",,,,Hardware,EA,1,,17.02,17.02,,,,D,0,0,-17.02,,Department of Homeland Security,"Other, Not Listed",,,no,no,no,no,no,no,no,,GSA Advantage,Government SmartPay Card,,Standard,20,70358,11520,0,0,11072014,Complete Packaging,GS23FBA017,,,,
422894,11172014,PROCTER & GAMBLE,44750,177220,000000000000,"SWIFFERDUSTER/EXTHANDLESwiffer Duster With Extendable Handle, Handle Extends",,,,Hardware,EA,6,,10.22,61.32,,,,D,0,0,-10.22,,Department of Veterans Affairs,"Other, Not Listed",,,no,no,no,no,no,no,no,,GSA Advantage,Government SmartPay Card,,Standard,6.19,66048,11520,0,0,11202014,Complete Packaging,GS23FBA017,,,,
422901,11172014,EVEREADY BATTERY CO,E95BP-4,412825,000000000000,"EVER 4PK D ALK BATTERYEveready, Energizer, 4 Pack Size ""D"" Alkaline Battery.A",,,,Hardware,EA,5,,7.02,35.1,,,,D,0,0,-7.02,,Department of Housing and Urban Dev,"Other, Not Listed",,,no,no,no,no,no,no,no,,GSA Advantage,Government SmartPay Card,,Standard,15,20401,11520,0,0,11202014,Complete Packaging,GS23FBA017,,,,
421871,11032014,HUSQVARNA,532187292,532187292-DR,000000000000,MANDREL ASM. SERVICEMANDREL ASM. SERVICEAny questions further inquiries about,,,,Hardware,EA,2,,22.17,44.34,,,,D,0,0,-22.17,,Department of Homeland Security,"Other, Not Listed",,,no,no,no,no,no,no,no,,GSA Advantage,Government SmartPay Card,,Standard,5,70358,11520,0,0,11072014,Complete Packaging,GS23FBA017,,,,
422327,11072014,EVEREADY BATTERY CO,522BP-2,168005,000000000000,"EVER 2PK 9V ALK BATTERYEveready, 2 Pack 9V Alkaline Energizer Battery.Any que",,,,Hardware,EA,4,,6.14,24.56,,,,D,0,0,-6.14,,Department of the Air Force,"Other, Not Listed",,,no,no,no,no,no,no,no,,GSA Advantage,Government SmartPay Card,,Standard,2.64,93524,11520,0,0,11112014,Complete Packaging,GS23FBA017,,,,
422351,11102014,MOLDEX,1200N95,507-1200N95,000000000000,DIRT DAWGS N95 PARTICULATE RESDIRT DAWGS N95 PARTICULATE RESPIRATOR- Any ques,,,,Hardware,EA,2,,17.94,35.88,,,,D,0,0,-17.94,,Department of Veterans Affairs,"Other, Not Listed",,,no,no,no,no,no,no,no,,GSA Advantage,Government SmartPay Card,,Standard,0,29405,11520,0,0,11122014,Complete Packaging,GS23FBA017,,,,
422919,11172014,RENATA,CR2477N,CR2477N-CB,000000000000,"3V LITHIUM COIN CELL BATTERY,This CR2477N Lithium Coin Cell Battery is 3 V an",,,,Hardware,EA,100,,4.52,452,,,,D,0,0,-4.52,,Department of Veterans Affairs,"Other, Not Listed",,,no,no,no,no,no,no,no,,GSA Advantage,Government SmartPay Card,,Standard,1,18711,11520,0,0,11202014,Complete Packaging,GS23FBA017,,,,
422351,11102014,3M OH/ESD,9210,142-9210,000000000000,3M 9210 RESPIRATOR ( 20PER BOX3M RESPIRATOR ( 20PER BOX )- Any questions or f,,,,Hardware,BX,2,1,21.67,43.34,,,,D,0,0,-21.67,,Department of Veterans Affairs,"Other, Not Listed",,,no,no,no,no,no,no,no,,GSA Advantage,Government SmartPay Card,,Standard,0.2,29405,11520,0,0,11122014,Complete Packaging,GS23FBA017,,,,
422371,11102014,ANVIL INTERNATIONAL INC,8700138350,238154,000000000000,"1/2XCLOSE BLK NIPPLE1/2"" x Close Black Nipple.Any questions or further inquir",,,,Hardware,EA,4,,0.94,3.76,,,,D,0,0,-0.94,,Department of Veterans Affairs,"Other, Not Listed",,,no,no,no,no,no,no,no,,GSA Advantage,Government SmartPay Card,,Standard,0,66622,11520,0,0,11112014,Complete Packaging,GS23FBA017,,,,
422371,11102014,ANVIL INTERNATIONAL INC,8700138400,238162,000000000000,"1/2X1-1/2 BLK NIPPLE1/2"" x 1-1/2"" Black Nipple.Any questions or further inqui",,,,Hardware,EA,4,,0.94,3.76,,,,D,0,0,-0.94,,Department of Veterans Affairs,"Other, Not Listed",,,no,no,no,no,no,no,no,,GSA Advantage,Government SmartPay Card,,Standard,0,66622,11520,0,0,11112014,Complete Packaging,GS23FBA017,,,,
422371,11102014,ANVIL INTERNATIONAL INC,8700138459,238170,000000000000,"1/2X2 BLK NIPPLE1/2"" x 2"" Black Nipple.Any questions or further inquiries che",,,,Hardware,EA,4,,1.06,4.24,,,,D,0,0,-1.06,,Department of Veterans Affairs,"Other, Not Listed",,,no,no,no,no,no,no,no,,GSA Advantage,Government SmartPay Card,,Standard,0,66622,11520,0,0,11112014,Complete Packaging,GS23FBA017,,,,
422932,11172014,3M COMMERCIAL,74,810614,000000000000,"6.1X3.6 MD SCRUB SPONGEScotch-Brite, 6.1"" x 3.6"" Medium Duty Scrubbing Sponge",,,,Hardware,EA,40,,2.4,96,,,,D,0,0,-2.4,,Department of Veterans Affairs,"Other, Not Listed",,,no,no,no,no,no,no,no,,GSA Advantage,Government SmartPay Card,,Standard,3.2,56303,11520,0,0,11202014,Complete Packaging,GS23FBA017,,,,
422938,11172014,ETTORE PRODUCTS COMPANY,11112,201734,000000000000,"12""PRO SS WIND SQUEEGEE12"", Professional Stainless Steel Window Squeegee, Pro",,,,Hardware,EA,3,,9.01,27.03,,,,D,0,0,-9.01,,Department of the Interior,"Other, Not Listed",,,no,no,no,no,no,no,no,,GSA Advantage,Government SmartPay Card,,Standard,0,95814,11520,0,0,11202014,Complete Packaging,GS23FBA017,,,,
422939,11172014,G E LIGHTING,97668,578866,000000000000,"GE 10W T3 QTZ HALO LAMPGE, Q10T3/CL/CD, 10W,12V, T-3 Bi-Pin Quartz Halogen La",,,,Hardware,EA,3,,9.83,29.49,,,,D,0,0,-9.83,,Department of the Interior,"Other, Not Listed",,,no,no,no,no,no,no,no,,GSA Advantage,Government SmartPay Card,,Standard,0,95814,11520,0,0,11202014,Complete Packaging,GS23FBA017,,,,
422924,11172014,ANVIL INTERNATIONAL INC,8700155305,229823,000000000000,"2X3-1/2 GALV NIPPLE2"" x 3-1/2"" Galvanized Nipple.Any questions or further inq",,,,Hardware,EA,6,,6.01,36.06,,,,D,0,0,-6.01,,Department of Homeland Security,"Other, Not Listed",,,no,no,no,no,no,no,no,,GSA Advantage,Government SmartPay Card,,Standard,0,94952,11520,0,0,11202014,Complete Packaging,GS23FBA017,,,,
422921,11172014,KIMBERLY-CLARK CORP,25861,139001,00036000258615,"120 CT WHT FACIAL TISSUEKLEENEX, 120 COUNT, WHITE, ULTRA SOFT, FACIAL TISSUE-",,,,Hardware,PK,1,24,80.93,80.93,,,,D,0,0,-80.93,,Department of the Interior,"Other, Not Listed",,,no,no,no,no,no,no,no,,GSA Advantage,Government SmartPay Card,,Standard,1,97702,11520,0,0,11202014,Complete Packaging,GS23FBA017,,,,
422996,11182014,DURACELL,MN2400-F,MN2400/PC2400 AAA - CASE,000000000000,"DURACELL SIZE AAA BATTERY10L X 5W DURACELL ""AAA"" ALKALINE BATTERY, 72/CASE. S",,,,Hardware,CT,2,72,32.25,64.5,,,,D,0,0,-32.25,,Department of the Interior,"Other, Not Listed",,,no,no,no,no,no,no,no,,GSA Advantage,Government SmartPay Card,,Standard,1,39183,11520,0,0,11202014,Complete Packaging,GS23FBA017,,,,
423003,11182014,OATEY COMPANY,15620,570533,000000000000,"1/2PT REALTUF T SEALANTHercules, 1/2 PT, Real Tuff Thread Sealant, Multi-Purp",,,,Hardware,EA,12,,6.25,75,,,,D,0,0,-6.25,,Department of the Army,"Other, Not Listed",,,no,no,no,no,no,no,no,,GSA Advantage,Government SmartPay Card,,Standard,22.5,70123,11520,0,0,11202014,Complete Packaging,GS23FBA017,,,,
423027,11182014,DURACELL,MN2400-C,AAA BATTERY - DURA,000000000000,"AAA BATTERY, [24 PACK]AA BATTERY, MN2400, 24 PER PACK Battery, ""AAA""Any quest",,,,Hardware,PK,3,24,11.5,34.5,,,,D,0,0,-11.5,,Department of Health and Human Serv,"Other, Not Listed",,,no,no,no,no,no,no,no,,GSA Advantage,Government SmartPay Card,,Standard,9,20024,11520,0,0,11202014,Complete Packaging,GS23FBA017,,,,
422924,11172014,THOMAS & BETTS,NC301-1,251507,000000000000,"3/8""CAB CLAMP CONNECTOR3/8"", Cable Clamp Connector, 1/2 Knockout, For Non Met",,,,Hardware,EA,20,,0.44,8.8,,,,D,0,0,-0.44,,Department of Homeland Security,"Other, Not Listed",,,no,no,no,no,no,no,no,,GSA Advantage,Government SmartPay Card,,Standard,0,94952,11520,0,0,11202014,Complete Packaging,GS23FBA017,,,,
423043,11182014,"LAGASSE BROTHERS, INC.",WIN 1220-85,536287,000000000000,"30PK HSEHLD ROLL TOWEL30 Pack, White 2 Ply Household Roll Towel, 85 Sheets Pe",,,,Hardware,EA,3,,28.6,85.8,,,,D,0,0,-28.6,,Department of Agriculture,"Other, Not Listed",,,no,no,no,no,no,no,no,,GSA Advantage,Government SmartPay Card,,Standard,21,95370,11520,0,0,11202014,Complete Packaging,GS23FBA017,,,,
423071,11192014,DURACELL,MN1500-F,MN1500/PC1500 AA - CASE,000000000000,"DURACELL SIZE AA BATTERY14L X 7W DURACELL ""AA"" ALKALINE BATTERY, 144/CASE. SO",,,,Hardware,CT,1,144,63.7,63.7,,,,D,0,0,-63.7,,Department of the Army,"Other, Not Listed",,,no,no,no,no,no,no,no,,GSA Advantage,Government SmartPay Card,,Standard,1,19902,11520,0,0,11202014,Complete Packaging,GS23FBA017,,,,
422924,11172014,RACO,2800,2800,000000000000,"CABLE CONNECTOR SNAP-IN 1/2""Cable Connector, Snap-In, 1/2""- Any questions or",,,,Hardware,EA,20,,1,20,,,,D,0,0,-1,,Department of Homeland Security,"Other, Not Listed",,,no,no,no,no,no,no,no,,GSA Advantage,Government SmartPay Card,,Standard,1,94952,11520,0,0,11202014,Complete Packaging,GS23FBA017,,,,
423095,11192014,AO SAFETY,82700-00000,247-82700-00000,000000000000,TUFFMASTER W96 PROPIONATE MOLDTUFFMASTER W96 PROPIONATE MOLDED WINDOW CLEAR-,,,,Hardware,EA,25,,5.07,126.75,,,,D,0,0,-5.07,,Department of the Air Force,"Other, Not Listed",,,no,no,no,no,no,no,no,,GSA Advantage,Government SmartPay Card,,Standard,1,33039,11520,0,0,11242014,Complete Packaging,GS23FBA017,,,,
423122,11192014,DURACELL,850605-2,DURMN1300VR8Z,000000000000,"COPPERTOP ALKALINE D BATTERIESCoppertop Alkaline D Batteries, 8 Batteries per",,,,Hardware,PK,17,8,12.69,215.73,,,,D,0,0,-12.69,,Department of Veterans Affairs,"Other, Not Listed",,,no,no,no,no,no,no,no,,GSA Advantage,Government SmartPay Card,,Standard,1,60141,11520,0,0,11202014,Complete Packaging,GS23FBA017,,,,
422974,11182014,"CLOROX COMPANY, THE",5323,532364,000000000000,"32OZ FORMULA409 CLEANER32 OZ, Formula 409, All Purpose Cleaner, Antibacterial",,,,Hardware,EA,8,,3.61,28.88,,,,D,0,0,-3.61,,Department of the Air Force,"Other, Not Listed",,,no,no,no,no,no,no,no,,GSA Advantage,Government SmartPay Card,,Standard,29.1,31098,11520,0,0,11202014,Complete Packaging,GS23FBA017,,,,
422966,11182014,GO-JO INSTITUTIONAL,9651-24,813565,000000000000,"4OZ HAND SANITIZER4 OZ, Purell Instant Hand Sanitizer, Use As A Supplement To",,,,Hardware,EA,24,,2.89,69.36,,,,D,0,0,-2.89,,Department of Homeland Security,"Other, Not Listed",,,no,no,no,no,no,no,no,,GSA Advantage,Government SmartPay Card,,Standard,1.74,90012,11520,0,0,11202014,Complete Packaging,GS23FBA017,,,,
423080,11192014,EVEREADY BATTERY CO,EN22,9 VOLT BATTERY - ENERGIZER,000000000000,"9 VOLT BATTERY, [12 PACK]9 VOLT BATTERY 12 PER PACK EN22 Alkaline Industrial",,,,Hardware,EA,2,12,22.32,44.64,,,,D,0,0,-22.32,,Department of Health and Human Serv,"Other, Not Listed",,,no,no,no,no,no,no,no,,GSA Advantage,Government SmartPay Card,,Standard,6,60532,11520,0,0,11202014,Complete Packaging,GS23FBA017,,,,
423042,11182014,G E SEALANTS & ADHESIVES,GE5070,510438,000000000000,"10.1OZ WHT K&B SEALANTSilicone II, 10.1 oz., White, Kitchen & Bath Caulk, 100",,,,Hardware,EA,24,,6.01,144.24,,,,D,0,0,-6.01,,Department of the Interior,"Other, Not Listed",,,no,no,no,no,no,no,no,,GSA Advantage,Government SmartPay Card,,Standard,0,89005,11520,0,0,11202014,Complete Packaging,GS23FBA017,,,,
423259,11202014,RECKITT BENCKISER,00262,287508,000000000000,"16PK 3LB RODENTICIDEd-CON, 16 Pack, 3 LB, Large Economy Size Rodenticide Bait",,,,Hardware,EA,1,,30.1,30.1,,,,D,0,0,-30.1,,Department of Agriculture,"Other, Not Listed",,,no,no,no,no,no,no,no,,GSA Advantage,Government SmartPay Card,,Standard,0,59014,11520,0,0,11242014,Complete Packaging,GS23FBA017,,,,
423308,11212014,HOWARD LEIGHT BY SPERIAN,MAX-LS4,154-MAX-LS4,000000000000,UNCORDED  LS-400 DISPENSER REFUNCORDED LS-400 DISPENSER REFILL MAX HIGHEST- A,,,,Hardware,PK,1,200,25.65,25.65,,,,D,0,0,-25.65,,Department of Homeland Security,"Other, Not Listed",,,no,no,no,no,no,no,no,,GSA Advantage,Government SmartPay Card,,Standard,1,02886,11520,0,0,11262014,Complete Packaging,GS23FBA017,,,,
423311,11212014,RENATA,CR2477N,CR2477N-CB,000000000000,"3V LITHIUM COIN CELL BATTERY,This CR2477N Lithium Coin Cell Battery is 3 V an",,,,Hardware,EA,6,,4.52,27.12,,,,D,0,0,-4.52,,Department of the Air Force,"Other, Not Listed",,,no,no,no,no,no,no,no,,GSA Advantage,Government SmartPay Card,,Standard,1,88101,11520,0,0,11242014,Complete Packaging,GS23FBA017,,,,
423222,11202014,LOCTITE,26221,442-26221,000000000000,10-ML THREADLOCKER 262PERMANEN10-ML THREADLOCKER 262PERMANENTAny questions or,,,,Hardware,BT,15,,13.15,197.25,,,,D,0,0,-13.15,,Department of the Army,"Other, Not Listed",,,no,no,no,no,no,no,no,,GSA Advantage,Government SmartPay Card,,Standard,0,67219,11520,0,0,11242014,Complete Packaging,GS23FBA017,,,,
423239,11202014,SPC,ENV100,655-ENV100,000000000000,PAD 15INX19IN OIL ONLY (100 PAPAD 15INX19IN OIL ONLY (100 PADS/BALE)- Any que,,,,Hardware,BA,2,1,53.03,106.06,,,,D,0,0,-53.03,,Department of Homeland Security,"Other, Not Listed",,,no,no,no,no,no,no,no,,GSA Advantage,Government SmartPay Card,,Standard,1,77541,11520,0,0,11242014,Complete Packaging,GS23FBA017,,,,
423240,11202014,HOWARD LEIGHT BY SPERIAN,MAX-1,154-MAX-1,000000000000,PRE-SHAPED FOAM EAR PLUGS W/OPRE-SHAPED FOAM EAR PLUGS W/O CORD 33- Any quest,,,,Hardware,PK,4,200,28.01,112.04,,,,D,0,0,-28.01,,Department of the Interior,"Other, Not Listed",,,no,no,no,no,no,no,no,,GSA Advantage,Government SmartPay Card,,Standard,2,59936,11520,0,0,11242014,Complete Packaging,GS23FBA017,,,,
423405,11242014,THERMWELL PRODUCTS,HD13,118555,000000000000,"DEFLECTOR DUST FILTERHeat & Air Deflector With Dust Filter, For Central Force",,,,Hardware,PK,1,,41.18,41.18,,,,D,0,0,-41.18,,Department of Agriculture,"Other, Not Listed",,,no,no,no,no,no,no,no,,GSA Advantage,Government SmartPay Card,,Standard,0,49969,11520,0,0,11262014,Complete Packaging,GS23FBA017,,,,
423417,11242014,EAR,312-1201,247-312-1201,000000000000,POLY BAG EAR PLUGSPOLY BAG PLUGS- Any questions or further inquiries about th,,,,Hardware,BX,1,,27.81,27.81,,,,D,0,0,-27.81,,Department of the Air Force,"Other, Not Listed",,,no,no,no,no,no,no,no,,GSA Advantage,Government SmartPay Card,,Standard,0.01,68113,11520,0,0,11262014,Complete Packaging,GS23FBA017,,,,
423429,11242014,"CLOROX COMPANY, THE",5323,532364,000000000000,"32OZ FORMULA409 CLEANER32 OZ, Formula 409, All Purpose Cleaner, Antibacterial",,,,Hardware,EA,9,,3.61,32.49,,,,D,0,0,-3.61,,Department of the Air Force,"Other, Not Listed",,,no,no,no,no,no,no,no,,GSA Advantage,Government SmartPay Card,,Standard,29.1,90245,11520,0,0,11262014,Complete Packaging,GS23FBA017,,,,
423445,11242014,AO SAFETY,45964-00001,247-45964-00001,000000000000,WHITE HARD HAT KLR8WHITE HARD HAT KLR8- Any questions or further inquiries ab,,,,Hardware,EA,4,,7.44,29.76,,,,D,0,0,-7.44,,Department of Homeland Security,"Other, Not Listed",,,no,no,no,no,no,no,no,,GSA Advantage,Government SmartPay Card,,Standard,0.38,66502,11520,0,0,11262014,Complete Packaging,GS23FBA017,,,,
423253,11202014,HILLMAN FASTENERS,121010-8PK,191668,000000000000,"8PK 10LB PICTURE HANGER8 Pack, 10 LB Picture Hanger, Steel Hangers With Match",,,,Hardware,PK,4,,8.3,33.2,,,,D,0,0,-8.3,,Department of Housing and Urban Dev,"Other, Not Listed",,,no,no,no,no,no,no,no,,GSA Advantage,Government SmartPay Card,,Standard,0,12203,11520,0,0,11242014,Complete Packaging,GS23FBA017,,,,
423515,11242014,EVEREADY,EVEECR2032BP,EVEECR2032BP,000000000000,BATTERY CALCULATORBATTERY  CALCULATOR  WE STOCK ALL SIZE BATTERIES CALL TOLL,,,,Hardware,EA,30,,1.14,34.2,,,,D,0,0,-1.14,,Department of Energy,"Other, Not Listed",,,no,no,no,no,no,no,no,,GSA Advantage,Government SmartPay Card,,Standard,1,80538,11520,0,0,11262014,Complete Packaging,GS23FBA017,,,,
423519,11242014,SPERIAN EMERGENCY EYEWASH,32-001100-0000,203-32-001100-0000,000000000000,8 OZ FENDALL WATER PRESERVATIV8 OZ FENDALL WATER PRESERVATIVE- Any questions,,,,Hardware,BT,0,,0,0,,,,C,0,0,0,,Department of the Air Force,"Other, Not Listed",,,no,no,no,no,no,no,no,,GSA Advantage,Government SmartPay Card,,Standard,0,93524,11520,0,0,11262014,Complete Packaging,GS23FBA017,,,,
423549,11252014,"CLOROX COMPANY, THE",5323,532364,000000000000,"32OZ FORMULA409 CLEANER32 OZ, Formula 409, All Purpose Cleaner, Antibacterial",,,,Hardware,EA,7,,3.61,25.27,,,,D,0,0,-3.61,,Department of the Air Force,"Other, Not Listed",,,no,no,no,no,no,no,no,,GSA Advantage,Government SmartPay Card,,Standard,29.1,17070,11520,0,0,11262014,Complete Packaging,GS23FBA017,,,,
423575,11252014,3M COMMERCIAL,96,810622,000000000000,"20PK 6X9 COMM SCOUR PADScotch-Brite, 20 Pack, 6"" x 9"", General Purpose Commer",,,,Hardware,EA,3,20,16.62,49.86,,,,D,0,0,-16.62,,Department of Homeland Security,"Other, Not Listed",,,no,no,no,no,no,no,no,,GSA Advantage,Government SmartPay Card,,Standard,1.4,08204,11520,0,0,11262014,Complete Packaging,GS23FBA017,,,,
423589,11252014,SANFORD,81850,SAN81850,000000000000,MARKER BOARD TOWELETTESTowelettes are designed to clean and restore white mar,,,,Hardware,EA,4,,6.35,25.4,,,,D,0,0,-6.35,,Department of the Army,"Other, Not Listed",,,no,no,no,no,no,no,no,,GSA Advantage,Government SmartPay Card,,Standard,1,58301,11520,0,0,11262014,Complete Packaging,GS23FBA017,,,,
423598,11252014,EVEREADY BATTERY CO,2025BP-2N,124875,000000000000,"ENER2PK 3V 2025 BATTERYEnergizer, 2 Pack, 3V, 2025, Lithium Watch & Calculato",,,,Hardware,PK,2,10,30.87,61.74,,,,D,0,0,-30.87,,Department of the Air Force,"Other, Not Listed",,,no,no,no,no,no,no,no,,GSA Advantage,Government SmartPay Card,,Standard,0.23,87117,11520,0,0,11262014,Complete Packaging,GS23FBA017,,,,
423343,11212014,EAGLE MFG CO,U2-51-S,263467,000000000000,"5GAL GALV SAFE CAN5 Gallon, Type ll, Galvanized Steel Safety Can With 1"" OD,",,,,Hardware,EA,5,,67.23,336.15,,,,D,0,0,-67.23,,Department of Homeland Security,"Other, Not Listed",,,no,no,no,no,no,no,no,,GSA Advantage,Government SmartPay Card,,Standard,10,98168,11520,0,0,11262014,Complete Packaging,GS23FBA017,,,,
423326,11212014,RUBBERMAID INC,1F91-00-RED,106873,000000000000,"4PC RED SINKWARE SET4 Piece, Red, Sinkware Set, Consists Of: Drain Board Mode",,,,Hardware,EA,1,,28.9,28.9,,,,D,0,0,-28.9,,Department of Agriculture,"Other, Not Listed",,,no,no,no,no,no,no,no,,GSA Advantage,Government SmartPay Card,,Standard,3.75,03824,11520,0,0,11242014,Complete Packaging,GS23FBA017,,,,
423396,11242014,ABCO PRODUCTS,01405-ABCO -1,774885,000000000000,"36"" JAN DUST MOP REFILL36"", Janitorial Dust Mop Refill, Cotton Yarn, Pre-Shru",,,,Hardware,EA,2,,16.56,33.12,,,,D,0,0,-16.56,,"Corps of Engineers, Civil","Other, Not Listed",,,no,no,no,no,no,no,no,,GSA Advantage,Government SmartPay Card,,Standard,0,71601,11520,0,0,11262014,Complete Packaging,GS23FBA017,,,,
423514,11242014,MASTER LOCK CO,931DPF,400652,000000000000,"INDUS GRADE PADLOCK2-1/8"" Industrial Grade Padlock, High Security Padlock, Sh",,,,Hardware,EA,1,,38.28,38.28,,,,D,0,0,-38.28,,Department of the Air Force,"Other, Not Listed",,,no,no,no,no,no,no,no,,GSA Advantage,Government SmartPay Card,,Standard,0,32544,11520,0,0,11262014,Complete Packaging,GS23FBA017,,,,
420233,10022014,A W MENDENHALL,84939224,551715,000000000000,"38OZ DAWN LIQ DISH SOAP38 OZ, Dawn Liquid Dish Detergent, Original Scent, Ins",,,,Hardware,EA,1,8,52.37,52.37,,,,D,0,0,-52.37,,Department of the Interior,"Other, Not Listed",,,no,no,no,no,no,no,no,,GSA Advantage,Government SmartPay Card,,Standard,23.92,83350,11520,0,0,10072014,Complete Packaging,GS23FBA017,,,,
422371,11102014,ANVIL INTERNATIONAL INC,8700138509,238188,000000000000,"1/2X2-1/2 BLK NIPPLE1/2"" x 2-1/2"" Black Nipple.Any questions or further inqui",,,,Hardware,EA,4,,1.18,4.72,,,,D,0,0,-1.18,,Department of Veterans Affairs,"Other, Not Listed",,,no,no,no,no,no,no,no,,GSA Advantage,Government SmartPay Card,,Standard,0,66622,11520,0,0,11112014,Complete Packaging,GS23FBA017,,,,
422371,11102014,ANVIL INTERNATIONAL INC,8700138558,238196,000000000000,"1/2X3 BLK NIPPLE1/2"" x 3"" Black Nipple.Any questions or further inquiries che",,,,Hardware,EA,4,,1.18,4.72,,,,D,0,0,-1.18,,Department of Veterans Affairs,"Other, Not Listed",,,no,no,no,no,no,no,no,,GSA Advantage,Government SmartPay Card,,Standard,0,66622,11520,0,0,11112014,Complete Packaging,GS23FBA017,,,,
420179,10012014,QUICKIE MFG,403-QUICK-1,566275,000000000000,"PLAS DUST BRUSHAll Plastic Construction Dust Brush, Quality Flagged Fiber, Co",,,,Hardware,EA,12,,7.72,92.64,,,,D,8.25,99,0.53,,Department of Homeland Security,"Other, Not Listed",,,no,no,no,no,no,no,no,,GSA Advantage,Government SmartPay Card,,Standard,0.23,94501,11520,0,0,10062014,Complete Packaging,GS23FBA017,,,,
422371,11102014,ANVIL INTERNATIONAL INC,8700138608,238204,000000000000,"1/2X3-1/2 BLK NIPPLE1/2"" x 3-1/2"" Black Nipple.Any questions or further inqui",,,,Hardware,EA,4,,1.31,5.24,,,,D,0,0,-1.31,,Department of Veterans Affairs,"Other, Not Listed",,,no,no,no,no,no,no,no,,GSA Advantage,Government SmartPay Card,,Standard,0,66622,11520,0,0,11112014,Complete Packaging,GS23FBA017,,,,
422447,11122014,SHURTECH BRANDS LLC,1358463,119579,000000000000,".90"" X 60YD FROG TAPE.94"" x 60 Yards, Frog Tape, Is The Only Pro Painter's Ta",,,,Hardware,EA,3,,6.26,18.78,,,,D,0,0,-6.26,,Department of Veterans Affairs,"Other, Not Listed",,,no,no,no,no,no,no,no,,GSA Advantage,Government SmartPay Card,,Standard,0,66622,11520,0,0,11142014,Complete Packaging,GS23FBA017,,,,
422447,11122014,SHURTECH BRANDS LLC,1358464,119581,000000000000,"1.88"" X 60YD FROG TAPE1.88"" x 60 Yards, Frog Tape, Is The Only Pro Painter's",,,,Hardware,EA,3,,10.28,30.84,,,,D,0,0,-10.28,,Department of Veterans Affairs,"Other, Not Listed",,,no,no,no,no,no,no,no,,GSA Advantage,Government SmartPay Card,,Standard,0.8,66622,11520,0,0,11142014,Complete Packaging,GS23FBA017,,,,
422543,11132014,ZING GREEN SAFETY PRODUCTS,4052,4052-DR,000000000000,"ECO SAFETY TRIVIEW SIGN, 12X9Slim TriView Sign ""FIRE EXTINGUISHER"", three sid",,,,Hardware,EA,6,,21.85,131.1,,,,D,0,0,-21.85,,Department of the Army,"Other, Not Listed",,,no,no,no,no,no,no,no,,GSA Advantage,Government SmartPay Card,,Standard,0,93940,11520,0,0,11182014,Complete Packaging,GS23FBA017,,,,
422475,11122014,GILLETTE/DURACELL,PX28LBPK,567977,000000000000,"DURA 6V PHOTO BATTERYDuracell, 6V Lithium Photo Battery, (Eveready #L544BP).A",,,,Hardware,EA,4,,7.67,30.68,,,,D,0,0,-7.67,,Department of Agriculture,"Other, Not Listed",,,no,no,no,no,no,no,no,,GSA Advantage,Government SmartPay Card,,Standard,0.45,87109,11520,0,0,11142014,Complete Packaging,GS23FBA017,,,,
422560,11132014,RAYOVAC,RL123A,RL-123-1-BJ,000000000000,CR123A 3V LITHIUM BATTERYRayovac's CR123A photo lithium batteries provide the,,,,Hardware,EA,22,,2.53,55.66,,,,D,0,0,-2.53,,Department of Homeland Security,"Other, Not Listed",,,no,no,no,no,no,no,no,,GSA Advantage,Government SmartPay Card,,Standard,1,60155,11520,0,0,11172014,Complete Packaging,GS23FBA017,,,,
422580,11132014,PROCTER & GAMBLE,80065,872192,000000000000,"40CT DOWNY DRYER SHEETSDowny, 40 Count, Fabric Softener, April Fresh Scent, D",,,,Hardware,EA,10,,3.97,39.7,,,,D,0,0,-3.97,,Department of Homeland Security,"Other, Not Listed",,,no,no,no,no,no,no,no,,GSA Advantage,Government SmartPay Card,,Standard,4.13,97439,11520,0,0,11142014,Complete Packaging,GS23FBA017,,,,
422295,11072014,ABCO PRODUCTS,01206-R,484546,000000000000,"60"" FBG MOP STICK60"", Fiberglass Mop Stick, Plastic Quick Release Head, Hinge",,,,Hardware,EA,5,,16.79,83.95,,,,D,0,0,-16.79,,Department of Homeland Security,"Other, Not Listed",,,no,no,no,no,no,no,no,,GSA Advantage,Government SmartPay Card,,Standard,1.42,02633,11520,0,0,11102014,Complete Packaging,GS23FBA017,,,,
422638,11142014,RAYOVAC,RL123A,RL-123-1-BJ,000000000000,CR123A 3V LITHIUM BATTERYRayovac's CR123A photo lithium batteries provide the,,,,Hardware,EA,10,,2.53,25.3,,,,D,0,0,-2.53,,Department of Labor,"Other, Not Listed",,,no,no,no,no,no,no,no,,GSA Advantage,Government SmartPay Card,,Standard,1,98004,11520,0,0,11172014,Complete Packaging,GS23FBA017,,,,
422622,11142014,MIDSTATES INC.,SF-16,200934,000000000000,"16OZ MOTOR TUNE UPSea Foam, 16 OZ Motor Tune-Up, 100% Pure Petroleum Product",,,,Hardware,EA,24,,12.2,292.8,,,,D,0,0,-12.2,,Department of Veterans Affairs,"Other, Not Listed",,,no,no,no,no,no,no,no,,GSA Advantage,Government SmartPay Card,,Standard,1.06,54660,11520,0,0,11192014,Complete Packaging,GS23FBA017,,,,
422743,11142014,JELMAR,CL4,788117,000000000000,"128OZ CLR CLEANER128 Fluid OZ, Enhanced Formula CLR Calcium, Lime & Rust Remo",,,,Hardware,EA,1,,28.89,28.89,,,,D,0,0,-28.89,,Department of Agriculture,"Other, Not Listed",,,no,no,no,no,no,no,no,,GSA Advantage,Government SmartPay Card,,Standard,38,84046,11520,0,0,11192014,Complete Packaging,GS23FBA017,,,,
422670,11142014,MAID BRANDS INC,827875,827875,000000000000,"GT 32OZ DEER REPELLENTGreen Thumb, 32 OZ, Ready To Use, Deer & Rabbit Repella",,,,Hardware,EA,2,,14.45,28.9,,,,D,0,0,-14.45,,"Corps of Engineers, Civil","Other, Not Listed",,,no,no,no,no,no,no,no,,GSA Advantage,Government SmartPay Card,,Standard,0,45103,11520,0,0,11192014,Complete Packaging,GS23FBA017,,,,
422741,11142014,HUSKY RACK AND WIRE,A1048G,A1048G-DR,000000000000,"48"" CROSSBARS48"" CrossbarsWireway-Husky Pallet Support Crossbar, spans gap be",,,,Hardware,EA,1,,8.31,8.31,,,,D,0,0,-8.31,,Department of Agriculture,"Other, Not Listed",,,no,no,no,no,no,no,no,,GSA Advantage,Government SmartPay Card,,Standard,0,99164,11520,0,0,11192014,Complete Packaging,GS23FBA017,,,,
422909,11172014,S C JOHNSON WAX,21845,707513,000000000000,"OFF6OZ DEEP WOODS SPRAYOff!, 6 OZ, Deep Woods Pump Spray Repellent, 25% Deet,",,,,Hardware,EA,12,,6.01,72.12,,,,D,0,0,-6.01,,Department of the Interior,"Other, Not Listed",,,no,no,no,no,no,no,no,,GSA Advantage,Government SmartPay Card,,Standard,5.22,87801,11520,0,0,11202014,Complete Packaging,GS23FBA017,,,,
422875,11172014,HOSPITAL SPECIALTY,HG-1-2,826647,000000000000,"TOILET SEAT DISPENSERWhite, Half-Fold Toilet Seat Cover Dispenser, 250 Count",,,,Hardware,PK,2,,30.99,61.98,,,,D,0,0,-30.99,,Department of the Interior,"Other, Not Listed",,,no,no,no,no,no,no,no,,GSA Advantage,Government SmartPay Card,,Standard,0,69001,11520,0,0,11202014,Complete Packaging,GS23FBA017,,,,
422584,11132014,VELCRO USA INC CONSUMER PDTS,91010-VELCR-1,616167,000000000000,"10PK WHT VELCRO SQUARESUltra-Mate, 10 Pack, Sports White Velcro Squares, New",,,,Hardware,EA,10,,7.86,78.6,,,,D,0,0,-7.86,,Department of Defense (Office of th,"Other, Not Listed",,,no,no,no,no,no,no,no,,GSA Advantage,Government SmartPay Card,,Standard,0,73145,11520,0,0,11142014,Complete Packaging,GS23FBA017,,,,
422915,11172014,PERMATEX,80078,587279,000000000000,"8OZ ANTI SEIZE COMPOUNDPermatex, 8 OZ Can Anti-Seize Compound With Brush Top,",,,,Hardware,EA,2,,13.38,26.76,,,,D,0,0,-13.38,,Department of the Army,"Other, Not Listed",,,no,no,no,no,no,no,no,,GSA Advantage,Government SmartPay Card,,Standard,0.7,39180,11520,0,0,11202014,Complete Packaging,GS23FBA017,,,,
420699,10142014,SPERIAN RESPIRATORY PROTECTION,313000,695-313000,000000000000,PREMIER 3130 HALF MASK RESPIRAPREMIER 3130 HALF MASK RESPIRATOR LARGE- Any qu,,,,Hardware,EA,2,,26.41,52.82,,,,D,0,0,-26.41,,Department of Veterans Affairs,"Other, Not Listed",,,no,no,no,no,no,no,no,,GSA Advantage,Government SmartPay Card,,Standard,1,33708,11520,0,0,10192014,Complete Packaging,GS23FBA017,,,,
421682,10302014,BEST BRAND,ND-PF-BX-BL-SM,BST-ND-PF-BX-BL-SM,000000000000,DISPOSABLE NITRILE GLOVES - POSize: 7 Small Disposable nitrile ambidextrous g,,,,Hardware,CT,1,10,154.85,154.85,,,,D,0,0,-154.85,,Department of Agriculture,"Other, Not Listed",,,no,no,no,no,no,no,no,,GSA Advantage,Government SmartPay Card,,Standard,3,77358,11520,0,0,11042014,Complete Packaging,GS23FBA017,,,,
421891,11032014,DURACELL,MN1500-F,MN1500/PC1500 AA - CASE,000000000000,"DURACELL SIZE AA BATTERY14L X 7W DURACELL ""AA"" ALKALINE BATTERY, 144/CASE. SO",,,,Hardware,CT,1,144,63.7,63.7,,,,D,0,0,-63.7,,Department of Veterans Affairs,"Other, Not Listed",,,no,no,no,no,no,no,no,,GSA Advantage,Government SmartPay Card,,Standard,1,82601,11520,0,0,11072014,Complete Packaging,GS23FBA017,,,,
421891,11032014,DURACELL,MN2400-F,MN2400/PC2400 AAA - CASE,000000000000,"DURACELL SIZE AAA BATTERY10L X 5W DURACELL ""AAA"" ALKALINE BATTERY, 72/CASE. S",,,,Hardware,CT,1,72,32.25,32.25,,,,D,0,0,-32.25,,Department of Veterans Affairs,"Other, Not Listed",,,no,no,no,no,no,no,no,,GSA Advantage,Government SmartPay Card,,Standard,1,82601,11520,0,0,11072014,Complete Packaging,GS23FBA017,,,,
421894,11032014,3M COMMERCIAL,74,810614,000000000000,"6.1X3.6 MD SCRUB SPONGEScotch-Brite, 6.1"" x 3.6"" Medium Duty Scrubbing Sponge",,,,Hardware,EA,60,,2.4,144,,,,D,2.56,153.6,0.16,,Department of Veterans Affairs,"Other, Not Listed",,,no,no,no,no,no,no,no,,GSA Advantage,Government SmartPay Card,,Standard,3.2,56303,11520,0,0,11052014,Complete Packaging,GS23FBA017,,,,
421684,10302014,SPARCO,01535,TRASH BAGS 01535,000000000000,"TRASH BAGS 0153501535 Heavy Duty Trash Bags, 39""x56"", 55 Gallon, BlackAny que",,,,Hardware,EA,2,,30.4,60.8,,,,D,32.49,64.98,2.09,,Department of the Interior,"Other, Not Listed",,,no,no,no,no,no,no,no,,GSA Advantage,Government SmartPay Card,,Standard,1,79091,11520,0,0,11042014,Complete Packaging,GS23FBA017,,,,
421901,11032014,DURACELL,MN2400-C,AAA BATTERY - DURA,000000000000,"AAA BATTERY, [24 PACK]AA BATTERY, MN2400, 24 PER PACK Battery, ""AAA""Any quest",,,,Hardware,PK,3,24,11.5,34.5,,,,D,0,0,-11.5,,Department of the Interior,"Other, Not Listed",,,no,no,no,no,no,no,no,,GSA Advantage,Government SmartPay Card,,Standard,9,78654,11520,0,0,11072014,Complete Packaging,GS23FBA017,,,,
421714,10302014,DURACELL,DURMN2400V12,DURMN2400V12,000000000000,"AAA BATTERYBATTERY,ALKLN,AAA,12PAK  WE STOCK ALL SIZE BATTERIES CALL TOLL FRE",,,,Hardware,PK,8,12,9.35,74.8,,,,D,9.99,79.92,0.64,,Department of Energy,"Other, Not Listed",,,no,no,no,no,no,no,no,,GSA Advantage,Government SmartPay Card,,Standard,1,37830,11520,0,0,11042014,Complete Packaging,GS23FBA017,,,,
421731,10302014,DURACELL,DU9V1R-D,DURMN1604BU,000000000000,9 VOLT BATTERYCOPPERTOP 9V ALKALINE BATTERIES 1 BATTERY PER PACK,,,,Hardware,PK,20,1,2.33,46.6,,,,D,2.49,49.8,0.16,,Department of Justice,"Other, Not Listed",,,no,no,no,no,no,no,no,,GSA Advantage,Government SmartPay Card,,Standard,1,92394,11520,0,0,11042014,Complete Packaging,GS23FBA017,,,,
421778,10312014,DURACELL,MN1500-F,MN1500/PC1500 AA - CASE,000000000000,"DURACELL SIZE AA BATTERY14L X 7W DURACELL ""AA"" ALKALINE BATTERY, 144/CASE. SO",,,,Hardware,CT,1,144,63.7,63.7,,,,D,68.94,68.94,5.24,,"Corps of Engineers, Civil","Other, Not Listed",,,no,no,no,no,no,no,no,,GSA Advantage,Government SmartPay Card,,Standard,1,72802,11520,0,0,11042014,Complete Packaging,GS23FBA017,,,,
421854,11032014,EVEREADY BATTERY CO,EN91-24PK,AA BATTERY - ENERGIZER,000000000000,"AA BATTERY, [ 24 PACK]AA BATTERY EN91 24 PER PACK Industrial Alkaline Battery",,,,Hardware,PK,4,24,9,36,,,,D,12.8,51.2,3.8,,Department of Homeland Security,"Other, Not Listed",,,no,no,no,no,no,no,no,,GSA Advantage,Government SmartPay Card,,Standard,7,33040,11520,0,0,11042014,Complete Packaging,GS23FBA017,,,,
421952,11042014,DURACELL,MN1400-A,C BATTERY - DURA,000000000000,"C BATTERY, [12 PACK]C BATTERY, MN1400, 12 PER PACK Battery, ""C""Any questions",,,,Hardware,PK,2,12,13.93,27.86,,,,D,0,0,-13.93,,Department of Veterans Affairs,"Other, Not Listed",,,no,no,no,no,no,no,no,,GSA Advantage,Government SmartPay Card,,Standard,8,07018,11520,0,0,11072014,Complete Packaging,GS23FBA017,,,,
421871,11032014,HUSQVARNA,532405380,532405380-DR,000000000000,"BLADE.MOWER.46"".HI.LIFTBLADE.MOWER.46"".HI.LIFTAny questions further inquiries",,,,Hardware,EA,6,,8.88,53.28,,,,D,0,0,-8.88,,Department of Homeland Security,"Other, Not Listed",,,no,no,no,no,no,no,no,,GSA Advantage,Government SmartPay Card,,Standard,10,70358,11520,0,0,11072014,Complete Packaging,GS23FBA017,,,,
421874,11032014,GENERAL TOOLS MFG,1261-4,306032,000000000000,"1/2"" GROMMET REFILL1/2"" Grommet Refill With 24 Brass Grommets.Any questions o",,,,Hardware,EA,10,,5.17,51.7,,,,D,5.53,55.3,0.36,,Department of the Army,"Other, Not Listed",,,no,no,no,no,no,no,no,,GSA Advantage,Government SmartPay Card,,Standard,2,17003,11520,0,0,11052014,Complete Packaging,GS23FBA017,,,,
421880,11032014,WILLERT HOME PRODUCTS,E30,526274,000000000000,"10OZ PARA MOTH BALL10 OZ, Pure Para Moth Ball, 2-5 OZ Cello Bags Per Box, Cel",,,,Hardware,EA,6,,4.2,25.2,,,,D,4.49,26.94,0.29,,Department of Agriculture,"Other, Not Listed",,,no,no,no,no,no,no,no,,GSA Advantage,Government SmartPay Card,,Standard,16.08,64153,11520,0,0,11052014,Complete Packaging,GS23FBA017,,,,
421974,11032014,COILHOSE PNEUMATICS,PU14-10B-G,166-PU14-10B-G,000000000000,"1/4""ID X 10' GREEN FLEXCOIL W/1/4""ID X 10' GREEN FLEXCOIL W/2-1/4""MPT- Any qu",,,,Hardware,EA,6,,19.22,115.32,,,,D,0,0,-19.22,,Department of Veterans Affairs,"Other, Not Listed",,,no,no,no,no,no,no,no,,GSA Advantage,Government SmartPay Card,,Standard,0.58,29405,11520,0,0,11082014,Complete Packaging,GS23FBA017,,,,
421974,11032014,VELCRO USA INC CONSUMER PDTS,90197,565462,000000000000,"2""X15' BLK INDUS VELCRO2""W x 15'L, Black Velcro Sticky Back Industrial Streng",,,,Hardware,EA,2,,42.13,84.26,,,,D,0,0,-42.13,,Department of Veterans Affairs,"Other, Not Listed",,,no,no,no,no,no,no,no,,GSA Advantage,Government SmartPay Card,,Standard,12.48,29405,11520,0,0,11082014,Complete Packaging,GS23FBA017,,,,
421938,11042014,U.S. PUMICE,FTS-72,368191,000000000000,"NAT PUMICE FOOT STONEPure Natural Pumice Foot Stone, Skin Smoother & Callus R",,,,Hardware,EA,50,,3.61,180.5,,,,D,3.85,192.5,0.24,,Department of Veterans Affairs,"Other, Not Listed",,,no,no,no,no,no,no,no,,GSA Advantage,Government SmartPay Card,,Standard,1.75,54660,11520,0,0,11052014,Complete Packaging,GS23FBA017,,,,
421009,10202014,SPERIAN,S0300,763-S0300,000000000000,"UVEX BY SPERIAN S0300Coated 100% polycarbonate wrap around unilens design,. C",,,,Hardware,EA,10,,3.35,33.5,,,,D,3.58,35.8,0.23,,Federal Communications Commission,"Other, Not Listed",,,no,no,no,no,no,no,no,,GSA Advantage,Government SmartPay Card,,Standard,0.25,30141,11520,0,0,10252014,Complete Packaging,GS23FBA017,,,,
421990,11042014,GRABBER WARMERS,HWES,611726,000000000000,"HAND WARMERSGrabber Heater Hand Warmer, For Gloves, Averages 135 Degrees For",,,,Hardware,PK,2,40,28.02,56.04,,,,D,29.95,59.9,1.93,,Department of Justice,"Other, Not Listed",,,no,no,no,no,no,no,no,,GSA Advantage,Government SmartPay Card,,Standard,4.5,19106,11520,0,0,11052014,Complete Packaging,GS23FBA017,,,,
421993,11042014,DURACELL,MN2400-F,MN2400/PC2400 AAA - CASE,000000000000,"DURACELL SIZE AAA BATTERY10L X 5W DURACELL ""AAA"" ALKALINE BATTERY, 72/CASE. S",,,,Hardware,CT,1,72,32.25,32.25,,,,D,0,0,-32.25,,Department of Health and Human Serv,"Other, Not Listed",,,no,no,no,no,no,no,no,,GSA Advantage,Government SmartPay Card,,Standard,1,59840,11520,0,0,11072014,Complete Packaging,GS23FBA017,,,,
421051,10212014,PROCTER & GAMBLE,44750,177220,000000000000,"SWIFFERDUSTER/EXTHANDLESwiffer Duster With Extendable Handle, Handle Extends",,,,Hardware,EA,3,,10.22,30.66,,,,D,0,0,-10.22,,Department of Homeland Security,"Other, Not Listed",,,no,no,no,no,no,no,no,,GSA Advantage,Government SmartPay Card,,Standard,6.19,44135,11520,0,0,10262014,Complete Packaging,GS23FBA017,,,,
422079,11052014,DURACELL,MN1500-F,MN1500/PC1500 AA - CASE,000000000000,"DURACELL SIZE AA BATTERY14L X 7W DURACELL ""AA"" ALKALINE BATTERY, 144/CASE. SO",,,,Hardware,CT,2,144,63.7,127.4,,,,D,0,0,-63.7,,Department of Agriculture,"Other, Not Listed",,,no,no,no,no,no,no,no,,GSA Advantage,Government SmartPay Card,,Standard,1,39653,11520,0,0,11072014,Complete Packaging,GS23FBA017,,,,
422912,11172014,EVEREADY,EVEE95BP2,EVEE95BP2,000000000000,"BATTERY,ENRGIZER D 2PKBATTERY,ENRGIZER D 2PK  WE STOCK ALL SIZE BATTERIES CAL",,,,Hardware,EA,10,2,3.2,32,,,,D,0,0,-3.2,,Department of the Interior,"Other, Not Listed",,,no,no,no,no,no,no,no,,GSA Advantage,Government SmartPay Card,,Standard,1,87801,11520,0,0,11202014,Complete Packaging,GS23FBA017,,,,
