ORDER_NUMBER,ORDER_DATE,MANUFACTURER_NAME,MANUFACTURER_PART_NUMBER,SUPPLIER_PART_NUMBER,UPC_A_CODE,PROD_DESCR,PSC_CODE,FSC_CODE,UNSPSC_CODE,SOLUTION_SUBCATEGORY,UOI,QTY,UOI_QTY,BPA_PRICE,BPA_EXTENDED_PRICE,PRICE_PAID,COMM_LIST_PRICE,DEBIT_CREDIT_INDICATOR,PRICE_PAID_EXT,MAS_EXTENDED_PRICE,MAS_PRICE,FMIS_AGENCY_CODE,DISCOUNT_AMOUNT,SUB_AGENCY_NAME_1,AGENCY_NAME,SUB_AGENCY_NAME_3,SUB_AGENCY_NAME_2,ABILITY_ONE_FLAG,MKT_BASKET_IND,BIOPREFERRED_IND,CPG_INDICATOR,WATERSENSE_IND,REMANUFACTURED_IND,BERRY_AMENDMENT_IND,ENERGYSTAR_IND,PAY_DATE,DELIVERY_METHOD,SALES_CH,PAY_METHOD,FROM_ZIP_CODE,FRGT_CHARGE,SHIP_WEIGHT,TO_ZIP_CODE,SUPPLIER_NAME,FSSI_CONTRACT_NO,SUPPL_FEE,FULFILL_DATE,DUNS_NO,DODAAC,MAJCOM,TRANSACTION_NO
LGAKM58974L,10152014,LC Industries,8115000000000,77GD62,000000000000,Storage Box 14 3/4X12 X 9 1/2,Hardware,,,,EA,3,25,47.79,143.37,0,,,D,47.79,143.37,,,Department of the Army,Corps of Engineers,,,Yes,Yes,No,No,No,no,No,,GSA Advantage,Government SmartPay Card,,Standard,129,22602,27703,0,0,11042014,WRIGGLESWORTH ENTERPRISES,GS-23F-BA014,,,,
LGAKM63923L,10172014,LC Industries,8115000000000,77GD62,000000000000,Storage Box 14 3/4X12 X 9 1/2,Hardware,,,,EA,20,25,47.79,955.8,0,,,D,47.79,955.8,,,Department of Veterans Affairs,"other,not listed",,,Yes,Yes,No,No,No,No,No,,GSA Advantage,Government SmartPay Card,,Standard,860,98188,27703,0,0,11032014,WRIGGLESWORTH ENTERPRISES,GS-23F-BA014,,,,
015105,10312014,LC Industries,8115000000000,77GD62,000000000000,Storage Box 14 3/4X12 X 9 1/2,Hardware,,,,EA,4,25,47.79,191.16,0,,,D,47.79,191.16,,,Library of Congress,"other,not listed",,,Yes,Yes,No,No,No,No,No,,GSA Advantage,Government SmartPay Card,,Standard,172,20540,27703,0,0,11062014,WRIGGLESWORTH ENTERPRISES,GS-23F-BA014,,,,
PD20141378,10312014,LC Industries,8115000000000,77GD62,000000000000,Storage Box 14 3/4X12 X 9 1/2,Hardware,,,,EA,4,25,47.79,191.16,0,,,D,47.79,191.16,,,Department of Energy,"other,not listed",,,Yes,Yes,No,No,No,No,No,,GSA Advantage,Government SmartPay Card,,Standard,172,42086,27703,0,0,11112014,WRIGGLESWORTH ENTERPRISES,GS-23F-BA014,,,,
4-PAD-PR-P-15-10055,10312014,LC Industries,8115000000000,77GD62,000000000000,Storage Box 14 3/4X12 X 9 1/2,Hardware,,,,EA,4,25,47.79,191.16,0,,,D,47.79,191.16,,,Department of Energy,"other,not listed",,,Yes,Yes,No,No,No,No,No,,GSA Advantage,Government SmartPay Card,,Standard,172,42053,27703,0,0,11112014,WRIGGLESWORTH ENTERPRISES,GS-23F-BA014,,,,
LGAKM95443L,10312014,LC Industries,8115000000000,77GD62,000000000000,Storage Box 14 3/4X12 X 9 1/2,Hardware,,,,EA,6,25,47.79,286.74,,,,D,47.79,286.74,,,Department of Justice,"other,not listed",,,Yes,Yes,No,No,No,No,No,,GSA Advantage,Government SmartPay Card,,Standard,258,42053,27703,0,0,11112014,WRIGGLESWORTH ENTERPRISES,GS-23F-BA014,,,,
