BPA_No,Task_Order_No,Device_Model,Volume_Band,Device_Quantity,FA,Brief_Desc,Purchase_Type,Agreement_Length,Month,Year,Dev_Schedule_Price,Dev_BPA_Price,Dev_Task_Price,Maint_Schedule_Price,Maint_BPA_Price,Maint_Task_Price,Maint_Schedule_BW_Rate,Maint_Schedule_Color_Rate,Maint_BPA_BW_Rate,Maint_BPA_Color_Rate,Maint_Task_BW_Rate,Maint_Task_Color_Rate,Monthly_Usage_BW,Monthly_Usage_Color,Est_Read,Green_Product,EPEAT_Rating,Agency,Sub_Agency,POC_Email
GS-03F-PM009,HHSF223201310795G,IRADVC5235G,1A,2,FA II,MFD Device Plus,Purchase + Maintenance,9,December,2014,,,,,,,0.0086,0.0474,0.0086,0.0474,0.0086,0.0474,5254,654,No,Yes,Silver,DEPARTMENT OF HEALTH AND HUMAN SERVICES,"Food and Drug Administration/Savannah GA RP
JWK00782, JWK00620",Arnisa.Raiford@fda.hhs.gov
GS-03F-PM009,HHSF223201310529G/0001,IRADVC7260G,2A,1,FA II,MFD Device Plus,Purchase + Maintenance,9,December,2014,,,,,,,0.0081,0.0364,0.0081,0.0364,0.0081,0.0364,364,103,No,Yes,Gold,DEPARTMENT OF HEALTH AND HUMAN SERVICES,"Food and Drug Administration
LWB00546",Loretta.Eigenman@fda.hhs.gov
GS-03F-PM009,HHSI246201300230G,IRADVC5235G,1A,3,FA II,MFD Device Plus,Purchase + Maintenance,9,December,2014,,,,,,,0.0086,0.0474,0.0086,0.0474,0.0086,0.0474,,,No,Yes,Silver,DEPARTMENT OF HEALTH AND HUMAN SERVICES,"Indian Health Service
JWK00663,JWK00655, JWK00632",Karen.Ahtone@ihs.gov
GS-03F-PM009,HSBP1013F00290,IRADV4051G,1B,1,FA II,MFD Device Plus,Lease_Operating,60,December,2014,126.7,116.56,116.56,9,9,9,0.0066,0,0.0066,0,0.0066,0,3300,,No,Yes,Silver,DEPARTMENT OF HOMELAND SECURITY,"US Customs & Border Protection
HRR00605",Beverly.Davis.Johnson@csp.dhs.gov
GS-03F-PM009,RA-133R-13-NC-0655,IRADVC2030G,1A,5,FA II,MFD Device Plus,Lease_Operating,60,December,2014,644.5,592.9,592.9,55,55,55,0.0089,0.0609,0.0089,0.0609,0.0089,0.0609,15069,15909,No,Yes,N/A,DEPARTMENT OF JUSTICE,"US Department of Corrections NOAA ESRL
GDV10022, GDV10021,GDV10019,GDV10013,GDV00564",Suzanne.Garrett@NOAA.gov
GS-03F-PM009,GP0771983,IRADVC2020G,1A,1,FA II,MFD Device Plus,Lease_Operating,60,December,2014,70.04,64.42,64.42,11,11,11,0.0103,0.0693,0.0103,0.0693,0.0103,0.0693,707,392,No,Yes,N/A,GENERAL SERVICES ADMINISTRATION,"General Services Administration
GEB00561",Anita.little@gsa.gov
GS-03F-PM009,HSBP1013F00177,IRADV4035G, 1A ,1,FA II,MFD Device Plus,Purchase + Maintenance,12,December,2014,,,,6,6,6,0.0084,0,0.0084,0,0.0084,0,72,,No,Yes,Silver,DEPARTMENT OF HOMELAND SECURITY,"DHS, Customs and Border Protection
HRT00591",Lamonica.Norwood@cbp.dhs.gov
GS-03F-PM009,HSBP1013F00207,IRADV4035G, 1A ,8,FA II,MFD Device Plus,Purchase + Maintenance,12,December,2014,,,,48,48,48,0.0084,0,0.0084,0,0.0084,0,15830,,No,Yes,Silver,DEPARTMENT OF HOMELAND SECURITY,"DHS, Customs and Border Protection
HRT00627, HRT00642, HRT00673, HRT00505, HRT00635, HRT00507, HRT00602, HRT00625",Jeankite.Joseph@dhs.gov
GS-03F-PM009,PJ2G01159,IRADVC5030G, 1A ,2,FA II,MFD Device Plus,Purchase + Maintenance,12,December,2014,,,,,,,0.0086,0.0474,0.0086,0.0474,0.0086,0.0474,4448,6575,No,Yes,N/A,GENERAL SERVICES ADMINISTRATION,"General Services Administration
EUV50132, EUV50113","Cody.Cotten@gsa.gov
Travis.martin@gsa.gov"
GS-03F-PM009,HHSF223201310090G,IRADVC7055G, 2A ,1,FA II,MFD Device Plus,Purchase + Maintenance,9,December,2014,,,,,,,0.0081,0.0364,0.0081,0.0364,0.0081,0.0364,7714,4406,No,Yes,N/A,DEPARTMENT OF HEALTH AND HUMAN SERVICES,"Food and Drug Administration
HVJ00643",Gregory.Jackson@fda.dhhs.gov
GS-03F-PM009,HHSF223201310079G,IRADVC9075G, 2B ,1,FA II,MFD Device Plus,Purchase + Maintenance,9,December,2014,,,,,,,0.0073,0.0357,0.0073,0.0357,0.0073,0.0357,,,No,Yes,N/A,DEPARTMENT OF HEALTH AND HUMAN SERVICES,"Food and Drug Administration
HVF00560",Deborah. Hammond@fda.hhs.gov
GS-03F-PM009,HHSP233200900161A/0010,IRADVC7055G, 2A ,1,FA II,MFD Device Plus - includes 10000 bw and 2500 color,Purchase + Maintenance,12,December,2014,,,,,,171.5,0.0081,0.0364,0.0081,0.0364,0.0081,0.0362,,,No,Yes,N/A,DEPARTMENT OF HEALTH AND HUMAN SERVICES,"HHS/OIG/OMP
HVJ00583",Daren.Davis@psc.hhs.gov
GS-03F-PM009,SBAHQ-12-F-0202,IRADV6055G, 2B ,1,FA II,MFD Device Plus,Purchase + Maintenance,9,December,2014,,,,41,41,41,0.0044,0,0.0044,0,0.0044,0,,,No,Yes,N/A,SMALL BUSINESS ADMINISTRATION,"Rhode Island District Office
GAJ10432",Kenneth.McLean@sba.gov
GS-03F-PM009,HSCEMR-13-F-00019,IRADV6055G, 2B ,1,FA II,MFD Device Plus,Purchase + Maintenance,12,December,2014,,,,41,41,41,0.0044,0,0.0044,0,0.0044,0,,,No,Yes,N/A,DEPARTMENT OF HOMELAND SECURITY,"ICE Office of Principal Legal Adv
GAJ10429",Shawn.P.Gannon@ice.dhs.gov
GS-03F-PM009,HHSF223201310909G,IRADVC7055G, 2A ,2,FA II,MFD Device Plus,Purchase + Maintenance,12,December,2014,,,,,,,0.0081,0.0364,0.0081,0.0364,0.0081,0.0364,,,No,Yes,N/A,DEPARTMENT OF HEALTH AND HUMAN SERVICES,"DHHS/FDA
HVJ00635, HVJ00645",Cedric.Amey@fda.hhs.gov
GS-03F-PM009,HHSF223201310054W,IRADVC5250G, 1A ,1,FA II,MFD Device Plus,Purchase + Maintenance,12,December,2014,,,,,,,0.0058,0.0437,0.0058,0.0437,0.0058,0.0437,3947,1520,No,Yes,Silver,DEPARTMENT OF HEALTH AND HUMAN SERVICES,"Food And Drug Administration
JMS00531",Jacqueline.Warren@fda.hhs.gov
GS-03F-PM009,HHSP233201300441G,IRADVC5255G,1B,1,FA II,MFD Device Plus,Purchase + Maintenance,9,December,2014,,,,,,,0.0058,0.0437,0.0058,0.0437,0.0058,0.0437,,,No,Yes,Silver,DEPARTMENT OF HEALTH AND HUMAN SERVICES,"DHHS/PSC/SAS/DAM
JMG00667",David.Morgan@psc.hhs.gov
GS-03F-PM009,HHSF223201310203W,IRADV4051G,1B,2,FA II,MFD Device Plus,Purchase + Maintenance,12,December,2014,,,,18,18,18,0.0066,0,0.0066,0,0.0066,0,2209,,No,Yes,Silver,DEPARTMENT OF HEALTH AND HUMAN SERVICES,"DHHS/FDA/OAGS/DITA
HRR00805, HRR00847",Jacqueline.Warren@fda.hhs.gov
GS-03F-PM009,HHSP233201300445G,IRADVC9280G,2B,2,FA II,MFD Device Plus,Purchase + Maintenance,9,December,2014,,,,,,,0.0073,0.0357,0.0073,0.0357,0.0073,0.0357,29957,24497,No,Yes,Gold,DEPARTMENT OF HEALTH AND HUMAN SERVICES,"DHHS/PSC/SAS/DAM
LVE00511, LVE00509",Patrick.Joy@psc.hhs.gov
GS-03F-PM009,HSSS01-13-F-0131,IRADVC5235G,1A,1,FA II,MFD Device Plus,Lease_Operating,60,December,2014,150.08,138.1,138.1,,,,0.0086,0.0474,0.0086,0.0474,0.0086,0.0474,,,No,Yes,Silver,DEPARTMENT OF HEALTH AND HUMAN SERVICES,"DHHS/USSS Clinton Residence
JWK00925",Danielle.Donaldson@usss.dhs.gov
GS-03F-PM009,GP0792452,IRADV4051G,1B,1,FA II,MFD Device Plus,Lease_Operating,60,December,2014,143.48,132,132,9,9,9,0.0066,0,0.0066,0,0.0066,0,1848,,No,Yes,Silver,GENERAL SERVICES ADMINISTRATION,"Internal Acquisition Division
HRR00850",Anita.Little@gsa.gov
GS-03F-PM009,D0LU122J16152/0003,IRADVC5030G, 1A ,2,FA II,MFD Device Plus,Purchase + Maintenance,12,December,2014,,,,,,,0.0086,0.0474,0.0086,0.0474,0.0086,0.0474,1673,915,No,Yes,N/A,DEPARTMENT OF LABOR,"Bureau of Labor statistics
EUV50147, EUV50126",hatch.julie@bls.gov
GS-03F-PM009,HHSP233201300334G,IRADVC5255G,1B,2,FA II,MFD Device Plus,Purchase + Maintenance,9,December,2014,,,,,,,0.0058,0.0437,0.0058,0.0437,0.0058,0.0437,,,No,Yes,Silver,DEPARTMENT OF HEALTH AND HUMAN SERVICES,"DHHS/Office of the National Coordinator
JMG00536, JMG00541",Erneisha.Bailey@psc.hhs.gov
GS-03F-PM009,HHSF223201310086W,IRADV4051G, 1B ,3,FA II,MFD Device Plus,Purchase + Maintenance,12,December,2014,,,,27,27,27,0.0066,0,0.0066,0,0.0066,0,,,No,Yes,Silver,DEPARTMENT OF HEALTH AND HUMAN SERVICES,"Food and Drug Administration
HRR00575, HRR00576, HRR00577",Melanie.Bailey@fda.hhs.gov
GS-03F-PM009,HHSF223201310318G,IRADVC9065G,2B,1,FA II,MFD Device Plus,Purchase + Maintenance,9,December,2014,,,,,,,0.0073,0.0357,0.0073,0.0357,0.0073,0.0357,18772,62,No,Yes,N/A,DEPARTMENT OF HEALTH AND HUMAN SERVICES,"Food and Drug Administration
HVG00511",Arnisa.Raiford@fda.hhs.gov
GS-03F-PM009,HHSP233201400059G,IRADV6255G,2A,1,FA II,MFD Device Plus - includes 9500 bw,Lease_Operating,36,December,2014,324.24,297.55,297.55,41,41,82.8,0.0044,0,0.0044,0,0.0044,0,,,No,Yes,Silver,DEPARTMENT OF HEALTH AND HUMAN SERVICES,"DHHS-OMGA-MIA
NMX00529",Cleveland.Alexander@psc.hhs.gov
GS-03F-PM009,HHSP233201400059G,IRADV6275G,3A,3,FA II,MFD Device Plus - includes 150000 bw,Lease_Operating,36,December,2014,1282.17,1176.96,1176.96,123,123,723,0.004,0,0.004,0,0.004,0,,,No,Yes,Silver,DEPARTMENT OF HEALTH AND HUMAN SERVICES,"DHHS-OS-OMHA-MIA
NMG00532, NMG00609, NMG00553",Cleveland.Alexander@psc.hhs.gov
GS-03F-PM009,HSHQDC-12-F-00155P00003,IRADVC5030G,1A,1,FA II,MFD Device Plus,Purchase + Maintenance,12,December,2014,,,,,,,0.0086,0.0474,0.0086,0.0474,0.0086,0.0474,,,No,Yes,N/A,DEPARTMENT OF HOMELAND SECURITY,"DHS/OCSO Special Access Program
EUV50104",Jason.Mckeever@hq.dhs.gov
GS-03F-PM009,HHSP233201300423G,IRADVC5235G,1A,3,FA II,MFD Device Plus,Purchase + Maintenance,9,December,2014,,,,,,,0.0086,0.0474,0.0086,0.0474,0.0086,0.0474,12179,33887,No,Yes,Silver,DEPARTMENT OF HEALTH AND HUMAN SERVICES,"DHHS/PSC/SAS/DAM Office of Finance
JWK00654, JWK00673, JWK00707",Cleveland.Alexander@psc.hhs.gov
GS-03F-PM009,32-14-2745SD091,IRADVC5250G,1A,2,FA II,MFD Device Plus,Lease_Operating,60,December,2014,418.4,377.44,377.44,,,,0.0058,0.0437,0.0058,0.0437,0.0058,0.0437,137,108,No,Yes,Silver,DEPARTMENT OF HOMELAND SECURITY,"USCG SECTOR HAMPTON ROADS
JMS00657, JMS00650",Allyson.M.Vaskey@uscg.mil
GS-03F-PM009,GP0792825,IR2530G,1A,1,FA II,MFD Device Plus,Lease_Operating,60,December,2014,82.84,75.84,75.84,6,6,6,0.0113,0,0.0113,0,0.0113,0,669,,No,Yes,Bronze,GENERAL SERVICES ADMINISTRATION,"GSA PBS NORTH DAKOTA FIELD OFFICE
GZE80002",anita.little@gsa.gov
GS-03F-PM009,HHSP233201400056G,IRADVC5255G,1B,1,FA II,MFD Device Plus,Lease_Operating,60,December,2014,291.46,268.16,268.16,,,,0.0058,0.0437,0.0058,0.0437,0.0058,0.0437,,,No,Yes,Silver,DEPARTMENT OF HEALTH AND HUMAN SERVICES,"PSC/SAS/DIVISION OF ACQUISITION MGMT
ASSISTANT SECRETARY FOR ADMINITRATION
JMG00814",David.Morgan@psc.hhs.gov
GS-03F-PM009,HSSS01-13-F-0128,IRADV6055G,2B,3,FA II,MFD Device Plus,Lease_Operating,60,December,2014,1142.76,1051.38,1051.38,123,123,123,0.0044,0,0.0044,0,0.0044,0,,,No,Yes,N/A,DEPARTMENT OF HEALTH AND HUMAN SERVICES,"USSS COMMUNICATIONS CENTER
GAJ10546, GAJ10487,GAJ10505",Tara.Beatty@usss.dhs.gov
GS-03F-PM009,HSSS01-13-F-0128,IRADVC5250G,1A,1,FA II,MFD Device Plus,Lease_Operating,60,December,2014,271.96,250.22,250.22,,,,0.0058,0.0437,0.0058,0.0437,0.0058,0.0437,,,No,Yes,Silver,DEPARTMENT OF HEALTH AND HUMAN SERVICES,"USSS COMMUNICATIONS CENTER
JMS00670",Tara.Beatty@usss.dhs.gov
GS-03F-PM009,HHSF223201310170W,IRADVC5250G,1A,2,FA II,MFD Device Plus,Purchase + Maintenance,12,December,2014,,,,,,,0.0058,0.0437,0.0058,0.0437,0.0058,0.0437,4219,2040,No,Yes,Silver,DEPARTMENT OF HEALTH AND HUMAN SERVICES,"Food and Drug Administration
JMS00580, JMS00609",Jacqueline.Warren@fda.hhs.gov
GS-03F-PM009,HHSI246201400047G,IRADVC2230G,1A,2,FA II,MFD Device Plus,Purchase + Maintenance,9,December,2014,,,,22,22,22,0.0089,0.0609,0.0089,0.0609,0.0089,0.0609,10576,15223,No,Yes,Silver,DEPARTMENT OF HEALTH AND HUMAN SERVICES,"Indian Health Service, Lawton Indian Hospital
LZK00522, LZK00523",Carroll.Delaune@IHS.gov
GS-03F-PM009,HHSP233201400114G,IRADV6275G,3A,3,FA II,MFD Device Plus,Lease_Operating,36,December,2014,1272.97,1171.24,1137.16,123,123,123,0.004,0,0.004,0,0.004,0,,,No,Yes,Silver,DEPARTMENT OF HEALTH AND HUMAN SERVICES,"OS-OMHA-CLE
NMG00538, NMG00598, NMG00577",Demetrus.Hunter@psc.hhs.gov
GS-03F-PM009,HHSP233201400072G,IRADVC5255G,1B,3,FA II,MFD Device Plus - includes 9900 bw and 5400 color,Lease_Operating,60,December,2014,886.73,815.86,815.76,,,292.86,0.0058,0.0437,0.0058,0.0437,0.0058,0.0436,4676,1291,No,Yes,Silver,DEPARTMENT OF HEALTH AND HUMAN SERVICES,"Office of the Secretary
JMG00779, JMG00819, JMG00713",Shanelle.Jackson@psc.hhs.gov
GS-03F-PM009,HHSI247201400039G,IR2530G,1A,3,FA II,MFD Device Plus - includes 22500 copies,Purchase + Maintenance,9,December,2014,,,,18,18,102.75,0.0113,0,0.0113,0,0.0113,0,,,No,Yes,Bronze,DEPARTMENT OF HEALTH AND HUMAN SERVICES,"US Public Health Service Fort Yuma Service Unit
GZE80027, GZE80022, GZE80026",Felicia.Aspaas@IHS.gov
GS-03F-PM009,HHSI247201400039G,IRADV6275G,3A,1,FA II,MFD Device Plus,Purchase + Maintenance,9,December,2014,,,,41,41,121,0.004,0,0.004,0,0.004,0,,,No,Yes,Silver,DEPARTMENT OF HEALTH AND HUMAN SERVICES,"US Public Health Service Fort Yuma Service Unit
NMG00759",Felicia.Aspaas@IHS.gov
GS-03F-PM009,32-14-YV002,IRADV4035G, 1A ,1,FA II,MFD Device Plus,Lease_Operating,60,December,2014,131.07,120.58,120.58,6,6,6,0.0084,0,0.0084,0,0.0084,0,84,,No,Yes,Silver,DEPARTMENT OF HOMELAND SECURITY,"US Coast Guard- Port Security
HRT00584",Zachery.s.Prince@USCG.Mil
GS-03F-PM009,HSSS01-14-F-0028,IRADV4051G, 1B ,1,FA II,MFD Device Plus,Lease_Operating,60,December,2014,161.28,148.39,148.39,9,9,9,0.0066,0,0.0066,0,0.0066,0,84,,No,Yes,Silver,DEPARTMENT OF HOMELAND SECURITY,"USSS
HRR00780",Linda.McAdams@usss.dhs.gov
GS-03F-PM009,HSSS01-14-F-0031,IRADVC7260G,2A,1,FA II,MFD Device Plus,Lease_Operating,60,December,2014,358.75,330.07,330.07,,,,0.0081,0.0364,0.0081,0.0364,0.0081,0.0364,234,52,No,Yes,Gold,DEPARTMENT OF HEALTH AND HUMAN SERVICES,"USSS
LWB00565",Dianne.turner@usss.dhs.gov
GS-03F-PM009,D0LU14EF23288,IRADVC7260G,2A,1,FA II,MFD Device Plus,Lease_Operating,60,December,2014,343.15,315.71,315.71,,,,0.0081,0.0364,0.0081,0.0364,0.0081,0.0364,,,No,Yes,Gold,DEPARTMENT OF LABOR,"OSHA - Milwaukee
LWB00551",Wright.Marissa@DOL.gov
GS-03F-PM009,HHSF223201310760G,IRADVC5255G,1B,3,FA II,MFD Device Plus,Purchase + Maintenance,9,December,2014,,,,,,,0.0058,0.0437,0.0058,0.0437,0.0058,0.0437,,,No,Yes,Silver,DEPARTMENT OF HEALTH AND HUMAN SERVICES,"Food and Drug
JMG00763, JMG00764, JMG00761",Karen.Conroy@fda.hhs.gov
GS-03F-PM009,IGI1001,IRADVC5255G,1B,1,FA II,MFD Device Plus,Lease_Operating,36,December,2014,386.78,355.88,355.88,,,,0.0058,0.0437,0.0058,0.0437,0.0058,0.0437,,,No,Yes,Silver,GENERAL SERVICES ADMINISTRATION,"CIGIE Council of Inpectors General On Integrity/Efficiency
JMG00660",Sue.Wainright@cigie.gov
GS-03F-PM009,HSSS01-14-F-0040,IRADV4235G,1A,1,FA II,MFD Device Plus,Lease_Operating,60,December,2014,126.75,116.61,116.61,6,6,6,0.0084,0,0.0084,0,0.0084,0,,,No,Yes,Silver,DEPARTMENT OF HEALTH AND HUMAN SERVICES,"US Secret Service Ad-Investigations
QHN00504",Linda.McAdams@usss.dhs.gov
GS-03F-PM009,HHSF223201400025W,IRADVC7270G,2A,3,FA II,MFD Device Plus - includes 45000 bw and 13500 color,Lease_Operating,60,December,2014,1208.94,1112.32,1112.31,,,855.9,0.0081,0.0364,0.0081,0.0364,0.0081,0.0364,,,No,Yes,Gold,DEPARTMENT OF HEALTH AND HUMAN SERVICES,"Food and Drug Administration
LVY00535, LVY00526, LVY00519",Deborah. Hammond@fda.hhs.gov
GS-03F-PM009,HHSI244201400113G,IRADVC2225G,1A,3,FA II,MFD Device Plus,Lease_Operating,60,December,2014,214.32,197.13,197.13,33,33,33,0.0103,0.0693,0.0103,0.0693,0.0103,0.0693,8350,2421,No,Yes,Silver,DEPARTMENT OF HEALTH AND HUMAN SERVICES,"Ft.Washake PHS Indian Health Center
LZL00527, LZL00523, LZL00525",Paul.lawson@ihs.gov
GS-03F-PM009,HHSF223201400108G,IRADV4045G,1B,1,FA II,MFD Device Plus,Purchase + Maintenance,12,December,2014,,,,7,7,159,0.0076,0,0.0076,0,0.0076,0,5568,,No,Yes,Silver,DEPARTMENT OF HEALTH AND HUMAN SERVICES,"Food and Drug Administration
HRS00528",Karen.Conroy@fda.hhs.gov
GS-03F-PM009,HSSS01-14-F-0052,IRADVC5255G,1B,2,FA II,MFD Device Plus,Lease_Operating,60,December,2014,628.24,577.98,516.78,,,,0.0058,0.0437,0.0058,0.0437,0.0058,0.0437,112,112,No,Yes,Silver,DEPARTMENT OF HOMELAND SECURITY,"USSS
JMG00634, JMG00576",Lori.Kliewer@usss.dhs.gov
GS-03F-PM009,HHSF223201400038W,IRADVC5250G,1A,3,FA II,MFD Device Plus,Purchase + Maintenance,9,December,2014,,,,,,,0.0058,0.0437,0.0058,0.0437,0.0058,0.0437,4895,3491,No,Yes,Silver,DEPARTMENT OF HEALTH AND HUMAN SERVICES,"Food and Drug Administration
JMS00748, JMS00671, JMS00738",Deborah. Hammond@fda.hhs.gov
GS-03F-PM009,GP0860814,IRADVC2225G,1A,1,FA II,MFD Device Plus,Purchase + Maintenance,12,December,2014,,,,11,11,11,0.0103,0.0693,0.0103,0.0693,0.0103,0.0693,240,100,No,Yes,Silver,GENERAL SERVICES ADMINISTRATION,"GSA Birch Bayh Federal Bldg and US Courthouse
LZL00500",Anita.little@gsa.gov
GS-03F-PM009,HHSP233201400244G,IRADVC5235G,1A,1,FA II,MFD Device Plus,Purchase + Maintenance,9,December,2014,,,,,,,0.0086,0.0474,0.0086,0.0474,0.0086,0.0474,,,No,Yes,Silver,DEPARTMENT OF HEALTH AND HUMAN SERVICES,"Administration for Children and Family
JWK00810",Bryan.Daines@psc.hhs.gov
GS-03F-PM009,HHSP233201400242G,IRADVC5255G,1B,1,FA II,MFD Device Plus,Purchase + Maintenance,7,December,2014,,,,,,,0.0058,0.0437,0.0058,0.0437,0.0058,0.0437,941,26,No,Yes,Silver,DEPARTMENT OF HEALTH AND HUMAN SERVICES,"FMS
JMG00529",Erneisha.Bailey@psc.hhs.gov
GS-03F-PM009,23-142745FN90,IRADV4245G,1B,1,FA II,MFD Device Plus,Lease_Operating,60,December,2014,137.54,126.54,118.38,7,7,7,0.0076,0,0.0076,0,0.0076,0,28,,No,Yes,Silver,DEPARTMENT OF HOMELAND SECURITY,"United States Coast Guard
QHR00539",David.W.Fedison@USCG.mil
GS-03F-PM009,D0L-CHI-14-U-00001,IRADVC5250G,1A,1,FA II,MFD Device Plus,Lease_Operating,60,December,2014,268.54,247.07,237.54,,,,0.0058,0.0437,0.0058,0.0437,0.0058,0.0437,,,No,Yes,Silver,DEPARTMENT OF LABOR,"ESA OLMS
JMS00753",Neal.Caroline@dol.gov
GS-03F-PM009,HHSP233201400228G,IRADVC5235G,1A,1,FA II,MFD Device Plus,Lease_Operating,60,December,2014,164.04,150.92,137.8,,,,0.0086,0.0474,0.0086,0.0474,0.0086,0.0474,173,41,No,Yes,Silver,DEPARTMENT OF HEALTH AND HUMAN SERVICES,"Federal Occupational Health
JWK00718",Elizabeth.McDannell@psc.HHS.Gov
GS-03F-PM009,HHSP233201400228G,IR2525G,1A,32,FA II,MFD Device Plus,Lease_Operating,60,December,2014,1665.92,1532.16,1399.04,160,160,160,0.0123,0,0.0123,0,0.0123,0,94041,,No,Yes,Bronze,DEPARTMENT OF HEALTH AND HUMAN SERVICES,"Federal Occupational Health
GZD80039, GZD80009, GZD80077, GZD80082, GZD80102, GZD80111, GZD80012, GZD80096, GZD80019, GZD80020, GZD80023, GZD80051, GZD80073, GZD80083, GZD80107, GZD80017, GZD80024, GZD80008, GZD80081, GZD80036, GZD80037, GZD80091, GZD80106, GZD80103, GZD80094, GZD80090, GZD80112
GZD80066, GZD80055, GZD80060, GZD80031, GZD80089",Elizabeth.McDannell@psc.HHS.Gov
GS-03F-PM009,0PM3314F0008,IRADV6255G,2A,3,FA II,MFD Device Only,Lease_Operating,60,December,2014,757.65,697.08,697.08,,,,,,,,,,,,No,Yes,Silver,OFFICE OF PERSONNEL MANAGEMENT,"Office of Personnel Management
NMX00648, NMX00502, NMX00579",Karen.Crisman@opm.gov
GS-03F-PM009,HSBP1013F00165,IRADVC5255G,1B,1,FA II,MFD Device Plus,Purchase + Maintenance,12,December,2014,,,,,,,0.0058,0.0437,0.0058,0.0437,0.0058,0.0437,,,No,Yes,Silver,DEPARTMENT OF HOMELAND SECURITY,"Border Patrol and Protection
JMG00653",David.Seay@cbp.dhs.gov
GS-03F-PM009,HHSF223201310529G,IRADVC5250G,1A,8,FA II,MFD Device Plus,Purchase + Maintenance,9,December,2014,,,,,,,0.0058,0.0437,0.0058,0.0437,0.0058,0.0437,7338,1960,No,Yes,Silver,DEPARTMENT OF HEALTH AND HUMAN SERVICES,"Food and Drug Administration
JMS00560, JMS00548, JMS00546, JMS00583, JMS00542, JMS00585, JMS00573, JMS00571",Karen.Conroy@fda.hhs.gov
GS-03F-PM009,HHSF223201310760G,IRADVC7270G,2A,1,FA II,MFD Device Plus,Purchase + Maintenance,9,December,2014,,,,,,,0.0081,0.0364,0.0081,0.0364,0.0081,0.0364,,,No,Yes,Gold,DEPARTMENT OF HEALTH AND HUMAN SERVICES,"Food and Drug Administration
LVY00530",Karen.Conroy@fda.hhs.gov
GS-03F-PM009,32-14-344PBHE38,IRADVC5235G,1A,1,FA II,MFD Device Plus,Lease_Operating,60,December,2014,153.08,140.86,140.86,,,,0.0086,0.0474,0.0086,0.0474,0.0086,0.0474,2920,556,No,Yes,Silver,DEPARTMENT OF HOMELAND SECURITY,"USCG
JWK00599",Nadyne.V.Cano@USCG.mil
GS-03F-PM009,HHSF223201400089W,IRADVC7270G,2A,1,FA II,MFD Device Plus,Purchase + Maintenance,12,December,2014,,,,,,,0.0081,0.0364,0.0081,0.0364,0.0081,0.0364,4608,745,No,Yes,Gold,DEPARTMENT OF HEALTH AND HUMAN SERVICES,"Food and Drug Administration
LVY00539",Karen.Conroy@fda.hhs.gov
GS-03F-PM009,798-C46087,IRADVC2225G,1A,1,FA II,MFD Device Plus,Purchase + Maintenance,9,December,2014,,,,11,11,11,0.0103,0.0693,0.0103,0.0693,0.0103,0.0609,2888,758,No,Yes,Silver,DEPARTMENT OF VETERANS AFFAIRS,"VA Acquisition Academy
LZL00529",Sandra.Martz@VA.gov
GS-03F-PM009,798-C46087,IRADVC7270G,2A,2,FA II,MFD Device Plus,Purchase + Maintenance,9,December,2014,,,,,,,0.0081,0.0364,0.0081,0.0364,0.0081,0.0364,14586,33778,No,Yes,Gold,DEPARTMENT OF VETERANS AFFAIRS,"VA Acquisition Academy
LVY00515, LVY00554",Sandra.Martz@VA.gov
GS-03F-PM009,02-14466600554,IRADV4251G,1B,1,FA II,MFD Device Plus,Purchase + Maintenance,6,December,2014,,,,7,7,7,0.0076,0,0.0076,0,0.0076,0,6951,,No,Yes,Silver,DEPARTMENT OF JUSTICE,"U.S. DISTRICT COURTS EDPA
QHT00530",Jordan.Todd@paed.uscourts.gov
GS-03F-PM009,02-14466600554,IRADV4245G,1B,5,FA II,MFD Device Plus,Purchase + Maintenance,6,December,2014,,,,35,35,35,0.0076,0,0.0076,0,0.0076,0,28247,62,No,Yes,Silver,DEPARTMENT OF JUSTICE,"U.S. DISTRICT COURTS EDPA
QHR00529, QHR00530, QHR00532, QHR00510, QHR00515",Jordan.Todd@paed.uscourts.gov
GS-03F-PM009,HHSI241201400367G,IRADVC5235G,1A,2,FA II,MFD Device Plus,Purchase + Maintenance,9,December,2014,,,,,,,0.0086,0.0474,0.0086,0.0474,0.0086,0.0474,1542,5386,No,Yes,Silver,DEPARTMENT OF HEALTH AND HUMAN SERVICES,"Indian Health Service
JWK00805, JWK00964",Katherine.Renville@ihs.gov
GS-03F-PM009,HHSF223201400112W,IRADVC5255G,1B,3,FA II,MFD Device Plus,Purchase + Maintenance,12,December,2014,,,,,,,0.0058,0.0437,0.0058,0.0437,0.0058,0.0437,,,No,Yes,Silver,DEPARTMENT OF HEALTH AND HUMAN SERVICES,"DHHS/FDA/OAG/DSCI
JMG00789, JMG00833, JMG00775",Deborah. Hammond@fda.hhs.gov
GS-03F-PM009,HHSF223201400122W,IRADVC5255G,1B,1,FA II,MFD Device Plus,Purchase + Maintenance,12,December,2014,,,,,,,0.0058,0.0437,0.0058,0.0437,0.0058,0.0437,10749,1462,No,Yes,Silver,DEPARTMENT OF HEALTH AND HUMAN SERVICES,"FDA
JMG00890",Jacqueline.Warren@fda.hhs.gov
GS-03F-PM009,32-14-3444TQ298,IRADVC5235G,1A,1,FA II,MFD Device Plus,Lease_Operating,60,December,2014,153.08,140.86,95.55,,,,0.0086,0.0474,0.0086,0.0474,0.0086,0.0474,,,No,Yes,Silver,DEPARTMENT OF HOMELAND SECURITY,"U.S. COAST GUARD MSST 91103
JWK00760",Nadyne.V.Cano@USCG.mil
GS-03F-PM009,HSHQDC-14-F-00087,IRADVC9280G,2B,1,FA II,MFD Device Plus,Lease_Operating,60,December,2014,1649.4,1517.45,1300.79,,,,0.0073,0.0357,0.0073,0.0357,0.0073,0.0357,1991,5960,No,Yes,Gold,DEPARTMENT OF HOMELAND SECURITY,"Department of Homeland Security
LVE00520",Gale.Ariel@hq.DHS.GOV
GS-03F-PM009,GP0870528,IRADVC5250G,1A,1,FA II,MFD Device Plus,Lease_Operating,60,December,2014,265.06,243.86,243.86,,,,0.0058,0.0437,0.0058,0.0437,0.0058,0.0437,26,,No,Yes,Silver,GENERAL SERVICES ADMINISTRATION,"GSA, Safety, Environment & Fire Prot. Br
JMS00786",Anita.little@gsa.gov
GS-03F-PM009,HHSI244201400198G,IRADVC5255G,1B,1,FA II,MFD Device Only,Lease_Operating,36,December,2014,361.48,332.56,332.56,,,,,,,,,,,,No,Yes,Silver,DEPARTMENT OF HEALTH AND HUMAN SERVICES,"Indian Health Service, Billings Area Office
JMG00889",James.Hunter@ihs.gov
GS-03F-PM009,2014-00152-00253,IRADV4245G,1B,1,FA II,MFD Device Plus,Purchase + Maintenance,7,December,2014,,,,7,7,7,0.0076,0,0.0076,0,0.0076,0,50,,No,Yes,Silver,DEPARTMENT OF HOMELAND SECURITY,"U.S. CUSTOMS & BORDER PROTECTION
QHR00549",Amber.M.Tackett@cbp@dhs.gov
GS-03F-PM009,HSCEMD-14-F-00123,5235AG,1A,2,FA II,MFD Device Plus,Purchase + Maintenance,9,December,2014,,,,,,,0.0086,0.0474,0.0086,0.0474,0.0086,0.0474,,,No,Yes,Silver,DEPARTMENT OF HOMELAND SECURITY,"Immigration & Customs Enforcement
RXR00540, RXR00532",Greg.Horwitz@ice.dhs.gov
GS-03F-PM009,D0L-BLS-14-U-0005,5240AG,1A,1,FA II,MFD Device Plus,Purchase + Maintenance,12,December,2014,,,,,,,0.0086,0.0474,0.0086,0.0474,0.0086,0.0474,405,17,No,Yes,Silver,DEPARTMENT OF LABOR,"US Dept of Labor, BLS
RXT00502",Hall.Kathy@bls.gov
GS-03F-PM009,D0L-0PS-14-U-00042,IRADVC7270G,2A,5,FA II,MFD Device Plus,Purchase + Maintenance,12,December,2014,,,,,,,0.0081,0.0364,0.0081,0.0364,0.0081,0.0364,20843,15794,No,Yes,Gold,DEPARTMENT OF LABOR,"US Dept of Labor
LVY00555, LVY00559, LVY00556, LVY00509, LVY00558",Childs-Speight.donna@dol.gov
GS-03F-PM009,200-2014-F-60285,IRADVC9270G,2B,1,FA II,MFD Device Plus,Purchase + Maintenance,12,December,2014,,,,,,,0.0073,0.0357,0.0073,0.0357,0.0073,0.0357,,,No,Yes,Gold,DEPARTMENT OF HEALTH AND HUMAN SERVICES,"CDC
LVN00517",ImI3@cdc.gov
GS-03F-PM009,HHSF223201400128W,IRADVC7270G,2A,1,FA II,MFD Device Plus,Purchase + Maintenance,12,December,2014,,,,,,,0.0081,0.0364,0.0081,0.0364,0.0081,0.0364,,,No,Yes,Gold,DEPARTMENT OF HEALTH AND HUMAN SERVICES,"FDA
LVY00522",Karen.Conroy@fda.hhs.gov
GS-03F-PM009,HHSF223201400175W,5235AG,1A,1,FA II,MFD Device Plus,Purchase + Maintenance,12,December,2014,,,,,,,0.0086,0.0474,0.0086,0.0474,0.0086,0.0474,50,,No,Yes,Silver,DEPARTMENT OF HEALTH AND HUMAN SERVICES,"FDA
RXR00565",Deborah.Hammond@fda.hhs.gov
GS-03F-PM009,32-14-334SCH331,5235AG,1A,1,FA II,MFD Device Plus,Lease_Operating,60,December,2014,193.66,178.19,123.01,,,,0.0086,0.0474,0.0086,0.0474,0.0086,0.0474,3348,1145,No,Yes,Silver,DEPARTMENT OF HOMELAND SECURITY,"USCG Station Yaquina Bay
RXR00562",tim.J.Price@USCG.mil
GS-03F-PM009,D0L-CHI-14-U-00004,IRADVC7260G,2A,1,FA II,MFD Device Plus - includes 15000 BW and 500 color,Lease_Operating,60,December,2014,346.41,318.71,281.99,,,140,0.0081,0.0364,0.0081,0.0364,0.0081,0.0364,1167,134,No,Yes,Gold,DEPARTMENT OF LABOR,"Department of Labor
LWB00599",Wright.Marissa@DOL.gov
GS-03F-PM009,D0L-CHI-14-U-00004,IRADV6265G,2B,1,FA II,MFD Device Plus - includes 15000,Lease_Operating,60,December,2014,276.28,254.18,230.32,41,41,107,0.0044,,0.0044,,0.0044,,14147,,No,Yes,Silver,DEPARTMENT OF LABOR,"Department of Labor
NMQ00508",Wright.Marissa@DOL.gov
GS-03F-PM009,HHSP233201400459G,IRADVC7260G,2A,1,FA II,MFD Device Plus,Lease_Operating,60,December,2014,379.86,349.49,310.6,,,,0.0081,0.0364,0.0081,0.0364,0.0081,0.0364,3373,1909,No,Yes,Gold,DEPARTMENT OF HEALTH AND HUMAN SERVICES,"OS/OMHA/HQ
LWB00625",Elizabeth.McDannell@psc.HHS.Gov
GS-03F-PM009,HHSP233201400235G,IR2525G,1A,19,FA II,MFD Device Plus,Lease_Operating,60,December,2014,989.16,905.82,860.86,95,95,95,0.0123,0,0.0123,0,0.0123,0,,,No,Yes,Bronze,DEPARTMENT OF HEALTH AND HUMAN SERVICES,"DHHS
GZD80538, GZD80546, GZD80537, GZD80524, GZD80536, GZD80523, GZD80541, GZD80530, GZD80525, GZD80509, GZD80584, GZD80522, GZD80520, GZD80518, GZD80508, GZD80529, GZD80551, GZD80550, GZD80553",Raleigh.Tanner@psc.hhs.gov
GS-03F-PM009,HHSP233201400235G,IR2535G,1A,1,FA II,MFD Device Plus,Lease_Operating,60,December,2014,93.7,85.99,81.52,14,14,14,0.009,,0.009,,0.009,,,,No,Yes,Bronze,DEPARTMENT OF HEALTH AND HUMAN SERVICES,"DHHS
GZF00586",Raleigh.Tanner@psc.hhs.gov
GS-03F-PM009,6423092514,IRADV6265G,2B,1,FA II,MFD Device Plus,Purchase + Maintenance,9,December,2014,,,,41,41,41,0.0044,,0.0044,,0.0044,,78,,No,Yes,Silver,DEPARTMENT OF HOMELAND SECURITY,"DHS/CBP Office of Training and Development
NMQ00510",Priscilla.few@cbp.dhs.gov
GS-03F-PM009,HHSF223201400211W,IRADVC9280G,2B,1,FA II,MFD Device Plus - includes 56000 copies BW and color and maintenance on 7 units,Purchase + Maintenance,9,December,2014,,,,,,2480,0.0073,0.0357,0.0073,0.0357,0.00799,0.0363,,,No,Yes,Gold,DEPARTMENT OF HEALTH AND HUMAN SERVICES,"Food and Drug Administration/ CDER
LVE00513",LaDonya.Mothen-Athiam@fda.hhs.gov
GS-03F-PM009,HHSF223201400127W,5240AG,1A,1,FA II,MFD Device Plus,Purchase + Maintenance,12,December,2014,,,,,,,0.0086,0.0474,0.0086,0.0474,0.0086,0.0474,,,No,Yes,Silver,DEPARTMENT OF HEALTH AND HUMAN SERVICES,"Food and Drug Administration
RXT00505",Karen.Conroy@fda.hhs.gov
GS-03F-PM009,HHSF223201400168W,5235AG,1A,1,FA II,MFD Device Plus,Purchase + Maintenance,12,December,2014,,,,,,,0.0086,0.0474,0.0086,0.0474,0.0086,0.0474,,,No,Yes,Silver,DEPARTMENT OF HEALTH AND HUMAN SERVICES,"Food and Drug Administration
RXR00591",Deborah.Hammond@fda.hhs.gov
GS-03F-PM009,HHSF223201400218W,5240AG,1A,1,FA II,MFD Device Plus,Purchase + Maintenance,9,December,2014,,,,,,,0.0086,0.0474,0.0086,0.0474,0.0086,0.0474,,,No,Yes,Silver,DEPARTMENT OF HEALTH AND HUMAN SERVICES,"Food and Drug Administration
RXT00565",Michael.Roberts@fda.hhs.gov
GS-03F-PM009,HHSI244201400263G,5240AG,1A,1,FA II,MFD Device Plus,Purchase + Maintenance,12,December,2014,,,,,,,0.0086,0.0474,0.0086,0.0474,0.0086,0.0474,,,No,Yes,Silver,DEPARTMENT OF HEALTH AND HUMAN SERVICES,"Billings Indian Health Service
RXT00605",Kenneth.Nicholson@ihs.gov
GS-03F-PM009,HHSP233201400390G,IRADVC5255G,1B,1,FA II,MFD Device Plus,Purchase + Maintenance,12,December,2014,,,,,,,0.0058,0.0437,0.0058,0.0437,0.0058,0.0437,,,No,Yes,Silver,DEPARTMENT OF HEALTH AND HUMAN SERVICES,"PSC FMS
JMG00792",Megan.Kisamore@psc.hhs.gov
GS-03F-PM009,NAMA-14-F-0136,IRADV4251G,1B,1,FA II,MFD Device Plus,Purchase + Maintenance,11,December,2014,,,,9,9,9,0.0066,0,0.0065,0,0.0065,0,,,No,Yes,Silver,NATIONAL ARCHIVES AND RECORDS ADMINISTRATION,"NAR-LP-BGB
George Bush Presidential Library
QHT00506",Kevin.Schumacher@nara.gov
GS-03F-PM009,NAMA-14-F-0136,IRADVC7270G,2A,1,FA II,MFD Device Plus,Purchase + Maintenance,11,December,2014,,,,,,,0.0081,0.0364,0.0081,0.0364,0.0081,0.0364,,,No,Yes,Gold,NATIONAL ARCHIVES AND RECORDS ADMINISTRATION,"NAR-LP-BGB
George Bush Presidential Library
LVY00557",Kevin.Schumacher@nara.gov
GS-03F-PM009,HSBP1014F00277,IRADV6265G,2B,5,FA II,MFD Device Plus - 5x22,Lease_Operating,60,December,2014,1332.73,1226.14,799.7,205,205,110,0.0044,,0.0044,,0.0044,,7395,,No,Yes,Silver,DEPARTMENT OF HOMELAND SECURITY,"Customs and Border Protection
NMQ00532, NMQ00500, NMQ00516, NMQ00522, NMQ00502",Alicia.M.Maldonado@CBP.DHS.gov
GS-03F-PM009,HSSCCG-14-F-00397,IRADV4245G,1B,1,FA II,MFD Device Plus - includes 1240 copies,Lease_Operating,60,December,2014,124.48,114.51,74.7,7,7,16.42,0.0076,0,0.0076,0,0.0076,0,,,No,Yes,Silver,DEPARTMENT OF HOMELAND SECURITY,"USCIS, History Library
QHR00668",Dale.Allen@USCIS.DHS.GOV
GS-03F-PM009,GP0887898,5235AG,1A,1,FA II,MFD Device Plus,Lease_Operating,60,December,2014,181.34,166.85,166.85,,,,0.0086,0.0474,0.0086,0.0474,0.0086,0.0474,,,No,Yes,Silver,GENERAL SERVICES ADMINISTRATION,"GSA, Sidney Yates Buidling
RXR00592",Karen.Plummer@gsa.gov
GS-03F-PM009,HHSI239201400013W,5240AG,1A,7,FA II,MFD Device Plus,Lease_Operating,60,December,2014,1389.08,1278.01,1278.01,,,,0.0086,0.0474,0.0086,0.0474,0.0086,0.0474,,,No,Yes,Silver,DEPARTMENT OF HEALTH AND HUMAN SERVICES,"Indian Health Service, White Earth Health Center
RXT00599, RXT00598, RXT00569, RXT00567, RXT00501, RXT00512, RXT00591",Debra.Rethwisch@ihs.gov
GS-03F-PM009,HHSI239201400013W,IRADVC7270G,2A,1,FA II,MFD Device Plus,Lease_Operating,60,December,2014,418.12,384.68,384.68,,,,0.0081,0.0364,0.0081,0.0364,0.0081,0.0364,,,No,Yes,Gold,DEPARTMENT OF HEALTH AND HUMAN SERVICES,"Indian Health Service, White Earth Health Center
LVY00562",Debra.Rethwisch@ihs.gov
GS-03F-PM009,HHSP233201400459G,IRADVC7260G,2A,1,FA II,MFD Device Plus,Lease_Operating,60,December,2014,379.86,349.49,310.61,,,,0.0081,0.0364,0.0081,0.0364,0.0081,0.0364,,,No,Yes,Gold,DEPARTMENT OF HEALTH AND HUMAN SERVICES,"Office of Medicare Hearings and Appeals
LWB00634",Elizabeth.McDannell@psc.HHS.Gov
GS-03F-PM009,HHSP233201400459G,IRADV6265G,2B,1,FA II,MFD Device Plus,Lease_Operating,60,December,2014,305.6,281.17,255.9,41,41,41,0.0044,,0.0044,,0.0044,,,,No,Yes,Silver,DEPARTMENT OF HEALTH AND HUMAN SERVICES,"Office of Medicare Hearings and Appeals
NMQ00557",Elizabeth.McDannell@psc.HHS.Gov
GS-03F-PM009,101-S44021,IRADVC7260G,2A,4,FA II,MFD Device Plus,Lease_Operating,60,December,2014,1564.53,1440.37,1284.85,,,,0.0081,0.0364,0.0081,0.0364,0.0081,0.0364,11254,7632,No,Yes,Gold,DEPARTMENT OF VETERANS AFFAIRS,"Department of Veterans Affairs
LWB00616, LWB00628, LWB00624, LWB00631",Candice.Mazzetta@va.gov
GS-03F-PM009,7168072814,IRADVC5255G,1B,1,FA II,MFD Device Plus,Purchase + Maintenance,12,December,2014,,,,,,,0.0058,0.0437,0.0058,0.0437,0.0058,0.0437,,,No,Yes,Silver,DEPARTMENT OF HEALTH AND HUMAN SERVICES,"Center of Disease Control & Prevention
JMG00832",efi6@cdc.gov
GS-03F-PM009,183,IRADVC5255G,1B,1,FA II,MFD Device Only,Purchase,0,December,2014,,,,,,,,,,,,,,,No,Yes,Silver,DEPARTMENT OF HOMELAND SECURITY,"US Customs & Border Protection
JMG00598",sherri.robertson@dhs.gov
GS-03F-PM009,4822082114,5235AG,1A,1,FA II,MFD Device Only,Purchase,0,December,2014,,,,,,,,,,,,,,,No,Yes,Silver,DEPARTMENT OF HOMELAND SECURITY,"US Customs & Border Protection
RXR00501",sherry.huffer@dhs.gov
GS-03F-PM009,7903091914,IRADV4235G,1A,1,FA II,MFD Device Plus,Purchase + Maintenance,9,December,2014,,,,6,6,6,0.0084,0,0.0084,0,0.0084,,,,No,Yes,Silver,DEPARTMENT OF HOMELAND SECURITY,"CBP
QHN00681",carolyn.bankhead@cbp.dhs.gov
GS-03F-PM009,HSBP1014F00508,IRADV4225G,1A,4,FA II,MFD Device Only,Purchase,0,December,2014,,,,,,,,,,,,,,,No,Yes,Silver,DEPARTMENT OF HOMELAND SECURITY,"US Customs & Border Protection
QHL00528, QHL00525, QHL00632, QHL00625",Deborah.s.brent@dhs.gov
GS-03F-PM009,2845092214,IRADV4225G,1A,1,FA II,MFD Device Only,Purchase,0,December,2014,,,,,,,,,,,,,,,No,Yes,Silver,DEPARTMENT OF HOMELAND SECURITY,"US Coast Guard Air Station
QHL00547",harry.hernandez@uscg.mil
GS-03F-PM009,23-14-454PFK171,5235AG,1A,1,FA II,MFD Device Only,Purchase,0,December,2014,,,,,,,,,,,,,,,No,Yes,Silver,DEPARTMENT OF HOMELAND SECURITY,"US Coast Guard C41T Department
RXR00696",charles.r.baileyIII@uscg.mil
GS-03F-PM009,GP0907456,IRADVC2225G,1A,1,FA II,MFD Device Plus,Purchase + Maintenance,12,December,2014,,,,11,11,11,0.0103,0.0693,0.0103,0.0693,0.0103,0.0693,,,No,Yes,Silver,GENERAL SERVICES ADMINISTRATION,"General Services Administration
LZL50007",Bernard.Ellsworth@gsa.gov
GS-03F-PM009,200-2014-F-61150,IRADVC7270G,2A,1,FA II,MFD Device Only,Purchase,0,December,2014,,,,,,,,,,,,,,,No,Yes,Gold,DEPARTMENT OF HEALTH AND HUMAN SERVICES,"CDC Distribution Center
LVY00570",lm13@cdc.gov
GS-03F-PM009,HHSP233201400510G,IRADVC5255G,1B,1,FA II,MFD Device Only,Purchase,0,December,2014,,,,,,,,,,,,,,,No,Yes,Silver,DEPARTMENT OF HEALTH AND HUMAN SERVICES,"DHHS/PSC
JMG00648",Elizabeth.McDannell@psc.hhs.gov
GS-03F-PM009,32152755AB013,5240AG,1A,2,FA II,MFD Device Plus,Lease_Operating,60,December,2014,501.85,461.68,247.35,,,,0.0086,0.0474,0.0086,0.0474,0.0086,0.0474,,,No,Yes,Silver,DEPARTMENT OF HOMELAND SECURITY,"US Coast Guard 
RXT00568, RXT00561",angel.pol@uscg.mil
GS-03F-PM009,HSSCCG-14-Z-00016,IRADV4235G,1A,1,FA II,MFD Device Plus includes 2000 copies,Lease_Operating,60,December,2014,127.7,117.46,76.62,6,6,22.8,0.0084,0,0.0084,0,0.0084,,,,No,Yes,Silver,DEPARTMENT OF HOMELAND SECURITY,"DHS/ Citizens & Immigration Services
QHN00625",Dale.Allen@USCIS.DHS.GOV
GS-03F-PM009,HSSCCG-14-Z-00018,IRADV6265G,2B,1,FA II,MFD Device Plus- includes 1000 copies,Lease_Operating,60,December,2014,339.77,312.81,207.73,41,41,26.4,0.0044,,0.0044,,0.0044,,,,No,Yes,Silver,DEPARTMENT OF HOMELAND SECURITY,"USCIS
Office of the Director
NMQ00515",Dale.Allen@USCIS.DHS.GOV
GS-03F-PM009,D0L-DAL-14-U-00003,5240AG,1A,1,FA II,MFD Device Plus,Lease_Operating,60,December,2014,193.05,177.61,162.86,,,,0.0086,0.0474,0.0086,0.0474,0.0086,0.0474,,,No,Yes,Silver,DEPARTMENT OF LABOR,"DOL/OSHA Houston North Area Office
RXT00571",williams.katherine@dol.gov
GS-03F-PM009,D0L-DAL-14-U-00006,5240AG,1A,1,FA II,MFD Device Plus,Lease_Operating,60,December,2014,193.05,177.61,162.86,,,,0.0086,0.0474,0.0086,0.0474,0.0086,0.0474,,,No,Yes,Silver,DEPARTMENT OF LABOR,"DOL/OSHA
RXT00582",williams.katherine@dol.gov
GS-03F-PM009,GP0899801,IRADVC7260G,2A,1,FA II,MFD Device Plus,Lease_Operating,60,December,2014,377.76,347.54,308.66,,,,0.0081,0.0364,0.0081,0.0364,0.0081,0.0364,,,No,Yes,Gold,GENERAL SERVICES ADMINISTRATION,"General Services Administration
LWB00601",iris.stanton@gsa.gov
GS-03F-PM009,HHSP233201400463G,IRADVC5255G,1B,6,FA II,MFD Device Plus,Lease_Operating,60,December,2014,2210.71,2009.83,1528.56,,,,0.0058,0.0437,0.0058,0.0437,0.0058,0.0437,100,100,No,Yes,Silver,DEPARTMENT OF HEALTH AND HUMAN SERVICES,"DHHS, Office of the General Counsel
JMG00933, JMG00943, JMG00939, JMG00945
JMG00946, JMG00988",lisa.slavin@psc.hhs.gov
GS-03F-PM009,HHSP233201400463G,IRADVC9270G,2B,1,FA II,MFD Device Plus,Lease_Operating,60,December,2014,692.88,633.44,524.08,,,,0.0073,0.0357,0.0073,0.0357,0.0073,0.0357,,,No,Yes,Gold,DEPARTMENT OF HEALTH AND HUMAN SERVICES,"DHHS, Office of the General Counsel
LVN00513",lisa.slavin@psc.hhs.gov
GS-03F-PM009,I5-14469100043,IRADVC2225G,1A,2,FA II,MFD Device Only,Purchase,0,December,2014,9544,8780,8580,,,,,,,,,,26,64,No,Yes,Silver,DEPARTMENT OF JUSTICE,"US PROBATION OFFICE
LZL50022, LZL50021",john.warburton@wyb.uscourts.gov
GS-03F-PM009,HHSF223201400211W,IRADVC7270G,2A,6,FA II,MFD Device Plus -includes 48000 BW and Color copies,Purchase + Maintenance,9,December,2014,141692,130429,97956,,,2480,0.0081,0.0364,0.0081,0.0364,0.00799,0.0363,300,300,No,Yes,Gold,DEPARTMENT OF HEALTH AND HUMAN SERVICES,"FOOD & DRUG ADMINISTRATION/CDER
LVY00571, LVY00572, LVY00567, LVY00565, LVY00568, LVY00560",LaDonya.Mothen-Athiam@fda.hhs.gov
GS-03F-PM009,200-2014-F-61200,IR2545G,1A,1,FA II,MFD Device Only,Purchase,0,December,2014,5509,5067,5027,,,,,,,,,,50,,No,Yes,Bronze,DEPARTMENT OF HEALTH AND HUMAN SERVICES,"CDC
GZG80047",xbq0@cdc.gov
GS-03F-PM009,214-2014-F-60998,IRADVC2225G,1A,1,FA II,MFD Device Plus,Purchase + Maintenance,12,December,2014,5120,4711,4390,11,11,11,0.0103,0.0693,0.0103,0.0693,0.0103,0.0693,50,50,No,Yes,Silver,DEPARTMENT OF HEALTH AND HUMAN SERVICES,"CENTERS FOR DISEASE CONTROL
ATSDR/REGION 4
LZL50017",aov2@cdc.gov
GS-03F-PM009,HHSP233201400510G,IRADVC7270G,2A,1,FA II,MFD Device Only,Purchase,0,December,2014,21726,20000,19394,,,,,,,,,,50,50,No,Yes,Gold,DEPARTMENT OF HEALTH AND HUMAN SERVICES,"DHHS PSC
LVY00563",Elizabeth.McDannell@psc.HHS.Gov
GS-03F-PM009,HHSP284201400251G,IRADVC5255G,1B,1,FA II,MFD Device Only,Purchase,0,December,2014,14879,13688,13258,,,,,,,,,,50,50,No,Yes,Silver,DEPARTMENT OF HEALTH AND HUMAN SERVICES,"DHHS/PROGRAM SUPPORT CENTER/FLS
JMG00960",Leslie.Lucas@psc.hhs.gtov
GS-03F-PM009,HHSP233201400350G,IRADVC7270G,2A,1,FA II,MFD Device Only,Purchase,0,December,2014,21080,19406,19394,,,,,,,,,,23,23,No,Yes,Gold,DEPARTMENT OF HEALTH AND HUMAN SERVICES,"HHS/OASH - PHS REGION V
LVY00564",Daren.Davis@psc.hhs.gov
GS-03F-PM009,GP0907456,5240AG,1A,1,FA II,MFD Device Plus,Purchase + Maintenance,12,December,2014,193.1,177.66,162.11,,,,0.0086,0.0474,0.0086,0.0474,0.0086,0.0474,50,50,No,Yes,Silver,GENERAL SERVICES ADMINISTRATION,"GSA, DC SERVICE CENTER
RXT00635",Sue.Busada@GSA.gov
