ORDER_NUMBER,ORDER_DATE,MANUFACTURER_NAME,MANUFACTURER_PART_NUMBER,VENDOR_PART_NUMBER,UPC_A_CODE,PRODUCT_DESCRIPTION,PSC_CODE,UNSPSC_CODE,JANSAN_SUBCATEGORY,UNIT_OF_MEASURE,PACKAGE_QUANTITY,QUANTITY,BPA_PRICE,BPA_EXTENDED_PRICE,DEBIT_CREDIT_INDICATOR,MAS_PRICE,MAS_EXTENDED_PRICE,DISCOUNT_AMOUNT,FMIS_AGENCY_BUREAU_CODE,AGENCY_NAME,SUB_AGENCY_1,SUB_AGENCY_2,SUB_AGENCY_3,REFERENCE_ID,ABILITYONE_FLAG,CPG_INDICATOR,BIO_PREFERRED_INDICATOR,SALES_CHANNEL,PAYMENT_METHOD,DELIVERY_METHOD,SHIPMENT_WEIGHT,TO_ZIP_CODE,FROM_ZIP_CODE,FREIGHT_CHARGE,SUPPLY_FEE,FULFILLMENT_DATE,VENDOR_NAME,BPA_NUMBER,AUTOMATED_COMPLETENESS_CHECK
MGAKM75311M,10232014,HOOVER,C3820_6ENE1,6ENE1,N/A,"Walk Behind Carpet Extractor,1 gal,120V",7910,47121609,Motorized Floor Cleaning Equipment,EA,1,1,263.2,263.2,D,263.2,263.2,0,,DEPARTMENT OF HOMELAND SECURITY,UNITED STATES COAST GUARD,,,,No,No,No,GSA Advantage,Government SmartPay Card,Standard,0,77541,55445,0,,10242014,WECsys,GS07FBA398,OK - Complete!
MGAKM78662M,10242014,TOUGH GUY,13Y349,13Y349,UPC19736997249,"Cloth Rag,Multi Colored Knits,50-lb Box",7920,47131501,Non-Motorized Cleaning Equipment,EA,1,2,68.69,137.38,D,65.52,131.04,-3.17,,DEPARTMENT OF THE INTERIOR,NATIONAL PARK SERVICE,,,NM002,No,No,No,GSA Advantage,Government SmartPay Card,Standard,0,95318,55445,0,,10272014,WECsys,GS07FBA398,OK - Complete!
MGAKM82008M,10272014,3M/COMMERCIAL TAPE DIV.,MMM86,MMM86,N/A,"Commercial Heavy-Duty Scouring Pad, Green, 6 x 9, 12/Pack",7920,47131602,Non-Motorized Cleaning Equipment,EA,12,7,14.4,100.8,D,16.32,114.24,1.92,,DEPARTMENT OF VETERANS AFFAIRS,DEPARTMENT OF VETERANS AFFAIRS,,,NM042,No,No,No,GSA Advantage,Government SmartPay Card,Standard,0,75418,75061,0,,10282014,WECsys,GS07FBA398,OK - Complete!
M00010427841,10272014,GYM WIPES,2XL101_4LFA5,4LFA5,N/A,"Gym Equipment Wipes Refill,8 x 6 In",7920,47131502,Non-Motorized Cleaning Equipment,EA,1,10,64.61,646.1,D,37.73,377.3,-26.88,,DEPARTMENT OF THE NAVY,DEPARTMENT OF THE NAVY,,,,No,No,No,DoD Emall,Government SmartPay Card,Standard,0,92110,55445,0,,10282014,WECsys,GS07FBA398,OK - Complete!
MGAKM77796M,10242014,EUREKA/SANITAIRE,EUR 899,EUK899,UPC023169126442,"Commercial Upright Vacuum, 16 in. , Red",7910,47121602,Motorized Floor Cleaning Equipment,EA,1,1,274.86,274.86,D,274.86,274.86,0,,DEPARTMENT OF THE AIR FORCE,DEPARTMENT OF THE AIR FORCE,,,,No,No,No,GSA Advantage,Government SmartPay Card,Standard,0,58205,55445,0,,10292014,WECsys,GS07FBA398,OK - Complete!
MGAKM86186M,10282014,TOUGH GUY,13Y349,13Y349,UPC019736997249,"Cloth Rag,Multi Colored Knits,50-lb Box",7920,47131501,Non-Motorized Cleaning Equipment,EA,1,5,61.62,308.1,D,65.52,327.6,3.9,,DEPARTMENT OF HOMELAND SECURITY,UNITED STATES COAST GUARD,,,NM002,No,No,No,GSA Advantage,Government SmartPay Card,Standard,0,98363,55445,0,,10292014,WECsys,GS07FBA398,OK - Complete!
MGAKM85543M,10282014,WEBSTER INDUSTRIES,PLA6070,WBIPLA6070,UPC041215250163,"Can Liner, Super Hexene Resin 55-60gal, 1. 55mil, 39 x 56, 50/Carton",7240,47121701,Non-Motorized Cleaning Equipment,CT,50,3,33.51,100.53,D,37.36,112.08,3.85,,DEPARTMENT OF HOMELAND SECURITY,TRANSPORTATION SECURITY ADMIN,,,,No,No,No,GSA Advantage,Government SmartPay Card,Standard,0,44135,44087,0,,10302014,WECsys,GS07FBA398,OK - Complete!
SCH15002,10292014,BEL-ART - SCIENCEWARE,F131920002_8DH62,8DH62,N/A,"Biohazard Bag Holder,21-1/2 In. H",7240,47121701,Non-Motorized Cleaning Equipment,EA,1,1,59.05,59.05,D,65.83,65.83,6.78,,DEPARTMENT OF HOMELAND SECURITY,IMMIGRATION & CUSTOMS ENFORCEMENT,,,,No,No,No,GSA Advantage,Government SmartPay Card,Standard,0,31815,55445,0,,10312014,WECsys,GS07FBA398,OK - Complete!
