ORDER_NUMBER,ORDER_DATE,MANUFACTURER_NAME,MANUFACTURER_PART_NUMBER,VENDOR_PART_NUMBER,UPC_A_CODE,PRODUCT_DESCRIPTION,PSC_CODE,UNSPSC_CODE,JANSAN_SUBCATEGORY,UNIT_OF_MEASURE,PACKAGE_QUANTITY,QUANTITY,BPA_PRICE,BPA_EXTENDED_PRICE,DEBIT_CREDIT_INDICATOR,MAS_PRICE,MAS_EXTENDED_PRICE,DISCOUNT_AMOUNT,FMIS_AGENCY_BUREAU_CODE,AGENCY_NAME,SUB_AGENCY_1,SUB_AGENCY_2,SUB_AGENCY_3,REFERENCE_ID,ABILITYONE_FLAG,CPG_INDICATOR,BIO_PREFERRED_INDICATOR,SALES_CHANNEL,PAYMENT_METHOD,DELIVERY_METHOD,SHIPMENT_WEIGHT,TO_ZIP_CODE,FROM_ZIP_CODE,FREIGHT_CHARGE,SUPPLY_FEE,FULFILLMENT_DATE,VENDOR_NAME,BPA_NUMBER,AUTOMATED_COMPLETENESS_CHECK
EGAKM96752E,11032014,NIBNSH,7920007535242,NSN7535242,UPC071503510877,"7920007535242, PAD, SCR10EA",7920,47131500,Non-Motorized Cleaning Equipment,PK,10,2, 3.00 , 6.00 ,D, 3.81 , 7.62 , 0.81 ,,DEPARTMENT OF THE AIR FORCE,DEPARTMENT OF THE AIR FORCE,,,,Yes,No,No,GSA Advantage,Government SmartPay Card,Standard,0,21226,21076,0,0,11042014,WECsys,GS07FBA398,OK - Complete!
MGAKM98961M,11042014,NIBNSH,8105013862329,NSN3862329,UPCN/A,8105013862329 BAGBR40X48,7920,47121700,Non-Motorized Cleaning Equipment,CT,100,1, 47.30 , 47.30 ,D, 52.73 , 52.73 , 5.43 ,,DEPARTMENT OF HOMELAND SECURITY,UNITED STATES COAST GUARD,,,,Yes,No,No,GSA Advantage,Government SmartPay Card,Standard,0,96145,95842,0,0,11072014,WECsys,GS07FBA398,OK - Complete!
PHXHGS-150009,11042014,NILFISK-ADVANCE INC,01520A,NIL01520A,UPC706155015318,Electric Burnisher,7910,47121600,Motorized Floor Cleaning Equipment,EA,1,2," 1,381.22 "," 2,762.44 ",D," 1,573.44 "," 3,146.88 ", 192.22 ,,DEPARTMENT OF HEALTH AND HUMAN SERVICES,INDIAN HEALTH SERVICE,,,,No,No,No,E-mail,Government SmartPay Card,Standard,0,86042,55445,0,0,11112014,WECsys,GS07FBA398,OK - Complete!
MGAKN36039M,11192014,GOJO,095804_12V411,12V411,UPCN/A,"Hand Soap,Citrus,Orange,Pump Bottle",8520,53131608,Cleaning Compounds,EA,1,7, 15.00 , 105.00 ,D, 16.14 , 112.98 , 1.14 ,,DEPARTMENT OF HOMELAND SECURITY,UNITED STATES COAST GUARD,,,,No,No,No,GSA Advantage,Government SmartPay Card,Standard,0,02543,55445,0,0,11202014,WECsys,GS07FBA398,OK - Complete!
MGAKN15777M,11112014,WORX ALL-NATURAL HAND CLEANER,111300_33Y925,33Y925,UPCN/A,"All Natural Powdered Hand Soap,Btle,3lb",8520,53131627,Cleaning Compounds,EA,1,2, 61.41 , 122.82 ,D, 66.07 , 132.14 , 4.66 ,,DEPARTMENT OF HOMELAND SECURITY,UNITED STATES COAST GUARD,,,,No,No,No,GSA Advantage,Government SmartPay Card,Standard,0,98362,55445,0,0,11122014,WECsys,GS07FBA398,OK - Complete!
MGAKN06346M,11062014,TOUGH GUY,13Y349,13Y349,UPC019736997249,"Cloth Rag,Multi Colored Knits,50-lb Box",7920,47131501,Non-Motorized Cleaning Equipment,EA,1,4, 61.62 , 246.48 ,D, 65.53 , 262.12 , 3.91 ,,DEPARTMENT OF HOMELAND SECURITY,UNITED STATES COAST GUARD,,,NM002,No,No,No,GSA Advantage,Government SmartPay Card,Standard,0,36615,55445,0,0,11072014,WECsys,GS07FBA398,OK - Complete!
MGAKN13328M,11082014,TOUGH GUY,13Y349,13Y349,UPC019736997249,"Cloth Rag,Multi Colored Knits,50-lb Box",7920,47131501,Non-Motorized Cleaning Equipment,EA,1,5, 61.62 , 308.10 ,D, 65.53 , 327.65 , 3.91 ,,DEPARTMENT OF HOMELAND SECURITY,UNITED STATES COAST GUARD,,,NM002,No,No,No,GSA Advantage,Government SmartPay Card,Standard,0,02841,55445,0,0,11112014,WECsys,GS07FBA398,OK - Complete!
MGAKN25792M,11142014,TOUGH GUY,13Y349,13Y349,UPC019736997249,"Cloth Rag,Multi Colored Knits,50-lb Box",7920,47131501,Non-Motorized Cleaning Equipment,EA,1,2, 61.62 , 123.24 ,D, 65.53 , 131.06 , 3.91 ,,DEPARTMENT OF HOMELAND SECURITY,UNITED STATES COAST GUARD,,,NM002,No,No,No,GSA Advantage,Government SmartPay Card,Standard,0,97420,55445,0,0,11182014,WECsys,GS07FBA398,OK - Complete!
MGAKN35605M,11192014,TOUGH GUY,13Y349,13Y349,UPC019736997249,"Cloth Rag,Multi Colored Knits,50-lb Box",7920,47131501,Non-Motorized Cleaning Equipment,EA,1,2, 61.62 , 123.24 ,D, 65.53 , 131.06 , 3.91 ,,DEPARTMENT OF THE ARMY,DEPARTMENT OF THE ARMY,,,NM002,No,No,No,GSA Advantage,Government SmartPay Card,Standard,0,73503,55445,0,0,11202014,WECsys,GS07FBA398,OK - Complete!
MGAKN24269M,11142014,PURELL,2424DS_3EUE6,3EUE6,UPCN/A,Hand Sanitizer Floor Stand Mineral Gray,4510,53131626,Cleaning Compounds,EA,1,1, 135.42 , 135.42 ,D, 145.69 , 145.69 , 10.27 ,,DEPARTMENT OF HOMELAND SECURITY,BUREAU CITIZENSHIP & IMMIGRATION SVCS,,,,No,No,No,GSA Advantage,Government SmartPay Card,Standard,0,21227,55445,0,0,11172014,WECsys,GS07FBA398,OK - Complete!
610-Q50331,10292014,Koala Kare Products,2ELE6,2ELE6,UPCN/A,"Baby Changing Station,Vertical",4510,56101812,Non-Motorized Cleaning Equipment,EA,1,2, 255.17 , 510.34 ,D, 193.91 , 387.82 , (61.26),,DEPARTMENT OF VETERANS AFFAIRS,DEPARTMENT OF VETERANS AFFAIRS,,,NM218,No,No,No,GSA Advantage,Government SmartPay Card,Standard,0,46805,55445,0,0,11042014,WECsys,GS07FBA398,OK - Complete!
MGAKN21820M,11132014,TOUGH GUY,39E963_39E963,39E963,UPCN/A,"Paper Towel Dispenser,(1) Roll,Smoke",4510,47131701,Non-Motorized Cleaning Equipment,EA,1,5, 33.16 , 165.80 ,D, 36.96 , 184.80 , 3.80 ,,DEPARTMENT OF HOMELAND SECURITY,UNITED STATES COAST GUARD,,,,No,No,No,GSA Advantage,Government SmartPay Card,Standard,0,97439,55445,0,0,11142014,WECsys,GS07FBA398,OK - Complete!
583-O52174,11212014,TOUGH GUY,3CA44,3CA44,UPCN/A,"Bleach,Size 96 oz.,PK 6",7930,47131807,Cleaning Compounds,PK,6,1, 12.65 , 12.65 ,D, 9.39 , 9.39 , (3.26),,DEPARTMENT OF VETERANS AFFAIRS,DEPARTMENT OF VETERANS AFFAIRS,,,CC037,No,No,No,Vendor Portal,Government SmartPay Card,Standard,0,46202,55445,0,0,11242014,WECsys,GS07FBA398,OK - Complete!
MGAKN17240M,11122014,LUBRIDERM,48856_43Y802,43Y802,UPCN/A,"Moisturizing Lotion,16 oz.,PK 12",8520,53131607,Cleaning Compounds,PK,12,1, 177.38 , 177.38 ,D, 190.84 , 190.84 , 13.46 ,,DEPARTMENT OF VETERANS AFFAIRS,DEPARTMENT OF VETERANS AFFAIRS,,,,No,No,No,GSA Advantage,Government SmartPay Card,Standard,0,25701,55445,0,0,11132014,WECsys,GS07FBA398,OK - Complete!
MGAKN38985M,11202014,TOUGH GUY,4YKK8_4YKK8,4YKK8,UPCN/A,"Food Grade Trash Can Top,Red",7240,47121704,Non-Motorized Cleaning Equipment,EA,1,6, 42.44 , 254.64 ,D, 47.31 , 283.86 , 4.87 ,,DEPARTMENT OF VETERANS AFFAIRS,DEPARTMENT OF VETERANS AFFAIRS,,,,No,No,No,GSA Advantage,Government SmartPay Card,Standard,0,17042,55445,0,0,11282014,WECsys,GS07FBA398,OK - Complete!
MGAKN05063M,11052014,Oklahoma Waste and Wiping Rag,552-105-50,55210550,UPCN/A,COLORED COTTON WIPING RAGS LIGHT WEIGH,7920,47131500,Non-Motorized Cleaning Equipment,CT,1,20, 44.10 , 882.00 ,D, 49.16 , 983.20 , 5.06 ,,DEPARTMENT OF THE NAVY,DEPARTMENT OF THE NAVY,,,,No,No,No,GSA Advantage,Government SmartPay Card,Standard,0,02129,55445,0,0,11122014,WECsys,GS07FBA398,OK - Complete!
MGAKN07755M,11062014,ABILITY ONE,5LG75,5LG75,UPC071503510877,"Scouring Pad,Green,9-1/2In L,6In W,PK10",7920,47131602,Non-Motorized Cleaning Equipment,PK,10,40, 2.77 , 110.80 ,D, 3.07 , 122.80 , 0.30 ,,DEPARTMENT OF THE ARMY,DEPARTMENT OF THE ARMY,,,NM126,Yes,No,No,GSA Advantage,Government SmartPay Card,Standard,0,98433,55445,0,0,11112014,WECsys,GS07FBA398,OK - Complete!
MGAKN45085M,11242014,ABILITY ONE,7930009265280_5LH14,5LH14,UPCN/A,"Cleaner Degreaser,Size 16 oz.,PK 12",7930,47131821,Cleaning Compounds,PK,12,8, 27.73 , 221.84 ,D, 29.83 , 238.64 , 2.10 ,,DEPARTMENT OF JUSTICE,FEDERAL BUREAU OF INVESTIGATION,,,,Yes,No,No,GSA Advantage,Government SmartPay Card,Standard,0,26306,55445,0,0,11252014,WECsys,GS07FBA398,OK - Complete!
2027324396,11122014,ABILITY ONE,8520-01-522-0835,29JT71,UPCN/A,"8520-01-522-0835 Hand Sanitizer, Size 2 oz., Gel, PK 24",8520,53131626,Cleaning Compounds,PK,24,10, 50.46 , 504.60 ,D, 54.29 , 542.90 , 3.83 ,,DEPARTMENT OF HOMELAND SECURITY,IMMIGRATION & CUSTOMS ENFORCEMENT,,,,Yes,No,Yes,Phone,Government SmartPay Card,Standard,0,20024,55445,0,0,11142014,WECsys,GS07FBA398,OK - Complete!
663-R51341,11132014,COLGATE-PALMOLIVE,CPC 55501,CPC55501,UPC003500055501,"Personal Care, Toothpaste/Toothbrushes/Mouthwash",8520,53130000,Cleaning Compounds,CS,144,3, 46.29 , 138.87 ,D, 49.80 , 149.40 , 3.51 ,,DEPARTMENT OF VETERANS AFFAIRS,DEPARTMENT OF VETERANS AFFAIRS,,,,No,No,No,GSA Advantage,Government SmartPay Card,Standard,0,98108,75061,0,0,11182014,WECsys,GS07FBA398,OK - Complete!
MGAKL10012M,11072014,ECOLAB INC,ECO12922,ECO12922,UPCN/A,SOLID SILVER POWER 2-8LBProduct has environmental attributes Contractor Site,7930,47130000,Cleaning Compounds,EA,1,-2, 72.74 , (145.48),C, 75.21 , (150.42), 2.47 ,,DEPARTMENT OF HOMELAND SECURITY,UNITED STATES COAST GUARD,,,,No,No,No,GSA Advantage,Government SmartPay Card,Standard,0,36615,55445,14.54,0,11072014,WECsys,GS07FBA398,OK - Complete!
MGAKM94476M,10312014,ECOLAB INC,ECO12971,ECO12971,UPC025469129710,HEAVY DUTY LIQUID POT AND PAN DETERGENT PRODUCT DELIVERS SUPERIOR GREASECUTTING AND SOIL SUSPENSION.,7930,47130000,Cleaning Compounds,PK,29,4, 70.04 , 280.16 ,D, 75.35 , 301.40 , 5.31 ,,DEPARTMENT OF THE NAVY,DEPARTMENT OF THE NAVY,,,,No,No,No,GSA Advantage,Government SmartPay Card,Standard,0,23801,55445,0,0,11202014,WECsys,GS07FBA398,OK - Complete!
MGAKM97470M,11032014,BEL-ART - SCIENCEWARE,F131920002_8DH62,8DH62,UPCN/A,"Biohazard Bag Holder,21-1/2 In. H",7240,47121701,Non-Motorized Cleaning Equipment,EA,1,2, 59.05 , 118.10 ,D, 65.83 , 131.66 , 6.78 ,,DEPARTMENT OF HOMELAND SECURITY,IMMIGRATION & CUSTOMS ENFORCEMENT,,,,No,No,No,GSA Advantage,Government SmartPay Card,Standard,0,33194,55445,0,0,11052014,WECsys,GS07FBA398,OK - Complete!
MGAKM90872M,10302014,BEL-ART - SCIENCEWARE,F131920002_8DH62,8DH62,UPCN/A,"Biohazard Bag Holder,21-1/2 In. H",7240,47121701,Non-Motorized Cleaning Equipment,EA,1,2, 59.05 , 118.10 ,D, 65.83 , 131.66 , 6.78 ,,DEPARTMENT OF HOMELAND SECURITY,IMMIGRATION & CUSTOMS ENFORCEMENT,,,,No,No,No,GSA Advantage,Government SmartPay Card,Standard,0,33194,55445,0,0,11192014,WECsys,GS07FBA398,OK - Complete!
FGAKN34893F,11192014,Kimberly-Clark,KCC 03046,KCC03046,UPC036000030461,"Wipers, All-Purpose",7920,47131500,Non-Motorized Cleaning Equipment,CS,9,25, 44.56 ," 1,114.00 ",D, 49.67 ," 1,241.75 ", 5.11 ,,DEPARTMENT OF THE INTERIOR,NATIONAL PARK SERVICE,,,,No,No,No,GSA Advantage,Government SmartPay Card,Standard,0,92277,91745,0,0,11202014,WECsys,GS07FBA398,OK - Complete!
EGAKN08312E,11062014,Kimberly-Clark,75260,KIM75260,UPC054000752602,"SCOTT Rags in a Box, 10 x 12, White, 200/Box",7920,47131500,Non-Motorized Cleaning Equipment,BX,1,5, 15.76 , 78.80 ,D, 11.49 , 57.45 , (4.27),,DEPARTMENT OF HOMELAND SECURITY,FEDERAL PROTECTIVE SERVICE (GSA),,,,No,No,No,GSA Advantage,Government SmartPay Card,Standard,0,80521,80238,0,0,11072014,WECsys,GS07FBA398,OK - Complete!
M00010448124,11202014,Kimberly-Clark,75260,KIM75260,UPC054000752602,"SCOTT Rags in a Box, 10 x 12, White, 200/Box",7920,47131500,Non-Motorized Cleaning Equipment,BX,1,10, 15.76 , 157.60 ,D, 11.49 , 114.90 , (4.27),,DEPARTMENT OF THE NAVY,DEPARTMENT OF THE NAVY,,,,No,No,No,DoD Emall,Government SmartPay Card,Standard,0,23708,21076,0,0,11242014,WECsys,GS07FBA398,OK - Complete!
FGAKM96839F,11032014,Kimberly-Clark,KCC 92053,KCC92053,UPC036000920533,"Soaps & Dispensers, Liquid Soap",8520,53130000,Cleaning Compounds,CS,18,4, 61.57 , 246.28 ,D, 66.24 , 264.96 , 4.67 ,,DEPARTMENT OF THE ARMY,DEPARTMENT OF THE ARMY,,,,No,No,No,GSA Advantage,Government SmartPay Card,Standard,0,07806,55445,48.56,0,11102014,WECsys,GS07FBA398,OK - Complete!
EGAKN17011E,11122014,PLAYTEX,PLX04703CT,PLX04703CT,UPCN/A,"Antibacterial Moist Towelettes, Cloth, 5 3/4 x 7 1/2, 40/Dispenser, 12/Carton",8520,53130000,Cleaning Compounds,CT,12,20, 34.92 , 698.40 ,D, 30.36 , 607.20 , (4.56),,DEPARTMENT OF HOMELAND SECURITY,TRANSPORTATION SECURITY ADMIN,,,CC010,No,No,No,GSA Advantage,Government SmartPay Card,Standard,0,98158,98188,0,0,11132014,WECsys,GS07FBA398,OK - Complete!
0U8-0612,10142014,Rubbermaid,RCP 3540 BLU,RCP3540BLU,UPC086876047561,"Indoor Containers & Tops, Plastic & Fiberglass Con",7240,47121700,Non-Motorized Cleaning Equipment,EA,1,4, 37.80 , 151.20 ,D, 37.80 , 151.20 , -   ,,DEPARTMENT OF THE AIR FORCE,DEPARTMENT OF THE AIR FORCE,,,,No,No,No,GSA Advantage,Government SmartPay Card,Standard,0,80914,55445,14.73,0,11012014,WECsys,GS07FBA398,OK - Complete!
573-P50790DALE,10152014,RUBBERMAID COMMERCIAL PROD.,RCP253100BK,RCP253100BK,UPCN/A,"Lobby Pro Upright Dustpan, w/Wheels, 12 1/2 "", Polypropylene w/Vinyl Coat, Black",7920,47130000,Non-Motorized Cleaning Equipment,EA,1,12, 29.66 , 355.92 ,D, 10.17 , 122.04 , (19.49),,DEPARTMENT OF VETERANS AFFAIRS,DEPARTMENT OF VETERANS AFFAIRS,,,NM179,No,No,No,Vendor Portal,Government SmartPay Card,Standard,0,32608,32819,0,0,11192014,WECsys,GS07FBA398,OK - Complete!
MGAKN23926M,11182014,RUBBERMAID COMMERCIAL PROD.,RCP354075BE,RCP354075BE,UPCN/A,"Slim Jim Recycling Container, Rectangular, Plastic, 23gal, Blue",7240,47121700,Non-Motorized Cleaning Equipment,EA,1,2, 34.29 , 68.58 ,D, 37.90 , 75.80 , 3.61 ,,DEPARTMENT OF HOMELAND SECURITY,BUREAU CITIZENSHIP & IMMIGRATION SVCS,,,NM188,No,No,No,GSA Advantage,Government SmartPay Card,Standard,0,64086,60188,0,0,11212014,WECsys,GS07FBA398,OK - Complete!
MGAKN38985M,11202014,Rubbermaid,RCP6143RED,RCP6143RED,UPCN/A,"Indoor Utility Step-On Waste Container, Square, Plastic, 8gal, Red",7240,47121700,Non-Motorized Cleaning Equipment,EA,1,24, 55.76 ," 1,338.24 ",D, 61.63 ," 1,479.12 ", 5.87 ,,DEPARTMENT OF VETERANS AFFAIRS,DEPARTMENT OF VETERANS AFFAIRS,,,NM069,No,No,No,GSA Advantage,Government SmartPay Card,Standard,0,17042,55445,0,0,11282014,WECsys,GS07FBA398,OK - Complete!
583-O51348,10312014,Rubbermaid,RCP6144BEI,RCP6144BEI,UPCN/A,"Indoor Utility Step-On Waste Container, Square, Plastic, 12gal, Beige",7240,47121700,Non-Motorized Cleaning Equipment,EA,1,1, 77.07 , 77.07 ,D, 78.63 , 78.63 , 1.56 ,,DEPARTMENT OF VETERANS AFFAIRS,DEPARTMENT OF VETERANS AFFAIRS,,,NM059,No,No,No,Vendor Portal,Government SmartPay Card,Standard,0,46202,55445,0,0,11042014,WECsys,GS07FBA398,OK - Complete!
583-O51348,10312014,Rubbermaid,RCP614600BG,RCP614600BG,UPC086876052589,"Fire-Safe Step-On Receptacle w/Wheels, Rectangular, Polyethylene, 23gal, Beige",7240,47121700,Non-Motorized Cleaning Equipment,EA,1,2, 139.39 , 278.78 ,D, 155.38 , 310.76 , 15.99 ,,DEPARTMENT OF VETERANS AFFAIRS,DEPARTMENT OF VETERANS AFFAIRS,,,,No,No,No,Vendor Portal,Government SmartPay Card,Standard,0,46202,55445,0,0,11042014,WECsys,GS07FBA398,OK - Complete!
MGAKN18797M,11122014,Rubbermaid,RCP7822BEI,RCP7822BEI,UPC086876125511,"Slim Jim Wall-Mounted Container, Rectangular, Plastic, 15gal, Beige",7240,47121700,Non-Motorized Cleaning Equipment,EA,1,13, 110.83 ," 1,440.79 ",D, 123.55 ," 1,606.15 ", 12.72 ,,DEPARTMENT OF VETERANS AFFAIRS,DEPARTMENT OF VETERANS AFFAIRS,,,,No,No,No,GSA Advantage,Government SmartPay Card,Standard,0,87114,55445,0,0,11192014,WECsys,GS07FBA398,OK - Complete!
MGAKJ12348M,08042014,Rubbermaid,RCPBP1,RCPBP1,UPC097591051450,"Biohazard Decal, 5-3/4 x 6, Fluorescent Red",7690,55121607,Non-Motorized Cleaning Equipment,EA,1,4, 3.49 , 13.96 ,D, 3.49 , 13.96 , -   ,,DEPARTMENT OF AGRICULTURE,AGRICULTURAL RESEARCH SERVICE,,,,No,No,No,GSA Advantage,Government SmartPay Card,Standard,0,94710,95842,0,0,11102014,WECsys,GS07FBA398,OK - Complete!
MGAKM91515M,10302014,Rubbermaid,RCPQ90088YW,RCPQ90088YW,UPC086876176827,"HYGEN Press Wring Bucket for Microfiber Flat Mops, Yellow",7920,47130000,Non-Motorized Cleaning Equipment,EA,1,10, 62.97 , 629.70 ,D, 70.20 , 702.00 , 7.23 ,,DEPARTMENT OF VETERANS AFFAIRS,DEPARTMENT OF VETERANS AFFAIRS,,,,No,No,No,GSA Advantage,Government SmartPay Card,Standard,0,82001,55445,0,0,11112014,WECsys,GS07FBA398,OK - Complete!
MGAKM91515M,10302014,Rubbermaid,RCPQ90088YW,RCPQ90088YW,UPC086876176827,"HYGEN Press Wring Bucket for Microfiber Flat Mops, Yellow",7920,47130000,Non-Motorized Cleaning Equipment,EA,1,14, 62.97 , 881.58 ,D, 70.20 , 982.80 , 7.23 ,,DEPARTMENT OF VETERANS AFFAIRS,DEPARTMENT OF VETERANS AFFAIRS,,,,No,No,No,GSA Advantage,Government SmartPay Card,Standard,0,82001,55445,0,0,11112014,WECsys,GS07FBA398,OK - Complete!
MGAKM91515M,10302014,Rubbermaid,RCPQ90088YW,RCPQ90088YW,UPC086876176827,"HYGEN Press Wring Bucket for Microfiber Flat Mops, Yellow",7920,47130000,Non-Motorized Cleaning Equipment,EA,1,16, 62.97 ," 1,007.52 ",D, 70.20 ," 1,123.20 ", 7.23 ,,DEPARTMENT OF VETERANS AFFAIRS,DEPARTMENT OF VETERANS AFFAIRS,,,,No,No,No,GSA Advantage,Government SmartPay Card,Standard,0,82001,55445,0,0,11112014,WECsys,GS07FBA398,OK - Complete!
MGAKM55483M,10102014,Rubbermaid,RCPSBR52EBK,RCPSBR52EBK,UPC097591101254,"Steel Street Basket Waste Receptacle, Round, Steel, 48gal, Black",7240,47121700,Non-Motorized Cleaning Equipment,EA,1,1, 172.79 , 172.79 ,D, 177.22 , 177.22 , 4.43 ,,INDEPENDENT U.S. GOVERNMENT OFFICES,INDEPENDENT U.S. GOVERNMENT OFFICES,,,,No,No,No,GSA Advantage,Government SmartPay Card,Standard,0,85369,55445,0,0,11112014,WECsys,GS07FBA398,OK - Complete!
MGAKM55483M,10102014,Rubbermaid,RCPSBR52EBK,RCPSBR52EBK,UPC097591101254,"Steel Street Basket Waste Receptacle, Round, Steel, 48gal, Black",7240,47121700,Non-Motorized Cleaning Equipment,EA,1,1, 172.79 , 172.79 ,D, 177.22 , 177.22 , 4.43 ,,INDEPENDENT U.S. GOVERNMENT OFFICES,INDEPENDENT U.S. GOVERNMENT OFFICES,,,,No,No,No,GSA Advantage,Government SmartPay Card,Standard,0,85369,55445,0,0,11112014,WECsys,GS07FBA398,OK - Complete!
MGAKM55483M,10102014,Rubbermaid,RCPSBR52EBK,RCPSBR52EBK,UPC097591101254,"Steel Street Basket Waste Receptacle, Round, Steel, 48gal, Black",7240,47121700,Non-Motorized Cleaning Equipment,EA,1,1, 172.79 , 172.79 ,D, 177.22 , 177.22 , 4.43 ,,INDEPENDENT U.S. GOVERNMENT OFFICES,INDEPENDENT U.S. GOVERNMENT OFFICES,,,,No,No,No,GSA Advantage,Government SmartPay Card,Standard,0,85369,55445,0,0,11112014,WECsys,GS07FBA398,OK - Complete!
MGAKM55483M,10102014,Rubbermaid,RCPSBR52EBK,RCPSBR52EBK,UPC097591101254,"Steel Street Basket Waste Receptacle, Round, Steel, 48gal, Black",7240,47121700,Non-Motorized Cleaning Equipment,EA,1,7, 172.79 ," 1,209.53 ",D, 177.22 ," 1,240.54 ", 4.43 ,,INDEPENDENT U.S. GOVERNMENT OFFICES,INDEPENDENT U.S. GOVERNMENT OFFICES,,,,No,No,No,GSA Advantage,Government SmartPay Card,Standard,0,85369,55445,0,0,11112014,WECsys,GS07FBA398,OK - Complete!
MGAKM87681M,10292014,Rubbermaid,RCPST12EPLRD,RCPST12EPLRD,UPC097591001233,"Defenders Biohazard Step Can, Square, Steel, 12gal, Red",7240,47121700,Non-Motorized Cleaning Equipment,EA,1,3, 114.20 , 342.60 ,D, 127.30 , 381.90 , 13.10 ,,DEPARTMENT OF THE ARMY,DEPARTMENT OF THE ARMY,,,,No,No,No,GSA Advantage,Government SmartPay Card,Standard,0,10996,55445,0,0,11192014,WECsys,GS07FBA398,OK - Complete!
MGAKJ12348M,08042014,RUBBERMAID COMMERCIAL PROD.,RCPST12EPLWH,RCPST12EPLWH,UPC097591074053,"Defenders Biohazard Step Can, Square, Steel, 12gal, White",7240,47121700,Non-Motorized Cleaning Equipment,EA,1,1, 127.30 , 127.30 ,D, 127.30 , 127.30 , -   ,,DEPARTMENT OF AGRICULTURE,AGRICULTURAL RESEARCH SERVICE,,,,No,No,No,GSA Advantage,Government SmartPay Card,Standard,0,94710,95842,0,0,11102014,WECsys,GS07FBA398,OK - Complete!
MGAKJ12348M,08042014,RUBBERMAID COMMERCIAL PROD.,RCPST7EWHPL,RCPST7EWHPL,UPC097591073728,"Defenders Biohazard Step Can, Square, Steel, 7gal, White",7240,47121700,Non-Motorized Cleaning Equipment,EA,1,1, 104.52 , 104.52 ,D, 104.52 , 104.52 , -   ,,DEPARTMENT OF AGRICULTURE,AGRICULTURAL RESEARCH SERVICE,,,,No,No,No,GSA Advantage,Government SmartPay Card,Standard,0,94710,95842,0,0,11102014,WECsys,GS07FBA398,OK - Complete!
CDDQT73FRM,11142014,Rubbermaid,RCPT1424ERBWH,RCPT1424ERBWH,UPC097591038246,"Fire-Safe Swing Top Receptacle, Square, Steel, 24gal, White",7240,47121700,Non-Motorized Cleaning Equipment,EA,1,3, 136.02 , 408.06 ,D, 151.63 , 454.89 , 15.61 ,,DEPARTMENT OF THE NAVY,DEPARTMENT OF THE NAVY,,,,No,No,No,GSA Advantage,Government SmartPay Card,Standard,0,28547,55445,0,0,11212014,WECsys,GS07FBA398,OK - Complete!
,,,,,,,,,,,,,,,,,,,,,,,,,,,,,,,,,,,,,,,
,,,,,,,,,,,,,,,,,,,,,,,,,,,,,,,,,,,,,,,
,,,,,,,,,,,,,,,,,,,,,,,,,,,,,,,,,,,,,,,
,,,,,,,,,,,,,,,,,,,,,,,,,,,,,,,,,,,,,,,
,,,,,,,,,,,,,,,,,,,,,,,,,,,,,,,,,,,,,,,
,,,,,,,,,,,,,,,,,,,,,,,,,,,,,,,,,,,,,,,
,,,,,,,,,,,,,,,,,,,,,,,,,,,,,,,,,,,,,,,
,,,,,,,,,,,,,,,,,,,,,,,,,,,,,,,,,,,,,,,
