ORDER_NUMBER,ORDER_DATE,MANUFACTURER_NAME,MANUFACTURER_PART_NUMBER,VENDOR_PART_NUMBER,UPC_A_CODE,PRODUCT_DESCRIPTION,PSC_CODE,UNSPSC_CODE,JANSAN_SUBCATEGORY,UNIT_OF_MEASURE,PACKAGE_QUANTITY,QUANTITY,BPA_PRICE,BPA_EXTENDED_PRICE,DEBIT_CREDIT_INDICATOR,MAS_PRICE,MAS_EXTENDED_PRICE,DISCOUNT_AMOUNT,FMIS_AGENCY_BUREAU_CODE,AGENCY_NAME,SUB_AGENCY_1,SUB_AGENCY_2,SUB_AGENCY_3,REFERENCE_ID,ABILITYONE_FLAG,CPG_INDICATOR,BIO_PREFERRED_INDICATOR,SALES_CHANNEL,PAYMENT_METHOD,DELIVERY_METHOD,SHIPMENT_WEIGHT,TO_ZIP_CODE,FROM_ZIP_CODE,FREIGHT_CHARGE,SUPPLY_FEE,FULFILLMENT_DATE,VENDOR_NAME,BPA_NUMBER,AUTOMATED_COMPLETENESS_CHECK
MGAKM77711M,10242014,SCRUSHER,H1-PB,N417Y60,000000000000,"Scrusher Shoe Scraper - Original with portable base - 21-3/4 x6-1/4"". Size: 21 3",8305,52101500,Non-Motorized Floor Cleaning Dispensers,EA,1,2,64.3,128.6,D,67.93,135.86,5.34%,,"Corps of Engineers, Civil",Other,,,,No,No,No,GSA Advantage,Government SmartPay Card,Standard,17.2,72653,02370,0,0,10272014,Noble Supply & Logistics,GS07FBA394,OK - Complete!
MGAKM78144M,10242014,PROCTER & GAMBLE,22278,N121P23,037000222781,"Dawn Bleach Alternative Dish Soap, Size 25 oz, Type Liquid, Fragrance Fresh Rapi",7930,31000000,Cleaning Compounds & Related Dispensers,EA,1,6,4.59,27.54,D,4.86,29.16,5.56%,,Department of Homeland Security,Other,,,,No,No,No,GSA Advantage,Government SmartPay Card,Standard,11.04,02542,02370,0,0,10272014,Noble Supply & Logistics,GS07FBA394,OK - Complete!
MGAKM79376M,10242014,CLOROX,03100,N291D03,012587031001,"Multi-Use Handi Wipes, Material Cloth, Color Blue. Reusable, multipurpose absorb",7920,31000000,Non-Motorized Floor Cleaning Dispensers,EA,1,30,3.91,117.3,D,4.13,123.9,5.33%,,Department of Homeland Security,Other,,,,No,No,No,GSA Advantage,Government SmartPay Card,Standard,4.89,20743,02370,0,0,10272014,Noble Supply & Logistics,GS07FBA394,OK - Complete!
MGAKM77848M,10242014,GEORGE BASCH,L,N211C30,033852192920,"Nevr-Dull Magic Wadding Polish, Size 5 oz, Type Paste in Can. Apply to surface t",7930,31000000,Cleaning Compounds & Related Dispensers,EA,1,4,6.54,26.16,D,6.93,27.72,5.63%,,Department of Homeland Security,Other,,,,No,No,No,GSA Advantage,Government SmartPay Card,Standard,2.5,33131,02370,0,0,10272014,Noble Supply & Logistics,GS07FBA394,OK - Complete!
MGAKM77366M,10242014,CHAMPION,MAV128,N290U91,022609000472,"Majestic All Purpose Cleaning Vinegar, Size 1 gallon. All-purpose vinegar reduce",7930,31000000,Cleaning Compounds & Related Dispensers,GA,1,8,5.34,42.72,D,5.66,45.28,5.65%,,Department of the Navy,Other,,,,No,No,No,GSA Advantage,Government SmartPay Card,Standard,70,95304,02370,0,0,10272014,Noble Supply & Logistics,GS07FBA394,OK - Complete!
MGAKM82020M,10272014,3M COMPANY,7448,N378C21,048011040288,"Scotch-Brite Hand Pads, Type Ultra Fine, Gray, Height 6"", Length 9"". Made from a",7920,31000000,Non-Motorized Floor Cleaning Dispensers,BX,1,6,26.19,157.14,D,27.67,166.02,5.35%,,"Corps of Engineers, Civil",Other,,,,No,No,No,GSA Advantage,Government SmartPay Card,Standard,7.2,98813,02370,0,0,10282014,Noble Supply & Logistics,GS07FBA394,OK - Complete!
MGAKM78954M,10242014,SIMPLE GREEN,1710001250022,N334C79,043318500220,"Simple Green Lime Scale Remover, Size 22 oz, Type Trigger spray. Dissolves hard",7930,31000000,Cleaning Compounds & Related Dispensers,EA,1,10,4.51,45.1,D,4.77,47.7,5.45%,,Department of Veterans Affairs,Other,,,,No,No,No,GSA Advantage,Government SmartPay Card,Standard,12.5,18103,02370,0,0,10272014,Noble Supply & Logistics,GS07FBA394,OK - Complete!
MGAKM79547M,10242014,WATERBURY,33-5324TMCAPT,N444J21,043725523461,"TIME MIST FRAGRANCE REFILL CARIBBEAN WATERS, Caribbean Waters 30-day refill frag",7930,31000000,Cleaning Compounds & Related Dispensers,EA,1,72,4.31,310.32,D,4.56,328.32,5.48%,,Department of Veterans Affairs,Other,,,,No,No,No,GSA Advantage,Government SmartPay Card,Standard,54,87106,02370,0,0,10292014,Noble Supply & Logistics,GS07FBA394,OK - Complete!
MGAKM78694M,10242014,WATERBURY,67-6160TM,N445C53,043725616002,"TIMEWICK 60 DAY FRAGRANCE REFILL MANGO SMOOTHIE, Refill fragrance 6 per case. Mi",7930,31000000,Cleaning Compounds & Related Dispensers,EA,1,1,12.92,12.92,D,13.67,13.67,5.49%,,Department of Agriculture,Other,,,,No,No,No,GSA Advantage,Government SmartPay Card,Standard,0.27,79407,02370,0,0,10292014,Noble Supply & Logistics,GS07FBA394,OK - Complete!
MGAKM83551M,10282014,ELECTROLUX,67110A-12,N290Y31,023169122208,"Eureka R Vacuum Belt, Type Eureka R. Maintain optimum vacuum performance by repl",7910,31000000,Motorized Floor Cleaning Equipment & Accessories,EA,1,5,5.81,29.05,D,6.14,30.7,5.37%,,Department of the Air Force,Other,,,,No,No,No,GSA Advantage,Government SmartPay Card,Standard,0.21,67221,02370,0,0,10292014,Noble Supply & Logistics,GS07FBA394,OK - Complete!
610-O50432,10282014,3M COMPANY,6472,N378C35,048011085425,"3M Doodlebug Cleaning System, Color Brown. Doodlebug pad holder with swivel atta",7920,31000000,Non-Motorized Floor Cleaning Dispensers,EA,1,1,77.25,77.25,D,81.61,81.61,5.34%,,Department of Veterans Affairs,Other,,,,No,No,No,GSA Advantage,Government SmartPay Card,Standard,0.75,46953,02370,0,0,10292014,Noble Supply & Logistics,GS07FBA394,OK - Complete!
MGAKM84258M,10282014,LAGASSE SWEET,46412,N225C58,035000464125,"Palmolive Antibacterial Dish Soap Liquid, Size 14 oz, Type Liquid, Fragrance Ora",7930,31000000,Cleaning Compounds & Related Dispensers,EA,1,12,2.79,33.48,D,2.95,35.4,5.42%,,Department of Energy,Other,,,,No,No,No,GSA Advantage,Government SmartPay Card,Standard,11.112,80401,02370,0,0,10292014,Noble Supply & Logistics,GS07FBA394,OK - Complete!
MGAKM88904M,10292014,LIBMAN,601,N413X22,000000000000,LIBMAN Steel Handle for Brush Heads and Push Brooms with Resin Block. See produc,7920,47131600,Non-Motorized Floor Cleaning Dispensers,EA,1,10,8.94,89.4,D,9.44,94.4,5.30%,,Department of Homeland Security,Other,,,,No,No,No,GSA Advantage,Government SmartPay Card,Standard,10,36695,02370,0,0,10302014,Noble Supply & Logistics,GS07FBA394,OK - Complete!
MGAKM76448M,10232014,NIB,8105-00-837-7753,N524R36,000000000000,Package Quantity 1000. Min Qty: 1. 5LH26    FREE SHIPPING    Including ALL APO/F,7910,24111503,Cleaning Compounds & Related Dispensers,EA,1,3,19.22,57.66,D,20.35,61.05,5.55%,,Department of Defense (Office of the Secretary of Defense),Other,,,,Yes,No,No,GSA Advantage,Government SmartPay Card,Standard,3,39710,02370,0,0,10302014,Noble Supply & Logistics,GS07FBA394,OK - Complete!
MGAKM87101M,10292014,CLOROX,01594,N349C83,044600015941,"Clorox Disinfecting Wipes, Number Of Wipes 35 wipes, Type Disinfecting, Pop Up,",7930,31000000,Non-Motorized Floor Cleaning Dispensers,EA,1,48,2.99,143.52,D,3.16,151.68,5.38%,,Department of the Air Force,Other,,,,No,No,No,GSA Advantage,Government SmartPay Card,Standard,46.032,31098,02370,0,0,10302014,Noble Supply & Logistics,GS07FBA394,OK - Complete!
573-5Q2147SC,10292014,JOHNSON & JOHNSON,02251,N369C88,046500022517,Shout Stain Remover,3510,31000000,Cleaning Compounds & Related Dispensers,EA,1,12,5.61,67.32,D,5.94,71.28,5.56%,,Other,Other,,,,No,No,No,E-mail,Government SmartPay Card,Standard,20.664,32025,02370,0,0,10302014,Noble Supply & Logistics,GS07FBA394,OK - Complete!
68142200016,10282014,OKLAHOMA WASTE AND WIPING RAG,114-10,N658A68,000000000000,"Turkish & Regular Cotton Terry Mixed Towel, UNSPSC: 14111700, Standard Pack: 10L",7920,14111700,Cleaning Compounds & Related Dispensers,EA,1,1,25.02,25.02,D,26.49,26.49,5.55%,,Independent U.S. Government Offices,Other,,,,No,No,No,GSA Advantage,Government SmartPay Card,Standard,1,80011,02370,0,0,10302014,Noble Supply & Logistics,GS07FBA394,OK - Complete!
MGAKM80439M,10272014,NIB,7920-00-891-7537,N524N24,000000000000,"Non-flammable, heat-resistant industrial polishing pad is designed for polishing",7910,31000000,Cleaning Compounds & Related Dispensers,EA,1,1,42.7,42.7,D,45.2,45.2,5.53%,,Department of the Army,Other,,,,Yes,No,No,GSA Advantage,Government SmartPay Card,Standard,1,63304,02370,0,0,10312014,Noble Supply & Logistics,GS07FBA394,OK - Complete!
MGAKM91019M,10302014,JOHNSON & JOHNSON,12207,N981B49,019800122072,"Windex Glass Cleaner Refill, Size 128 oz, Type Liquid Refill. For model No. 0852",7930,31000000,Cleaning Compounds & Related Dispensers,EA,1,2,21.49,42.98,D,22.75,45.5,5.54%,,Department of the Interior,Other,,,,No,No,No,GSA Advantage,Government SmartPay Card,Standard,20.5,31038,02370,0,0,10312014,Noble Supply & Logistics,GS07FBA394,OK - Complete!
MGAKM91599M,10302014,RECKITT BENCKISER,83722,N620P11,019200837224,"Lysol Automatic Toilet Bowl Cleaner Complete Clean Tabs, Type Tablets, Qty Per B",7930,31000000,Cleaning Compounds & Related Dispensers,EA,1,20,5.34,106.8,D,5.66,113.2,5.65%,,Department of the Interior,Other,,,,No,No,No,GSA Advantage,Government SmartPay Card,Standard,7.5,10305,02370,0,0,10312014,Noble Supply & Logistics,GS07FBA394,OK - Complete!
MGAKM85145M,10282014,BLASTER,16-PB,N187C99,032167100019,"The PB B'laster acts as a powerful, concentrated catalyst to release the surface",7930,47130000,Cleaning Compounds & Related Dispensers,EA,1,10,4.15,41.5,D,4.4,44,5.68%,,Department of Homeland Security,Other,,,,No,No,No,GSA Advantage,Government SmartPay Card,Standard,10.83,33701,02370,0,0,10312014,Noble Supply & Logistics,GS07FBA394,OK - Complete!
676-R50530,10302014,PROCTER & GAMBLE,13885,N237C48,037000138853,Tide Liquid Laundry Detergent Free 32 Load,3510,31000000,Cleaning Compounds & Related Dispensers,EA,1,20,13.72,274.4,D,14.53,290.6,5.57%,,Other,Other,,,,No,No,No,Phone,Government SmartPay Card,Standard,82,54660,02370,0,0,10312014,Noble Supply & Logistics,GS07FBA394,OK - Complete!
MGAKM88208M,10292014,WEIMAN PRODUCTS,3057,N290S18,070048018558,"Stainless Steel Cleaner, Size 24 oz, Type Trigger Spray. Nonabrasive, streak-fre",7930,31000000,Cleaning Compounds & Related Dispensers,EA,1,1,9.37,9.37,D,9.92,9.92,5.54%,,Department of the Interior,Other,,,,No,No,No,GSA Advantage,Government SmartPay Card,Standard,1.742,52653,02370,0,0,11032014,Noble Supply & Logistics,GS07FBA394,OK - Complete!
MGAKM88208M,10292014,JOHNSON & JOHNSON,72807,N369C96,046500728075,"Pledge Wipes, Type Wipes in Resealable pkg, Count 24 ct, Scent Lemon. Cleans, po",7930,31000000,Cleaning Compounds & Related Dispensers,EA,1,3,6.54,19.62,D,6.93,20.79,5.63%,,Department of the Interior,Other,,,,No,Yes,No,GSA Advantage,Government SmartPay Card,Standard,1.749,52653,02370,0,0,11032014,Noble Supply & Logistics,GS07FBA394,OK - Complete!
MGAKM88208M,10292014,RECKITT BENCKISER,1920089333,N980B86,019200893336,"Mop & Glo Multi-Surface Floor Cleaner, Size 32 oz, Type Liquid. Cleans, shines,",7930,31000000,Cleaning Compounds & Related Dispensers,EA,1,2,9.84,19.68,D,10.42,20.84,5.57%,,Department of the Interior,Other,,,,No,No,No,GSA Advantage,Government SmartPay Card,Standard,4.834,52653,02370,0,0,11032014,Noble Supply & Logistics,GS07FBA394,OK - Complete!
MGAKM93127M,10302014,BLASTER,16-PB,N187C99,032167100019,"The PB B'laster acts as a powerful, concentrated catalyst to release the surface",7930,47130000,Cleaning Compounds & Related Dispensers,EA,1,7,4.15,29.05,D,4.4,30.8,5.68%,,Department of Homeland Security,Other,,,,No,No,No,GSA Advantage,Government SmartPay Card,Standard,7.581,77550,02370,0,0,11032014,Noble Supply & Logistics,GS07FBA394,OK - Complete!
MGAKM94287M,10312014,PROCTER & GAMBLE,46160,N237C83,037000461609,"Multi-Surface Mr Clean Spray, Size 32 oz, Type Trigger Spray, Fragrance Lemon. D",7930,31000000,Cleaning Compounds & Related Dispensers,EA,1,6,4.77,28.62,D,5.05,30.3,5.54%,,Department of the Army,Other,,,,No,No,No,GSA Advantage,Government SmartPay Card,Standard,7.116,61299,02370,0,0,11032014,Noble Supply & Logistics,GS07FBA394,OK - Complete!
657-R50793,10312014,DELTA,101-1,N647C57,620293000015,Nature's Air Sponge,8510,31000000,Cleaning Compounds & Related Dispensers,EA,1,48,6.07,291.36,D,6.42,308.16,5.45%,,Other,Other,,,,No,No,No,Phone,Government SmartPay Card,Standard,24,62959,02370,0,0,11032014,Noble Supply & Logistics,GS07FBA394,OK - Complete!
MGAKM87933M,10292014,IMPACT,5032SS1,N444S83,729661160006,"NEW 32 OZ. SPRAY BOTTLE W/, Sprayer Bottle with Trigger. 32 Oz.. Min Qty: 3. 729",7920,31000000,Non-Motorized Floor Cleaning Dispensers,EA,1,24,2.82,67.68,D,2.98,71.52,5.37%,,Department of the Air Force,Other,,,,No,No,No,GSA Advantage,Government SmartPay Card,Standard,2.4,32925,02370,0,0,11042014,Noble Supply & Logistics,GS07FBA394,OK - Complete!
MGAKM88385M,10292014,RENOWN,REN03949,N448Z28,741224039499,"RENOWN LONG HANDLE UTILITY SCRUB BRUSH 20 INCH, Grips and brushes are designed t",7920,31000000,Non-Motorized Floor Cleaning Dispensers,EA,1,33,7.31,241.23,D,7.72,254.76,5.31%,,Department of Homeland Security,Other,,,,No,No,No,GSA Advantage,Government SmartPay Card,Standard,30.03,04106,02370,0,0,11042014,Noble Supply & Logistics,GS07FBA394,OK - Complete!
MGAKM96370M,10302014,O CEDAR COMMERCIAL,96259,N442N42,072627962597,"NEW REFILL FOR ROLLER MOP, Cedar Commercial -- Replacement Mophead Roller Mop -",7920,31000000,Non-Motorized Floor Cleaning Dispensers,EA,1,24,7.89,189.36,D,8.33,199.92,5.28%,,Department of Agriculture,Other,,,,No,No,No,GSA Advantage,Government SmartPay Card,Standard,6,98837,02370,0,0,11042014,Noble Supply & Logistics,GS07FBA394,OK - Complete!
MGAKM95266M,10312014,BUNZL,290089,N485M74,000000000000,"White Roll Towels, Color White, Length 700', Width 7-4/5"", No. Of Ply 1-Ply. Tor",8540,44101700,Cleaning Compounds & Related Dispensers,CA,1,2,82.14,164.28,D,86.96,173.92,5.54%,,Department of Defense (Office of the Secretary of Defense),Other,,,,No,No,No,GSA Advantage,Government SmartPay Card,Standard,51.96,22134,02370,0,0,11052014,Noble Supply & Logistics,GS07FBA394,OK - Complete!
MGAKM95266M,10312014,RECKITT BENCKISER,1920002699,N980B83,019200026994,"Bathroom Cleaner, Size 32 oz. Effectively cleans, shines, and disinfects washabl",7930,31000000,Cleaning Compounds & Related Dispensers,EA,1,3,7.74,23.22,D,8.19,24.57,5.49%,,Department of Defense (Office of the Secretary of Defense),Other,,,,No,Yes,No,GSA Advantage,Government SmartPay Card,Standard,7.575,22134,02370,0,0,11052014,Noble Supply & Logistics,GS07FBA394,OK - Complete!
MGAKM86277M,10282014,GOJO,301212,N111B04,073852013214,"GO-JO INDUSTRIES 3012-12-CMR: Instant Hand Sanitizer, Blue Color, Scented, 8 oz.",9999,31000000,Cleaning Compounds & Related Dispensers,EA,1,5,3.79,18.95,D,3.79,18.95,0.00%,,Department of Commerce,Other,,,CC057,No,No,No,GSA Advantage,Government SmartPay Card,Standard,2.95,20910,02370,0,0,11032014,Noble Supply & Logistics,GS07FBA394,OK - Complete!
648-R50896,10242014,3M COMPANY,9021,N397C18,051111111697,Lens Cleaning Cloth,7920,31000000,Non-Motorized Floor Cleaning Dispensers,EA,1,20,2.41,48.2,D,2.41,48.2,0.00%,,Other,Other,,,,No,No,No,E-mail,Government SmartPay Card,Standard,1.3,97239,02370,0,0,10272014,Noble Supply & Logistics,GS07FBA394,OK - Complete!
MGAKM91679M,10302014,NIB,8520-01-522-3887,N524T34,000000000000,"PURELL - SKILCRAFT HAND SANITIZER WITH ALOE PH (UNDILUTED): 4.5-9.5,12 OZ PUMP.",9999,31000000,Cleaning Compounds & Related Dispensers,BX,1,4,8.15,32.6,D,80.21,320.84,89.84%,,Department of Homeland Security,Other,,,CC044,Yes,No,No,GSA Advantage,Government SmartPay Card,Standard,48,20135,02370,0,0,11052014,Noble Supply & Logistics,GS07FBA394,OK - Complete!
MGAKM90787M,10302014,JOHNSON DIVERSEY,CB701380,N292W49,019800317690,"DIVERSEY, INC CB701380: Window Cleaner, Anti-Bacterial, 32oz, Trigger Bottle Man",7930,31000000,Cleaning Compounds & Related Dispensers,RL,1,12,4.32,51.84,D,4.32,51.84,0.00%,,Department of the Army,Other,,,CC088,No,No,No,GSA Advantage,Government SmartPay Card,Standard,12,41265,02370,0,0,10302014,Noble Supply & Logistics,GS07FBA394,OK - Complete!
D1,10292014,NIB,8105-01-557-4974,N524S16,000000000000,"Envision Industries, Inc. 8105-01-557-4974: Trash Can Liner Capacity 45 gal. Col",9999,31000000,Non-Motorized Floor Cleaning Dispensers,BX,1,2,30.02,60.04,D,30.02,60.04,0.00%,,Department of Agriculture,Other,,,NM130,Yes,No,No,GSA Advantage,Government SmartPay Card,Standard,10,82002,02370,0,0,11102014,Noble Supply & Logistics,GS07FBA394,OK - Complete!
MGAKM95266M,10312014,NIB,8540-01-380-0690,N524T59,000000000000,Toilet tissue comes in uncompressed rolls with 4-1/2 x 4-1/2 perforated sheets w,9999,31000000,Paper Products & Related Dispensers,BX,1,1,66.06,66.06,D,57.11,57.11,-15.67%,,Department of Defense (Office of the Secretary of Defense),Other,,,PP15,Yes,No,No,GSA Advantage,Government SmartPay Card,Standard,1,22134,02370,0,0,11052014,Noble Supply & Logistics,GS07FBA394,OK - Complete!
MGAKM86651M,10272014,NIB,6508-01-579-3825,N524H53,000000000000,PURELL SANITIZER 2 LITER. Min Qty: 1. 071503284808    FREE SHIPPING    Including,7910,31000000,Cleaning Compounds & Related Dispensers,BX,1,1,29.19,29.19,D,99.37,99.37,70.62%,,Department of Homeland Security,Other,,,,Yes,No,No,GSA Advantage,Government SmartPay Card,Standard,1,20598,02370,0,0,11042014,Noble Supply & Logistics,GS07FBA394,OK - Complete!
MGAKM93109M,10302014,NIB,6508-01-579-3825,N524H53,000000000000,PURELL SANITIZER 2 LITER. Min Qty: 1. 071503284808    FREE SHIPPING    Including,7910,31000000,Cleaning Compounds & Related Dispensers,BX,1,1,29.19,29.19,D,99.37,99.37,70.62%,,Department of Agriculture,Other,,,,Yes,No,No,GSA Advantage,Government SmartPay Card,Standard,1,55965,02370,0,0,11052014,Noble Supply & Logistics,GS07FBA394,OK - Complete!
