Ord_Num,Ord_Date,Mfr_Name,Mfr_Part_No,Contractor_Part_No,UPC-A,Prod_Descr,Subcategory ,UOI,Qty,Items_Sold,BPA_Price,BPA_Ext_Price,Dbt_Crt_Ind,MAS_Price,MAS_Ext_Price,Disc_ Amt,Cust_Agency,Sub_Agency,Mkt_Basket_Flag,AbilityOne_Flag,Berry_Amend_Flag,CPG_Ind,BioPreferred_Ind,ENERGYSTAR_Ind,WaterSense_Ind,Sales_Ch,Pay_Method,Dlvry_Method,Ship_Wt,To_Zip_Code,From_Zip_Code,Frgt_Charge,Suppl_Fee,Fulfill_Date,Contr_Name,Contr_No
4308,9/9/2014,3M OH/ESD,06-0600-20SW,711-06-0600-20SW,,SPDGLS WELDING HELMET 9100 FX PRICE IS FOR 1 EA,Hardware,EA,1.00, 1 EA,552.2,552.20,d,649.64,649.64,15%,Office of the Secretary of Defense,Defense Logistics Agency,No,No,No,No,No,No,No,DoD EMALL,EFT,Drop Ship,1,20762,,0,0,09/23/2014,MJL Enterprises,GS23FBA007
4414,9/23/2014,WELDCRAFT,WP-20-25,366-WP-20-25,,TORCH PACKAGE W/C 250A 70 DEG. 25' 3-PC V- PRICE IS FOR 1 EA,Hardware,EA,1.00, 1 EA,113.78,113.78,d,133.86,133.86,15%,Office of the Secretary of Defense,Defense Logistics Agency,No,No,No,No,No,No,No,DoD EMALL,EFT,Drop Ship,1,08640,,0,0,09/24/2014,MJL Enterprises,GS23FBA007
4240,8/27/2014,3M ABRASIVE,051144-21788,405-051144-21788,,3M 8XNH 60F STIKIT051144-21788 PRICE IS FOR 1 RL,Hardware,EA,3.00, 1 RL,73.94,221.82,d,86.99,260.97,15%,Office of the Secretary of Defense,Defense Logistics Agency,No,No,No,No,No,No,No,DoD EMALL,EFT,Drop Ship,1,23709,,0,0,09/05/2014,MJL Enterprises,GS23FBA007
4262,9/3/2014,FIBRE-METAL,4178IRUV3,280-4178IRUV3,,WNDW 4178 IR/UV SH#3 PRICE IS FOR 1 EA,Hardware,EA,4.00, 1 EA,14.17,56.68,d,16.67,66.68,15%,Office of the Secretary of Defense,Defense Logistics Agency,No,No,No,No,No,No,No,DoD EMALL,EFT,Drop Ship,1,23459,,0,0,09/04/2014,MJL Enterprises,GS23FBA007
4359,9/15/2014,COLEMAN CABLE,2457,172-02457,,25' 14/3 STW ORANGE EXTENSION CORD 600V PRICE IS FOR 1 EA,Hardware,EA,4.00, 1 EA,29.15,116.60,d,34.3,137.20,15%,Office of the Secretary of Defense,Defense Logistics Agency,No,No,No,No,No,No,No,DoD EMALL,EFT,Drop Ship,1,93043,,0,0,09/17/2014,MJL Enterprises,GS23FBA007
4405,9/23/2014,COLEMAN CABLE,2568,172-02568,,50' FLUORESCENT BLUE LOWTEMP. 12/3 SJTW-A 300V PRICE IS FOR 1 EA,Hardware,EA,24.00, 1 EA,38.77,930.48,d,45.61,"1,094.64",15%,Office of the Secretary of Defense,Defense Logistics Agency,No,No,No,No,No,No,No,DoD EMALL,EFT,Drop Ship,1,23709,,0,0,09/24/2014,MJL Enterprises,GS23FBA007
4414,9/23/2014,CREWS,CL110,135-CL110,,CHECKLITE SAFETY GLASSESCLEAR LENS PRICE IS FOR 1 PR,Hardware,EA,30.00, 1 PR,0.86,25.80,d,1.01,30.30,15%,Office of the Secretary of Defense,Defense Logistics Agency,No,No,No,No,No,No,No,DoD EMALL,EFT,Drop Ship,1,08640,,0,0,09/24/2014,MJL Enterprises,GS23FBA007
4237,8/27/2014,WELDCRAFT,24-4,366-24-4,,WC 24-4 COUPLER PRICE IS FOR 1 EA,Hardware,EA,50.00, 1 EA,3.73,186.50,d,4.39,219.50,15%,Office of the Secretary of Defense,Defense Logistics Agency,No,No,No,No,No,No,No,DoD EMALL,EFT,Drop Ship,1,23709,,0,0,09/03/2014,MJL Enterprises,GS23FBA007
4237,8/27/2014,WELDCRAFT,24-90,366-24-90,,WC 24-90 DEGREE HEAD TORCH PRICE IS FOR 1 EA,Hardware,EA,50.00, 1 EA,28.27,"1,413.50",d,33.26,"1,663.00",15%,Office of the Secretary of Defense,Defense Logistics Agency,No,No,No,No,No,No,No,DoD EMALL,EFT,Drop Ship,1,23709,,0,0,09/03/2014,MJL Enterprises,GS23FBA007
4237,8/27/2014,WELDCRAFT,150CE,366-150CE,,WC 150CE COIL ELEMENT PRICE IS FOR 1 EA,Hardware,EA,50.00, 1 EA,27.47,"1,373.50",d,32.32,"1,616.00",15%,Office of the Secretary of Defense,Defense Logistics Agency,No,No,No,No,No,No,No,DoD EMALL,EFT,Drop Ship,1,23709,,0,0,09/03/2014,MJL Enterprises,GS23FBA007
4260,9/3/2014,NORTH SAFETY,122000X,068-122000X,,(50/CARTON) SUNX TOWELETTE DISP 50 PER REC ID A PRICE IS FOR 1 CT,Hardware,EA,1.00, 1 CT,27.03,27.03,d,31.8,31.80,15%,Department of Agriculture,Forest Service,No,No,No,No,No,No,No,GSA Advantage,Government SmartPay Card,Drop Ship,1,80452,,0,0,09/04/2014,MJL Enterprises,GS23FBA007
4266,9/4/2014,KLEIN TOOLS,87023,409-87023,,XXL FULL-BODY HARNESS LI PRICE IS FOR 1 EA,Hardware,EA,1.00, 1 EA,139.5,139.50,d,164.12,164.12,15%,Department of Agriculture,,No,No,No,No,No,No,No,GSA Advantage,Government SmartPay Card,Drop Ship,1,64153,,0,0,09/16/2014,MJL Enterprises,GS23FBA007
4268,9/4/2014,BAND-IT,M15799,080-M15799,,23157 STAINLESS STEEL SCRU-BAND KIT PRICE IS FOR 1 KIT,Hardware,EA,1.00, 1 KIT,78.32,78.32,d,92.14,92.14,15%,Department of Transportation,,No,No,No,No,No,No,No,GSA Advantage,Government SmartPay Card,Drop Ship,1,23604,,0,0,09/17/2014,MJL Enterprises,GS23FBA007
4313,9/10/2014,KIMBERLY-CLARK PROFESSIONAL,5930,412-05930,,"9.8""X 16.4"" RED 80 POP-UP SCOTTCLOTH PRICE IS FOR 5BOX/CASE",Hardware,EA,1.00, 5BOX/CASE,67.26,67.26,d,79.13,79.13,15%,Department of Labor,,No,No,No,No,No,No,No,GSA Advantage,Government SmartPay Card,Drop Ship,1,15236,,0,0,09/11/2014,MJL Enterprises,GS23FBA007
4327,9/11/2014,JOHNSON DIVERSEY,94602,395-94602,,CASE/250 ZIPLOCK BAGS ONE GALLON STORAGE 1.75 ML PRICE IS FOR 1 CA,Hardware,EA,1.00, 1 CA,27.3,27.30,d,32.12,32.12,15%,Department of Homeland Security,United States Coast Guard,No,No,No,No,No,No,No,GSA Advantage,Government SmartPay Card,Drop Ship,1,07002,,0,0,09/12/2014,MJL Enterprises,GS23FBA007
4347,9/15/2014,COLEMAN CABLE,1688,172-01688,,50' YEL POLAR/SOLAR PLUSEXT. CORD 12/3 SJEOW- PRICE IS FOR 1 EA,Hardware,EA,1.00, 1 EA,46.03,46.03,d,54.16,54.16,15%,Department of the Air Force,,No,No,No,No,No,No,No,GSA Advantage,Government SmartPay Card,Drop Ship,1,45433,,0,0,09/16/2014,MJL Enterprises,GS23FBA007
4350,9/15/2014,COLEMAN CABLE,1688,172-01688,,50' YEL POLAR/SOLAR PLUSEXT. CORD 12/3 SJEOW- PRICE IS FOR 1 EA,Hardware,EA,1.00, 1 EA,46.03,46.03,d,54.16,54.16,15%,Department of the Army,,No,No,No,No,No,No,No,GSA Advantage,Government SmartPay Card,Drop Ship,1,79916,,0,0,09/22/2014,MJL Enterprises,GS23FBA007
4362,9/16/2014,KIMBERLY-CLARK PROFESSIONAL,1500,412-01500,,KLEENEX WHITE C-FOLD TOWEL 150 TOWEL/P PRICE IS FOR 16PKG/CS,Hardware,EA,1.00, 16PKG/CS,53.86,53.86,d,63.36,63.36,15%,Enviromental Protection Agency,,No,No,No,No,No,No,No,GSA Advantage,Government SmartPay Card,Drop Ship,1,27709,,0,0,09/17/2014,MJL Enterprises,GS23FBA007
4370,9/17/2014,JOHNSON DIVERSEY,94602,395-94602,,CASE/250 ZIPLOCK BAGS ONE GALLON STORAGE 1.75 ML PRICE IS FOR 1 CA,Hardware,EA,1.00, 1 CA,27.3,27.30,d,32.12,32.12,15%,Department of the Interior,National Park Service,No,No,No,No,No,No,No,GSA Advantage,Government SmartPay Card,Drop Ship,1,94956,,0,0,09/18/2014,MJL Enterprises,GS23FBA007
4380,9/17/2014,STANLEY,66-150,680-66-150,,SET SCREW 5PC 100 PLUS S PRICE IS FOR 1 SET,Hardware,EA,1.00, 1 SET,31.16,31.16,d,36.66,36.66,15%,Department of the Navy,,No,No,No,No,No,No,No,GSA Advantage,Government SmartPay Card,Drop Ship,1,95304,,0,0,09/19/2014,MJL Enterprises,GS23FBA007
4392,9/19/2014,MILLER BY SPERIAN,650T/UGK,493-650T/UGK,,HP HARNESSES PRICE IS FOR 1 EA,Hardware,EA,1.00, 1 EA,85.85,85.85,d,101,101.00,15%,Department of the Air Force,,No,No,No,No,No,No,No,GSA Advantage,Government SmartPay Card,Drop Ship,1,39180,,0,0,09/22/2014,MJL Enterprises,GS23FBA007
4426,9/25/2014,FIBRE-METAL,WC470,280-WC470,,MEDIUM WELDERS CAP VARIOUS PRINTS PRICE IS FOR 12EA/CS,Hardware,EA,1.00, 12EA/CS,68.31,68.31,d,80.36,80.36,15%,Department of Homeland Security,United States Coast Guard,No,No,No,No,No,No,No,GSA Advantage,Government SmartPay Card,Drop Ship,1,23703,,0,0,09/26/2014,MJL Enterprises,GS23FBA007
4255,9/2/2014,GREENLEE,13934,332-13934,,"EMT 1/2"" - 2"" SHOE GROUPFOR THE 555DX & CX PRICE IS FOR 1 EA",Hardware,EA,1.00, 1 EA,2474.35,"2,474.35",d,2911,"2,911.00",15%,Department of the Air Force,,No,No,No,No,No,No,No,GSA Advantage,Government SmartPay Card,Drop Ship,1,32403,,0,0,09/24/2014,MJL Enterprises,GS23FBA007
4116,7/24/2014,IRWIN,4033006,585-4033006,,KNEE PADS I-GEL STABILIZER PRICE IS FOR 1 PR,Hardware,EA,2.00, 1 PR,34.73,69.46,d,40.86,81.72,15%,Department of the Air Force,,No,No,No,No,No,No,No,GSA Advantage,Government SmartPay Card,Drop Ship,1,85706,,0,0,09/25/2014,MJL Enterprises,GS23FBA007
4258,9/3/2014,RAYOVAC,ALAA-48,620-ALAA-48,,AA ALKALINA BATTERY RECLOSALBE 48-PACK PRICE IS FOR 48EA/PK,Hardware,EA,2.00, 48EA/PK,16.57,33.14,d,19.49,38.98,15%,Department of Agriculture,Forest Service,No,No,No,No,No,No,No,GSA Advantage,Government SmartPay Card,Drop Ship,1,97756,,0,0,09/04/2014,MJL Enterprises,GS23FBA007
4314,9/10/2014,MAGNOLIA BRUSH,30-GALLON,455-30-GALLON,,30-GALLON GALVANIZED TRASH CAN W/LID PRICE IS FOR 1 EA,Hardware,EA,2.00, 1 EA,28.22,56.44,d,33.2,66.40,15%,Department of Homeland Security,,No,No,No,No,No,No,No,GSA Advantage,Government SmartPay Card,Drop Ship,1,91962,,0,0,09/11/2014,MJL Enterprises,GS23FBA007
4323,9/10/2014,JOHNSON DIVERSEY,90940,395-90940,,WINDEX 1 GAL READY TO USE AMMONIA D PRICE IS FOR 4EA/CA,Hardware,EA,2.00, 4EA/CA,43.69,87.38,d,51.4,102.80,15%,Department of Homeland Security,"DHS, Customs and Border Protection",No,No,No,No,No,No,No,GSA Advantage,Government SmartPay Card,Drop Ship,1,78575,,0,0,09/15/2014,MJL Enterprises,GS23FBA007
4374,9/17/2014,RAYOVAC,ALAA-48,620-ALAA-48,,AA ALKALINA BATTERY RECLOSALBE 48-PACK PRICE IS FOR 48EA/PK,Hardware,EA,2.00, 48EA/PK,16.57,33.14,d,19.49,38.98,15%,Department of Agriculture,,No,No,No,No,No,No,No,GSA Advantage,Government SmartPay Card,Drop Ship,1,59808,,0,0,09/19/2014,MJL Enterprises,GS23FBA007
4335,9/12/2014,JACKSON SAFETY,36633,138-36633,,W40 NITRO ADF WELDING HELMET- BLACK PRICE IS FOR 1 EA,Hardware,EA,2.00, 1 EA,117.25,234.50,d,137.94,275.88,15%,Department of the Army,,No,No,No,No,No,No,No,GSA Advantage,Government SmartPay Card,Drop Ship,1,15225,,0,0,09/16/2014,MJL Enterprises,GS23FBA007
4264,9/4/2014,RAYOVAC,ALAAA-24,620-ALAAA-24,,ALK AAA CONTRACTOR PRICE IS FOR 24EA/PK,Hardware,EA,3.00, 24EA/PK,8.95,26.85,d,10.53,31.59,15%,Department of the Air Force,,No,No,No,No,No,No,No,GSA Advantage,Government SmartPay Card,Drop Ship,1,36114,,0,0,09/05/2014,MJL Enterprises,GS23FBA007
4267,9/4/2014,RAYOVAC,ALAAA-24,620-ALAAA-24,,ALK AAA CONTRACTOR PRICE IS FOR 24EA/PK,Hardware,EA,3.00, 24EA/PK,8.95,26.85,d,10.53,31.59,15%,Department of Homeland Security,,No,No,No,No,No,No,No,GSA Advantage,Government SmartPay Card,Drop Ship,1,75038,,0,0,09/05/2014,MJL Enterprises,GS23FBA007
4283,9/5/2014,RAYOVAC,ALAAA-24,620-ALAAA-24,,ALK AAA CONTRACTOR PRICE IS FOR 24EA/PK,Hardware,EA,3.00, 24EA/PK,8.95,26.85,d,10.53,31.59,15%,Department of Justice,United States Marshals Service,No,No,No,No,No,No,No,GSA Advantage,Government SmartPay Card,Drop Ship,1,36104,,0,0,09/08/2014,MJL Enterprises,GS23FBA007
4295,9/8/2014,COOPER HAND TOOLS CAMPBELL,5411205,193-5411205,,"419 3/4"" 4-3/4T ANCHOR SHACKLE W/SCREWPIN PRICE IS FOR 1 EA",Hardware,EA,3.00, 1 EA,16.1,48.30,d,18.94,56.82,15%,Department of Homeland Security,"DHS, Customs and Border Protection",No,No,No,No,No,No,No,GSA Advantage,Government SmartPay Card,Drop Ship,1,48040,,0,0,09/08/2014,MJL Enterprises,GS23FBA007
4297,9/8/2014,RAYOVAC,ALAAA-24,620-ALAAA-24,,ALK AAA CONTRACTOR PRICE IS FOR 24EA/PK,Hardware,EA,3.00, 24EA/PK,8.95,26.85,d,10.53,31.59,15%,Department of the Navy,,No,No,No,No,No,No,No,GSA Advantage,Government SmartPay Card,Drop Ship,1,92055,,0,0,09/15/2014,MJL Enterprises,GS23FBA007
4304,9/9/2014,RAYOVAC,ALAAA-24,620-ALAAA-24,,ALK AAA CONTRACTOR PRICE IS FOR 24EA/PK,Hardware,EA,3.00, 24EA/PK,8.95,26.85,d,10.53,31.59,15%,Department of the Army,,No,No,No,No,No,No,No,GSA Advantage,Government SmartPay Card,Drop Ship,1,71602,,0,0,09/11/2014,MJL Enterprises,GS23FBA007
4318,9/10/2014,RAYOVAC,ALAAA-24,620-ALAAA-24,,ALK AAA CONTRACTOR PRICE IS FOR 24EA/PK,Hardware,EA,3.00, 24EA/PK,8.95,26.85,d,10.53,31.59,15%,Department of Labor,,No,No,No,No,No,No,No,GSA Advantage,Government SmartPay Card,Drop Ship,1,20210,,0,0,09/11/2014,MJL Enterprises,GS23FBA007
4337,9/12/2014,3M OH/ESD,7800S-M,142-7800S-M,,FULL FACEPIECE SILICONERESPIRATOR MEDIUM SIZE PRICE IS FOR 1 EA,Hardware,EA,3.00, 1 EA,321.75,965.25,d,378.53,"1,135.59",15%,Department of the Air Force,,No,No,No,No,No,No,No,GSA Advantage,Government SmartPay Card,Drop Ship,1,93524,,0,0,09/16/2014,MJL Enterprises,GS23FBA007
4381,9/17/2014,UVEX BY SPERIAN,S3300D,763-S3300D,,GENESIS XC CLEAR DURA-STREME PRICE IS FOR 1 EA,Hardware,EA,3.00, 1 EA,9.77,29.31,d,11.5,34.50,15%,Department of Homeland Security,Immigration and Customs Enforcement,No,No,No,No,No,No,No,GSA Advantage,Government SmartPay Card,Drop Ship,1,60181,,0,0,09/19/2014,MJL Enterprises,GS23FBA007
4288,9/8/2014,FIBRE-METAL,E1RW46A000,280-E1RW46A000,,HAT-THERMOPLASTIC STRONGORANGE RAT HEADGEAR PRICE IS FOR 1 EA,Hardware,EA,3.00, 1 EA,16.02,48.06,d,18.85,56.55,15%,Department of the Navy,,No,No,No,No,No,No,No,GSA Advantage,Government SmartPay Card,Drop Ship,1,23453,,0,0,09/12/2014,MJL Enterprises,GS23FBA007
4116,7/24/2014,IRWIN,4033006,585-4033006,,KNEE PADS I-GEL STABILIZER PRICE IS FOR 1 PR,Hardware,EA,4.00, 1 PR,34.73,138.92,d,40.86,163.44,15%,Department of the Air Force,,No,No,No,No,No,No,No,GSA Advantage,Government SmartPay Card,Drop Ship,1,85706,,0,0,09/25/2014,MJL Enterprises,GS23FBA007
4207,8/22/2014,JOHNSON DIVERSEY,CB013536,395-CB013536,,RAID WASP/HORNET KILLER12/14OZ PRICE IS FOR 1 CA,Hardware,EA,4.00, 1 CA,64.16,256.64,d,75.48,301.92,15%,Department of Agriculture,Agricultural Research Service,No,No,No,No,No,No,No,GSA Advantage,Government SmartPay Card,Drop Ship,1,29414,,0,0,09/11/2014,MJL Enterprises,GS23FBA007
4294,9/8/2014,COOPER HAND TOOLS CAMPBELL,222925,193-0222925,,"3/8"" X 20' BINDER CHAINS- HIGH TEST CLEVIS GRAB PRICE IS FOR 1 EA",Hardware,EA,4.00, 1 EA,47,188.00,d,55.29,221.16,15%,Department of Agriculture,Natural Resources Conservation Service,No,No,No,No,No,No,No,GSA Advantage,Government SmartPay Card,Drop Ship,1,67401,,0,0,09/09/2014,MJL Enterprises,GS23FBA007
4325,9/10/2014,RAYOVAC,ALAA-48,620-ALAA-48,,AA ALKALINA BATTERY RECLOSALBE 48-PACK PRICE IS FOR 48EA/PK,Hardware,EA,4.00, 48EA/PK,16.57,66.28,d,19.49,77.96,15%,Department of the Interior,National Park Service,No,No,No,No,No,No,No,GSA Advantage,Government SmartPay Card,Drop Ship,1,83012,,0,0,09/12/2014,MJL Enterprises,GS23FBA007
4354,9/15/2014,IRWIN,4033005,585-4033005,,KNEE PADS I-GEL GUM RUBBER PRICE IS FOR 1 PR,Hardware,EA,4.00, 1 PR,36.98,147.92,d,43.51,174.04,15%,Department of the Army,Army Corp of Engineers,No,No,No,No,No,No,No,GSA Advantage,Government SmartPay Card,Drop Ship,1,39180,,0,0,09/16/2014,MJL Enterprises,GS23FBA007
4393,9/19/2014,ANCHOR BRAND,18GC-LHO,101-18GC-LHO,,ANCHOR 18GC (L.H.O.) GLOVE PRICE IS FOR 1 EA,Hardware,EA,4.00, 1 EA,7.6,30.40,d,8.94,35.76,15%,Department of the Air Force,,No,No,No,No,No,No,No,GSA Advantage,Government SmartPay Card,Drop Ship,1,85707,,0,0,09/22/2014,MJL Enterprises,GS23FBA007
4259,9/3/2014,3M OH/ESD,8233,142-8233,,N100 MAINT. FREE PARTICULATE RESPIRATOR PRICE IS FOR 1 EA,Hardware,EA,5.00, 1 EA,7.44,37.20,d,8.76,43.80,15%,Department of Agriculture,Forest Service,No,No,No,No,No,No,No,GSA Advantage,Government SmartPay Card,Drop Ship,1,93514,,0,0,09/04/2014,MJL Enterprises,GS23FBA007
4348,9/15/2014,RAYOVAC,ALAAA-24,620-ALAAA-24,,ALK AAA CONTRACTOR PRICE IS FOR 24EA/PK,Hardware,EA,5.00, 24EA/PK,8.95,44.75,d,10.53,52.65,15%,Department of the Air Force,,No,No,No,No,No,No,No,GSA Advantage,Government SmartPay Card,Drop Ship,1,84056,,0,0,09/16/2014,MJL Enterprises,GS23FBA007
4395,9/19/2014,RAYOVAC,ALAAA-24,620-ALAAA-24,,ALK AAA CONTRACTOR PRICE IS FOR 24EA/PK,Hardware,EA,5.00, 24EA/PK,8.95,44.75,d,10.53,52.65,15%,Department of the Air Force,,No,No,No,No,No,No,No,GSA Advantage,Government SmartPay Card,Drop Ship,1,93524,,0,0,09/22/2014,MJL Enterprises,GS23FBA007
4395,9/19/2014,RAYOVAC,ALAA-24,620-ALAA-24,,ALK AA CONTRACTOR P PRICE IS FOR 24EA/PK,Hardware,EA,5.00, 24EA/PK,7.79,38.95,d,9.17,45.85,15%,Department of the Air Force,,No,No,No,No,No,No,No,GSA Advantage,Government SmartPay Card,Drop Ship,1,93524,,0,0,09/22/2014,MJL Enterprises,GS23FBA007
4219,8/24/2014,COLEMAN CABLE,02589-0002,172-02589-0002,,100' 12/3 YELLOW EXTENSION CORD W/ LIGHTED END PRICE IS FOR 1 EA,Hardware,EA,6.00, 1 EA,62.44,374.64,d,73.45,440.70,15%,Department of the Air Force,,No,No,No,No,No,No,No,GSA Advantage,Government SmartPay Card,Drop Ship,1,02852,,0,0,08/28/2014,MJL Enterprises,GS23FBA007
4270,9/4/2014,3M OH/ESD,6300,142-6300,,LARGE RESPIRATOR FACEPIECE ONLY 21619 PRICE IS FOR 1 EA,Hardware,EA,6.00, 1 EA,10.54,63.24,d,12.4,74.40,15%,Department of the Navy,,No,No,No,No,No,No,No,GSA Advantage,Government SmartPay Card,Drop Ship,1,23511,,0,0,09/05/2014,MJL Enterprises,GS23FBA007
4292,9/8/2014,RAYOVAC,ALAA-24,620-ALAA-24,,ALK AA CONTRACTOR P PRICE IS FOR 24EA/PK,Hardware,EA,6.00, 24EA/PK,7.79,46.74,d,9.17,55.02,15%,Department of Agriculture,Forest Service,No,No,No,No,No,No,No,GSA Advantage,Government SmartPay Card,Drop Ship,1,93541,,0,0,09/08/2014,MJL Enterprises,GS23FBA007
4293,9/8/2014,NORTH SAFETY,550030M,068-550030M,,5500 SERIES LOW MAINTENANCE HALF MASK RESPIRATOR PRICE IS FOR 1 EA,Hardware,EA,6.00, 1 EA,10.8,64.80,d,12.71,76.26,15%,Department of Health and Human Services,Food and Drug Administration,No,No,No,No,No,No,No,GSA Advantage,Government SmartPay Card,Drop Ship,1,32751,,0,0,09/09/2014,MJL Enterprises,GS23FBA007
4293,9/8/2014,NORTH SAFETY,550030S,068-550030S,,5500 SERIES LOW MAINTENANCE HALF MASK RESPIRATOR PRICE IS FOR 1 EA,Hardware,EA,6.00, 1 EA,10.8,64.80,d,12.71,76.26,15%,Department of Health and Human Services,Food and Drug Administration,No,No,No,No,No,No,No,GSA Advantage,Government SmartPay Card,Drop Ship,1,32751,,0,0,09/09/2014,MJL Enterprises,GS23FBA007
4293,9/8/2014,NORTH SAFETY,550030L,068-550030L,,5500 SERIES LOW MAINTENANCE HALF MASK RESPIRATOR PRICE IS FOR 1 EA,Hardware,EA,6.00, 1 EA,10.8,64.80,d,12.71,76.26,15%,Department of Health and Human Services,Food and Drug Administration,No,No,No,No,No,No,No,GSA Advantage,Government SmartPay Card,Drop Ship,1,32751,,0,0,09/09/2014,MJL Enterprises,GS23FBA007
4343,9/15/2014,KIMBERLY-CLARK PROFESSIONAL,34015,412-34015,,"12""X16"" WHITE BALL TERRYWIPE 180 PER BOX PRICE IS FOR 1 CS",Hardware,EA,6.00, 1 CS,14.53,87.18,d,17.1,102.60,15%,Department of Veterans Affairs,,No,No,No,No,No,No,No,GSA Advantage,Government SmartPay Card,Drop Ship,1,14215,,0,0,09/16/2014,MJL Enterprises,GS23FBA007
4345,9/15/2014,JUSTRITE,26800,400-26800,,SMOKER CEASFIRE ASSMBLY PRICE IS FOR 1 EA,Hardware,EA,6.00, 1 EA,44.1,264.60,d,51.88,311.28,15%,General Services Administration,,No,No,No,No,No,No,No,Phone,EFT,Drop Ship,1,95304,,0,0,09/15/2014,MJL Enterprises,GS23FBA007
4399,9/20/2014,KIMBERLY-CLARK PROFESSIONAL,41041,412-41041,,WYPALL X80 BLUE WIPER 160 SHEETS PER BOX PRICE IS FOR 1 BOX,Hardware,EA,6.00, 1 BOX,23.66,141.96,d,27.84,167.04,15%,Department of the Air Force,,No,No,No,No,No,No,No,GSA Advantage,Government SmartPay Card,Drop Ship,1,31098,,0,0,09/23/2014,MJL Enterprises,GS23FBA007
4424,9/24/2014,RIDGID,26643,632-26643,,VAC-VF3500 3 LAYER FILTER 4050 PRICE IS FOR 1 EA,Hardware,EA,6.00, 1 EA,15.9,95.40,d,18.71,112.26,15%,Department of Justice,Bureau of Prisons,No,No,No,No,No,No,No,GSA Advantage,Government SmartPay Card,Drop Ship,1,73169,,0,0,09/25/2014,MJL Enterprises,GS23FBA007
4336,9/12/2014,JACKSON SAFETY,20470,138-20470,,NEMESIS VL SAFETY GLASSES GUNMETAL FRAME CLEAR L PRICE IS FOR 1 PR,Hardware,EA,7.00, 1 PR,3.85,26.95,d,4.53,31.71,15%,Department of the Army,,No,No,No,No,No,No,No,GSA Advantage,Government SmartPay Card,Drop Ship,1,29152,,0,0,09/16/2014,MJL Enterprises,GS23FBA007
4336,9/12/2014,JACKSON SAFETY,25704,138-25704,,NEMESIS VL SAFETY GLASSES GUNMETAL FRAME SMOKE L PRICE IS FOR 1 PR,Hardware,EA,7.00, 1 PR,3.85,26.95,d,4.53,31.71,15%,Department of the Army,,No,No,No,No,No,No,No,GSA Advantage,Government SmartPay Card,Drop Ship,1,29152,,0,0,09/16/2014,MJL Enterprises,GS23FBA007
4313,9/10/2014,UVEX BY SPERIAN,S3400X,763-S3400X,,FLEX SEAL GOGGLES PRICE IS FOR 1 EA,Hardware,EA,8.00, 1 EA,10.6,84.80,d,12.48,99.84,15%,Department of Labor,,No,No,No,No,No,No,No,GSA Advantage,Government SmartPay Card,Drop Ship,1,15236,,0,0,09/11/2014,MJL Enterprises,GS23FBA007
4223,8/24/2014,MAGNOLIA BRUSH,20GALLON-W/LID,455-20GALLON-W/LID,,20 GALLON GALVANIZED TRASH CAN WITH LID PRICE IS FOR 1 CAN,Hardware,EA,10.00, 1 CAN,19.19,191.90,d,22.57,225.70,15%,Department of the Air Force,,No,No,No,No,No,No,No,GSA Advantage,Government SmartPay Card,Drop Ship,1,88330,,0,0,08/28/2014,MJL Enterprises,GS23FBA007
4303,9/9/2014,NORTH SAFETY,A79R150000,068-A79R150000,,RED A-SAFE SAFETY CAP W/RATCHET & 4-POINT S PRICE IS FOR 1 EA,Hardware,EA,10.00, 1 EA,8.87,88.70,d,10.43,104.30,15%,Department of Homeland Security,United States Coast Guard,No,No,No,No,No,No,No,GSA Advantage,Government SmartPay Card,Drop Ship,1,98134,,0,0,09/11/2014,MJL Enterprises,GS23FBA007
4324,9/10/2014,SWIFT FIRST-AID,10810,714-010810,,"7/8"" X 3"" HEAVY WOVEN STRIPS 50/BX PRICE IS FOR 1 BX",Hardware,EA,10.00, 1 BX,3.55,35.50,d,4.18,41.80,15%,Department of Homeland Security,"Federal Law Enforcement Training Center, Glynco, GA",No,No,No,No,No,No,No,GSA Advantage,Government SmartPay Card,Drop Ship,1,31524,,0,0,09/15/2014,MJL Enterprises,GS23FBA007
4330,9/11/2014,SWIFT FIRST-AID,232124,714-232124,,TRIPLE BIOTIC .5 GM FOILPACK 20/BX PRICE IS FOR 1 BX,Hardware,EA,10.00, 1 BX,2.89,28.90,d,3.4,34.00,15%,Department of Homeland Security,Immigration and Customs Enforcement,No,No,No,No,No,No,No,GSA Advantage,Government SmartPay Card,Drop Ship,1,31815,,0,0,09/11/2014,MJL Enterprises,GS23FBA007
4361,9/16/2014,IRWIN,2084200,586-2084200,,UTILITY KNIFE BLADE BI-MATERIAL (20/PK) PRICE IS FOR 20EA/PKG,Hardware,EA,10.00, 20EA/PKG,5.47,54.70,d,6.43,64.30,15%,Department of Health and Human Services,,No,No,No,No,No,No,No,GSA Advantage,Government SmartPay Card,Drop Ship,1,95742,,0,0,09/17/2014,MJL Enterprises,GS23FBA007
4272,9/4/2014,JACKSON SAFETY,20470,138-20470,,NEMESIS VL SAFETY GLASSES GUNMETAL FRAME CLEAR L PRICE IS FOR 1 PR,Hardware,EA,12.00, 1 PR,3.85,46.20,d,4.53,54.36,15%,Department of Agriculture,Forest Service,No,No,No,No,No,No,No,GSA Advantage,Government SmartPay Card,Drop Ship,1,86023,,0,0,09/05/2014,MJL Enterprises,GS23FBA007
4291,9/8/2014,JACKSON SAFETY,20543,138-20543,,SPECHELLRAISER BLUE MIRROR 3013858 PRICE IS FOR 1 EA,Hardware,EA,12.00, 1 EA,4.67,56.04,d,5.49,65.88,15%,Department of Agriculture,Forest Service,No,No,No,No,No,No,No,GSA Advantage,Government SmartPay Card,Drop Ship,1,59729,,0,0,09/08/2014,MJL Enterprises,GS23FBA007
4363,9/16/2014,CREWS,TC110XL,135-TC110XL,,TACOMA XL BLACK TEMPLE CLEAR LENS SAFETY SPEC PRICE IS FOR 1 EA,Hardware,EA,12.00, 1 EA,2.13,25.56,d,2.51,30.12,15%,Department of Defense ,,No,No,No,No,No,No,No,GSA Advantage,Government SmartPay Card,Drop Ship,1,22202,,0,0,09/17/2014,MJL Enterprises,GS23FBA007
4376,9/17/2014,UVEX BY SPERIAN,S0300,763-S0300,,UVEX ULTRASPEC 2000 CLEAR FRAME CL UD LENS PRICE IS FOR 1 EA,Hardware,EA,12.00, 1 EA,3.39,40.68,d,3.99,47.88,15%,Department of Agriculture,,No,No,No,No,No,No,No,GSA Advantage,Government SmartPay Card,Drop Ship,1,78410,,0,0,09/18/2014,MJL Enterprises,GS23FBA007
4271,9/4/2014,RAYOVAC,ALAA-24,620-ALAA-24,,ALK AA CONTRACTOR P PRICE IS FOR 24EA/PK,Hardware,EA,13.00, 24EA/PK,7.79,101.27,d,9.17,119.21,15%,Department of Agriculture,Forest Service,No,No,No,No,No,No,No,GSA Advantage,Government SmartPay Card,Drop Ship,1,98922,,0,0,09/04/2014,MJL Enterprises,GS23FBA007
4243,8/28/2014,COOPER HAND TOOLS CAMPBELL,5390835,193-5390835,,"999 1/2"" 2T ANCHOR SHACKLE W/SAFETY PIN CARBON PRICE IS FOR 1 EA",Hardware,EA,15.00, 1 EA,13.09,196.35,d,15.4,231.00,15%,Department of Homeland Security,United States Coast Guard,No,No,No,No,No,No,No,GSA Advantage,Government SmartPay Card,Drop Ship,1,02109,,0,0,09/03/2014,MJL Enterprises,GS23FBA007
4257,9/3/2014,RAYOVAC,ALAA-48,620-ALAA-48,,AA ALKALINA BATTERY RECLOSALBE 48-PACK PRICE IS FOR 48EA/PK,Hardware,EA,15.00, 48EA/PK,16.57,248.55,d,19.49,292.35,15%,Department of Homeland Security,United States Coast Guard,No,No,No,No,No,No,No,GSA Advantage,Government SmartPay Card,Drop Ship,1,02109,,0,0,09/03/2014,MJL Enterprises,GS23FBA007
4295,9/8/2014,CREWS,T4110AF,135-T4110AF,,RUBICON METAL TEMPLE SAFETY GLASSES CLR AF LENS PRICE IS FOR 1 PR,Hardware,EA,15.00, 1 PR,7.33,109.95,d,8.62,129.30,15%,Department of Homeland Security,"DHS, Customs and Border Protection",No,No,No,No,No,No,No,GSA Advantage,Government SmartPay Card,Drop Ship,1,48040,,0,0,09/08/2014,MJL Enterprises,GS23FBA007
4334,9/12/2014,JACKSON SAFETY,20470,138-20470,,NEMESIS VL SAFETY GLASSES GUNMETAL FRAME CLEAR L PRICE IS FOR 1 PR,Hardware,EA,15.00, 1 PR,3.85,57.75,d,4.53,67.95,15%,Department of Defense,,No,No,No,No,No,No,No,GSA Advantage,Government SmartPay Card,Drop Ship,1,32228,,0,0,09/12/2014,MJL Enterprises,GS23FBA007
4290,9/8/2014,WEILER,44080,804-44080,,"CF-38 1/2"" COPPER TUBE BRUSH PRICE IS FOR 1 EA",Hardware,EA,20.00, 1 EA,2.59,51.80,d,3.05,61.00,15%,Department of the Air Force,,No,No,No,No,No,No,No,GSA Advantage,Government SmartPay Card,Drop Ship,1,95304,,0,0,09/11/2014,MJL Enterprises,GS23FBA007
4352,9/15/2014,JACKSON SAFETY,20472,138-20472,,NEMESIS VL SAFETY GLASSES CAMO FRAME BRONZE LENS PRICE IS FOR 1 PR,Hardware,EA,20.00, 1 PR,6.14,122.80,d,7.22,144.40,15%,Department of the Air Force,,No,No,No,No,No,No,No,GSA Advantage,Government SmartPay Card,Drop Ship,1,87117,,0,0,09/16/2014,MJL Enterprises,GS23FBA007
4352,9/15/2014,JACKSON SAFETY,29111,138-29111,,NEMESIS VL SAFETY GLASSES GUNMETAL FRAME CLEAR A PRICE IS FOR 1 PR,Hardware,EA,20.00, 1 PR,4.16,83.20,d,4.89,97.80,15%,Department of the Air Force,,No,No,No,No,No,No,No,GSA Advantage,Government SmartPay Card,Drop Ship,1,87117,,0,0,09/16/2014,MJL Enterprises,GS23FBA007
4190,8/19/2014,KIMBERLY-CLARK PROFESSIONAL,48201,138-48201,,CLASSIC SURGICAL MASK BX/50 PRICE IS FOR 1 BX,Hardware,EA,20.00, 1 BX,7.81,156.20,d,9.18,183.60,15%,Department of the Navy,,No,No,No,No,No,No,No,GSA Advantage,Government SmartPay Card,Drop Ship,1,93555,,0,0,09/26/2014,MJL Enterprises,GS23FBA007
4339,9/12/2014,JACKSON SAFETY,18483,138-18483,,GOGGLE REVO BLK/CLRASMC3009654 PRICE IS FOR 1 PR,Hardware,EA,20.00, 1 PR,7.72,154.40,d,9.08,181.60,15%,Department of the Air Force,,No,No,No,No,No,No,No,GSA Advantage,Government SmartPay Card,Drop Ship,1,32403,,0,0,09/16/2014,MJL Enterprises,GS23FBA007
4143,8/4/2014,WEILER,10028,804-10028,,EBB-41 .0201 1/8IN DIA PRICE IS FOR 1 EA,Hardware,EA,24.00, 1 EA,10.29,246.96,d,12.1,290.40,15%,Department of the Navy,,No,No,No,No,No,No,No,GSA Advantage,Government SmartPay Card,Drop Ship,1,92123,,0,0,09/11/2014,MJL Enterprises,GS23FBA007
4390,9/19/2014,JACKSON SAFETY,28635,138-28635,,NEMESIS POLARIZED SAFETYGUN METAL FR/SMK PRICE IS FOR 1 PR,Hardware,EA,24.00, 1 PR,20.59,494.16,d,24.22,581.28,15%,Department of the Interior,Bureau of Reclamation,No,No,No,No,No,No,No,GSA Advantage,Government SmartPay Card,Drop Ship,1,99133,,0,0,09/19/2014,MJL Enterprises,GS23FBA007
4272,9/4/2014,JACKSON SAFETY,25704,138-25704,,NEMESIS VL SAFETY GLASSES GUNMETAL FRAME SMOKE L PRICE IS FOR 1 PR,Hardware,EA,25.00, 1 PR,3.85,96.25,d,4.53,113.25,15%,Department of Agriculture,Forest Service,No,No,No,No,No,No,No,GSA Advantage,Government SmartPay Card,Drop Ship,1,86023,,0,0,09/05/2014,MJL Enterprises,GS23FBA007
4285,9/5/2014,ANCHOR BRAND,AC310,101-AC310,,DWOS CLR WRAP-A-ROUND LENS BAYONET NON-SLIP TEMP PRICE IS FOR 12EA/BX,Hardware,EA,25.00, 12EA/BX,38.9,972.50,d,45.76,"1,144.00",15%,Department of Veterans Affairs,,No,No,No,No,No,No,No,GSA Advantage,Government SmartPay Card,Drop Ship,1,85706,,0,0,09/08/2014,MJL Enterprises,GS23FBA007
4236,8/27/2014,JACKSON SAFETY,19644,138-19644,,NEMESIS CAMO SAFETY GLASSES BRONZE LENS CORDED PRICE IS FOR 1 PR,Hardware,EA,26.00, 1 PR,5.12,133.12,d,6.02,156.52,15%,Department of Agriculture,Forest Service,No,No,No,No,No,No,No,GSA Advantage,Government SmartPay Card,Drop Ship,1,59711,,0,0,09/03/2014,MJL Enterprises,GS23FBA007
4298,9/8/2014,JACKSON SAFETY,20470,138-20470,,NEMESIS VL SAFETY GLASSES GUNMETAL FRAME CLEAR L PRICE IS FOR 1 PR,Hardware,EA,28.00, 1 PR,3.85,107.80,d,4.53,126.84,15%,DEPARTMENT OF COMMERCE,,No,No,No,No,No,No,No,Phone,Government SmartPay Card,Drop Ship,1,96818,,0,0,09/08/2014,MJL Enterprises,GS23FBA007
4305,9/9/2014,ANCHOR BRAND,24RMPHD,103-24RMPHD,,24OZ. RAYON MOP HEAD PRICE IS FOR 1 EA,Hardware,EA,30.00, 1 EA,5.34,160.20,d,6.29,188.70,15%,Department of Homeland Security,United States Coast Guard,No,No,No,No,No,No,No,GSA Advantage,Government SmartPay Card,Drop Ship,1,70358,,0,0,09/11/2014,MJL Enterprises,GS23FBA007
4389,9/19/2014,CREWS,CL110,135-CL110,,CHECKLITE SAFETY GLASSESCLEAR LENS PRICE IS FOR 1 PR,Hardware,EA,30.00, 1 PR,0.86,25.80,d,1.01,30.30,15%,Department of Veterans Affairs,,No,No,No,No,No,No,No,GSA Advantage,Government SmartPay Card,Drop Ship,1,68803,,0,0,09/22/2014,MJL Enterprises,GS23FBA007
4423,9/24/2014,CREWS,CK100,135-CK100,,CHECKMATE CLEAR UNCOATED PRICE IS FOR 1 EA,Hardware,EA,32.00, 1 EA,1.01,32.32,d,1.19,38.08,15%,Department of Agriculture,,No,No,No,No,No,No,No,GSA Advantage,Government SmartPay Card,Drop Ship,1,79407,,0,0,09/25/2014,MJL Enterprises,GS23FBA007
4301,9/9/2014,WEILER,44167,804-44167,,BH-37-SS 3X7 SS WIRE SCRATCH BRUSH PRICE IS FOR 1 EA,Hardware,EA,36.00, 1 EA,1.09,39.24,d,1.29,46.44,16%,Department of the Air Force,,No,No,No,No,No,No,No,GSA Advantage,Government SmartPay Card,Drop Ship,1,93524,,0,0,09/11/2014,MJL Enterprises,GS23FBA007
4296,9/8/2014,JACKSON SAFETY,14481,138-14481,,NEMESIS BLUE MIRROR LENSSAFETY GLASSES 3000358 PRICE IS FOR 1 PR,Hardware,EA,36.00, 1 PR,3.79,136.44,d,4.46,160.56,15%,Department of the Navy,,No,No,No,No,No,No,No,GSA Advantage,Government SmartPay Card,Drop Ship,1,28533,,0,0,09/08/2014,MJL Enterprises,GS23FBA007
4352,9/15/2014,JACKSON SAFETY,25671,138-25671,,NEMESIS IRUV 5.0 SAFETYGLASSES 3004761 PRICE IS FOR 1 PR,Hardware,EA,40.00, 1 PR,6.77,270.80,d,7.97,318.80,15%,Department of the Air Force,,No,No,No,No,No,No,No,GSA Advantage,Government SmartPay Card,Drop Ship,1,87117,,0,0,09/16/2014,MJL Enterprises,GS23FBA007
4422,9/24/2014,NORTH SAFETY,019702-0002L,068-019702-0002L,,25 PERSON BULK FIRST AIDKIT PLASTIC CASE PRICE IS FOR 1 EA,Hardware,EA,40.00, 1 EA,19.08,763.20,d,22.45,898.00,15%,Department of Agriculture,,No,No,No,No,No,No,No,GSA Advantage,Government SmartPay Card,Drop Ship,1,36079,,0,0,09/26/2014,MJL Enterprises,GS23FBA007
4291,9/8/2014,JACKSON SAFETY,25714,138-25714,,SPECHELLRAISER SMOKE  3013854 PRICE IS FOR 1 EA,Hardware,EA,48.00, 1 EA,4.16,199.68,d,4.89,234.72,15%,Department of Agriculture,Forest Service,No,No,No,No,No,No,No,GSA Advantage,Government SmartPay Card,Drop Ship,1,59729,,0,0,09/08/2014,MJL Enterprises,GS23FBA007
4351,9/15/2014,JACKSON SAFETY,20470,138-20470,,NEMESIS VL SAFETY GLASSES GUNMETAL FRAME CLEAR L PRICE IS FOR 1 PR,Hardware,EA,50.00, 1 PR,3.85,192.50,d,4.53,226.50,15%,Department of the Air Force,,No,No,No,No,No,No,No,GSA Advantage,Government SmartPay Card,Drop Ship,1,27531,,0,0,09/16/2014,MJL Enterprises,GS23FBA007
4221,8/24/2014,JACKSON SAFETY,25704,138-25704,,NEMESIS VL SAFETY GLASSES GUNMETAL FRAME SMOKE L PRICE IS FOR 1 PR,Hardware,EA,100.00, 1 PR,3.85,385.00,d,4.53,453.00,15%,Department of the Army,,No,No,No,No,No,No,No,GSA Advantage,Government SmartPay Card,Drop Ship,1,94117,,0,0,08/28/2014,MJL Enterprises,GS23FBA007
4221,8/24/2014,JACKSON SAFETY,20470,138-20470,,NEMESIS VL SAFETY GLASSES GUNMETAL FRAME CLEAR L PRICE IS FOR 1 PR,Hardware,EA,100.00, 1 PR,3.85,385.00,d,4.53,453.00,15%,Department of the Army,,No,No,No,No,No,No,No,GSA Advantage,Government SmartPay Card,Drop Ship,1,94117,,0,0,08/28/2014,MJL Enterprises,GS23FBA007
4396,9/19/2014,CREWS,CL110,135-CL110,,CHECKLITE SAFETY GLASSESCLEAR LENS PRICE IS FOR 1 PR,Hardware,EA,100.00, 1 PR,0.86,86.00,d,1.01,101.00,15%,Department of Agriculture,,No,No,No,No,No,No,No,GSA Advantage,Government SmartPay Card,Drop Ship,1,40322,,0,0,09/22/2014,MJL Enterprises,GS23FBA007
4396,9/19/2014,CREWS,CL112,135-CL112,,CHECKLITE SAFETY GLASSESGREY LENS PRICE IS FOR 1 PR,Hardware,EA,100.00, 1 PR,0.86,86.00,d,1.01,101.00,15%,Department of Agriculture,,No,No,No,No,No,No,No,GSA Advantage,Government SmartPay Card,Drop Ship,1,40322,,0,0,09/22/2014,MJL Enterprises,GS23FBA007
4279,9/5/2014,JACKSON SAFETY,18624,138-18624,,MONOGOGGLE BLUE FRAME ANTI FOG CLR LENS 3010334 PRICE IS FOR 1 PR,Hardware,EA,120.00, 1 PR,8.65,"1,038.00",d,10.17,"1,220.40",15%,Department of the Army,,No,No,No,No,No,No,No,Phone,Government SmartPay Card,Drop Ship,1,85613,,0,0,09/05/2014,MJL Enterprises,GS23FBA007
4328,9/11/2014,JACKSON SAFETY,20470,138-20470,,NEMESIS VL SAFETY GLASSES GUNMETAL FRAME CLEAR L PRICE IS FOR 1 PR,Hardware,EA,270.00, 1 PR,3.85,"1,039.50",d,4.53,"1,223.10",15%,Department of Homeland Security,"DHS, Customs and Border Protection",No,No,No,No,No,No,No,GSA Advantage,Government SmartPay Card,Drop Ship,1,85365,,0,0,09/12/2014,MJL Enterprises,GS23FBA007
4328,9/11/2014,JACKSON SAFETY,25704,138-25704,,NEMESIS VL SAFETY GLASSES GUNMETAL FRAME SMOKE L PRICE IS FOR 1 PR,Hardware,EA,270.00, 1 PR,3.85,"1,039.50",d,4.53,"1,223.10",15%,Department of Homeland Security,"DHS, Customs and Border Protection",No,No,No,No,No,No,No,GSA Advantage,Government SmartPay Card,Drop Ship,1,85365,,0,0,09/12/2014,MJL Enterprises,GS23FBA007
4216,8/24/2014,JACKSON SAFETY,20470,138-20470,,NEMESIS VL SAFETY GLASSES GUNMETAL FRAME CLEAR L PRICE IS FOR 1 PR,Hardware,EA,400.00, 1 PR,3.85,"1,540.00",d,4.53,"1,812.00",15%,Department of the Air Force,,No,No,No,No,No,No,No,GSA Advantage,Government SmartPay Card,Drop Ship,1,31098,,0,0,08/27/2014,MJL Enterprises,GS23FBA007
4349,9/15/2014,C.H. HANSON,20625,337-20625,,"3/16"" STD GENERAL PURPOSE LETTER & NU PRICE IS FOR 1 SET",Paint,EA,1.00, 1 SET,43.51,43.51,d,51.19,51.19,15%,Department of the Army,,No,No,No,No,No,No,No,GSA Advantage,Government SmartPay Card,Drop Ship,1,61822,,0,0,09/16/2014,MJL Enterprises,GS23FBA007
4280,9/5/2014,3M INDUSTRIAL,021200-21210,405-021200-21210,,3M SUPER 77 MULTIPURPOSEADHESIVE 24 OZ(16OZ NET PRICE IS FOR 12CAN/CS,Paint,EA,2.00, 12CAN/CS,196.23,392.46,d,230.86,461.72,15%,Department of Homeland Security,"DHS, Customs and Border Protection",No,No,No,No,No,No,No,GSA Advantage,Government SmartPay Card,Drop Ship,1,58203,,0,0,09/09/2014,MJL Enterprises,GS23FBA007
4286,9/5/2014,WEILER,40029,804-40029,,"2"" DISPOSABLE GREY CHINABRISTLE BLK. PLASTI PRICE IS FOR 1 EA",Paint,EA,25.00, 1 EA,1.35,33.75,d,1.59,39.75,15%,Department of the Interior,Fish and Wildlife Service,No,No,No,No,No,No,No,GSA Advantage,Government SmartPay Card,Drop Ship,1,16327,,0,0,09/08/2014,MJL Enterprises,GS23FBA007
4250,9/2/2014,3M ABRASIVE,051115-03681,405-051115-03681,,"SCOTCH-BLUE #2090 PAINTERS 1""X60YD TAPE PRICE IS FOR 1 RL",Paint,EA,35.00, 1 RL,4.1,143.50,d,4.82,168.70,15%,Department of Homeland Security,United States Coast Guard,No,No,No,No,No,No,No,GSA Advantage,Government SmartPay Card,Drop Ship,1,02109,,0,0,09/03/2014,MJL Enterprises,GS23FBA007
4315,9/10/2014,WEILER,40029,804-40029,,"2"" DISPOSABLE GREY CHINABRISTLE BLK. PLASTI PRICE IS FOR 1 EA",Paint,EA,36.00, 1 EA,1.35,48.60,d,1.59,57.24,15%,Department of Homeland Security,United States Coast Guard,No,No,No,No,No,No,No,GSA Advantage,Government SmartPay Card,Drop Ship,1,02542,,0,0,09/11/2014,MJL Enterprises,GS23FBA007
4397,9/19/2014,3M OH/ESD,501,142-501,,PRE-FILTER RETAINER F/DUST-MIST- PAINT SPRAY PRICE IS FOR 1 EA,Paint,EA,40.00, 1 EA,1.72,68.80,d,2.03,81.20,15%,Department of Agriculture,Forest Service,No,No,No,No,No,No,No,GSA Advantage,Government SmartPay Card,Drop Ship,1,59711,,0,0,09/22/2014,MJL Enterprises,GS23FBA007
4344,9/15/2014,WEILER,40027,804-40027,,"1"" DISPOSABLE-GREY CHINABRISTLE BLK. PLASTI PRICE IS FOR 1 EA",Paint,EA,50.00, 1 EA,0.88,44.00,d,1.04,52.00,15%,Department of the Air Force,,No,No,No,No,No,No,No,GSA Advantage,Government SmartPay Card,Drop Ship,1,04106,,0,0,09/17/2014,MJL Enterprises,GS23FBA007