ord_num,ord_date,mfr_name,mfr_part_no,contractor_part_no,upc_a,prod_descr,subcategory,uoi,qty,items_sold,bpa_price,bpa_ext_price,dbt_crt_ind,mas_price,mas_ext_price,disc_amt,cust_agency,sub_agency,mkt_basket_flag,abilityone_flag,berry_amendment_flag,cpgind,biopreferred_ind,energystar_ind,watersense_ind,sales_ch,pay_method,dlvry_method,ship_wt,to_zip_code,from_zip_code,frgt_charge,supl_fee,fullfill_date,contr_name,contr_no
418840,9202014,M.K. MORSE,HMAN40,497-HMAN40,0,"1/4""-3/8"" FLUSH TYPE MANDREL K1/4""-3/8"" FLUSH TYPE MANDREL KIT- Any questions",Hardware,KT,6,,7.08,42.48,D,7.56,45.36,0.48,"Department of the Navy 
","Other, Not Listed",no,no,no,no,no,no,no,GSA Advantage,Government SmartPay Card,Standard,0.25,98314,11520,0,0,9252014,Complete Packaging,GS23FBA017
418976,9222014,CPSS,269-8463,269-8463,0,"FOLDING CHAIR [CHAIR,FOLDING]Gray 29-1/2 to 34""h x 15""d x 16""w Folding chair",Hardware,EA,12,,18.47,221.64,D,19.99,239.88,1.52,"Department of Homeland Security 
","Other, Not Listed",no,no,no,no,no,no,no,GSA Advantage,Government SmartPay Card,Standard,1,85607,11520,0,0,9272014,Complete Packaging,GS23FBA017
420419,10072014,HUSQVARNA,539113425,539113425-DR,0,"BLADE, 16-1/4""BLADE, 16-1/4""Any questions further inquiries about this partic",Hardware,EA,6,,11.19,67.14,D,11.96,71.76,0.77,"Department of the Interior 
","Other, Not Listed",no,no,no,no,no,no,no,GSA Advantage,Government SmartPay Card,Standard,20,49759,11520,0,0,10092014,Complete Packaging,GS23FBA017
420421,10072014,EVEREADY BATTERY CO,EN92-24PK,AAA BATTERY - ENERGIZER,0,"AAA BATTERY, [ 24 PACK]AAA BATTERY 24 PER PACK EN92 Industrial Alkaline Batte",Hardware,PK,2,24,11.93,23.86,D,12.75,25.5,0.82,"Department of Energy 
","Other, Not Listed",no,no,no,no,no,no,no,GSA Advantage,Government SmartPay Card,Standard,7,83415,11520,0,0,10082014,Complete Packaging,GS23FBA017
420421,10072014,EVEREADY BATTERY CO,EN91-24PK,AA BATTERY - ENERGIZER,0,"AA BATTERY, [ 24 PACK]AA BATTERY EN91 24 PER PACK Industrial Alkaline Battery",Hardware,PK,2,24,9.69,19.38,D,12.8,25.6,3.11,"Department of Energy 
","Other, Not Listed",no,no,no,no,no,no,no,GSA Advantage,Government SmartPay Card,Standard,7,83415,11520,0,0,10082014,Complete Packaging,GS23FBA017
420425,10072014,3M COMMERCIAL,74,810614,0,"6.1X3.6 MD SCRUB SPONGEScotch-Brite, 6.1"" x 3.6"" Medium Duty Scrubbing Sponge",Hardware,EA,100,,2.4,240,D,2.56,256,0.16,"Department of the Treasury 
","Other, Not Listed",no,no,no,no,no,no,no,GSA Advantage,Government SmartPay Card,Standard,3.2,26101,11520,0,0,10082014,Complete Packaging,GS23FBA017
420433,10072014,HOT SHOT PRODUCTS,ALK-DP,869479,0,"6PK STOCKPROD C BATTERY6 Pack, Stock Prod ""C"" Battery, Our Longest ""C"" Size B",Hardware,EA,10,,8.79,87.9,D,9.39,93.9,0.6,"Department of Agriculture 
","Other, Not Listed",no,no,no,no,no,no,no,GSA Advantage,Government SmartPay Card,Standard,0.9,78701,11520,0,0,10082014,Complete Packaging,GS23FBA017
420442,10072014,3M COMPANY,C-38,326267,0,"DESK TAPE DISPENSER3M, Putty, Desk Tape Dispenser, Slip Resistant Base For Ea",Hardware,EA,9,,3.61,32.49,D,3.85,34.65,0.24,"Department of the Army 
","Other, Not Listed",no,no,no,no,no,no,no,GSA Advantage,Government SmartPay Card,Standard,13,93944,11520,0,0,10092014,Complete Packaging,GS23FBA017
420484,10082014,FORNEY INDUSTRIES INC,70820-FORNE-1,780625,0,RED PAINT MARKERRed Paint Marker.Any questions or further inquiries check out,Hardware,EA,10,,8.22,82.2,D,8.79,87.9,0.57,"Department of Homeland Security 
","Other, Not Listed",no,no,no,no,no,no,no,GSA Advantage,Government SmartPay Card,Standard,0.06,2542,11520,0,0,10092014,Complete Packaging,GS23FBA017
420488,10082014,LPS,70814,428-70814,0,THERMAPLEX CS MOLY BEARING GRETHERMAPLEX CS MOLY BEARING GREASE- Any question,Hardware,EA,13,,8.92,115.96,D,9.54,124.02,0.62,"Department of Homeland Security 
","Other, Not Listed",no,no,no,no,no,no,no,GSA Advantage,Government SmartPay Card,Standard,0.9,2543,11520,0,0,10102014,Complete Packaging,GS23FBA017
420492,10082014,"LAGASSE BROTHERS, INC.",WIN 1220-85,536287,0,"30PK HSEHLD ROLL TOWEL30 Pack, White 2 Ply Household Roll Towel, 85 Sheets Pe",Hardware,EA,1,,28.6,28.6,D,30.56,30.56,1.96,"Department of the Interior 
","Other, Not Listed",no,no,no,no,no,no,no,GSA Advantage,Government SmartPay Card,Standard,21,78249,11520,0,0,10092014,Complete Packaging,GS23FBA017
420499,10082014,"LAGASSE BROTHERS, INC.",WIN 1220-85,536287,0,"30PK HSEHLD ROLL TOWEL30 Pack, White 2 Ply Household Roll Towel, 85 Sheets Pe",Hardware,EA,1,,28.6,28.6,D,30.56,30.56,1.96,"Department of the Interior 
","Other, Not Listed",no,no,no,no,no,no,no,GSA Advantage,Government SmartPay Card,Standard,21,66612,11520,0,0,10092014,Complete Packaging,GS23FBA017
420507,10082014,SPRAYWAY INC,SW50,598182,0,"19OZ AERO GLASS CLEANER19OZ Aerosol Glass Cleaner,  Spray Can, For Windows, M",Hardware,EA,24,,3.97,95.28,D,4.24,101.76,0.27,"Department of the Interior 
","Other, Not Listed",no,no,no,no,no,no,no,GSA Advantage,Government SmartPay Card,Standard,16,97838,11520,0,0,10092014,Complete Packaging,GS23FBA017
420507,10082014,SPRAYWAY INC,SW986R,784183,0,"19OZ ORGANIC CLEANER19 OZ Aerosol, Organic Multi Surface Cleaner, Formulated",Hardware,EA,6,,9.26,55.56,D,9.89,59.34,0.63,"Department of the Interior 
","Other, Not Listed",no,no,no,no,no,no,no,GSA Advantage,Government SmartPay Card,Standard,1.5,97838,11520,0,0,10092014,Complete Packaging,GS23FBA017
420512,10082014,AMERICAN LOCK,A5200GL,A5200GL-AL,0,"PADLOCK, KEYED DIFFERENTSteel body case, hardened steel shackle. Shackle clea",Hardware,EA,10,,10.56,105.6,D,11.29,112.9,0.73,"Department of Defense (Office of th 
","Other, Not Listed",no,no,no,no,no,no,no,GSA Advantage,Government SmartPay Card,Standard,1,58301,11520,0,0,10132014,Complete Packaging,GS23FBA017
420559,10092014,EVEREADY BATTERY CO,EN92-24PK,AAA BATTERY - ENERGIZER,0,"AAA BATTERY, [ 24 PACK]AAA BATTERY 24 PER PACK EN92 Industrial Alkaline Batte",Hardware,PK,5,24,11.93,59.65,D,12.75,63.75,0.82,"Department of Homeland Security 
","Other, Not Listed",no,no,no,no,no,no,no,GSA Advantage,Government SmartPay Card,Standard,7,2109,11520,0,0,10102014,Complete Packaging,GS23FBA017
420580,10092014,NORTON,66261126291,547-66261126291,0,2X50 320J K225 E-Z FLEXMET. HA2X50 320J K225 E-Z FLEXMET. HANDY- Any question,Hardware,RL,2,1,40.36,80.72,D,43.14,86.28,2.78,"Department of the Air Force 
","Other, Not Listed",no,no,no,no,no,no,no,GSA Advantage,Government SmartPay Card,Standard,2.09,31098,11520,0,0,10142014,Complete Packaging,GS23FBA017
420600,10092014,ROOSTER PRODUCTS,439,665403,0,"STEEL HAMMER HOLDERSteel Hammer Holder, Dust Resistant, Plated, All Steel, Do",Hardware,EA,10,,4.81,48.1,D,5.14,51.4,0.33,"Department of Agriculture 
","Other, Not Listed",no,no,no,no,no,no,no,GSA Advantage,Government SmartPay Card,Standard,1.5,97205,11520,0,0,10142014,Complete Packaging,GS23FBA017
420612,10102014,EVEREADY BATTERY CO,EN91-24PK,AA BATTERY - ENERGIZER,0,"AA BATTERY, [ 24 PACK]AA BATTERY EN91 24 PER PACK Industrial Alkaline Battery",Hardware,PK,10,24,9.69,96.9,D,12.8,128,3.11,"Department of Agriculture 
","Other, Not Listed",no,no,no,no,no,no,no,GSA Advantage,Government SmartPay Card,Standard,7,26241,11520,0,0,10152014,Complete Packaging,GS23FBA017
420620,10102014,S C JOHNSON WAX,388,215423,0,"20CT QT HD ZIPLOC BAG20 Count, QT, Heavy Duty, Ziploc Freezer Bag With Grippe",Hardware,EA,12,,4.2,50.4,D,4.49,53.88,0.29,"Department of Agriculture 
","Other, Not Listed",no,no,no,no,no,no,no,GSA Advantage,Government SmartPay Card,Standard,4,44691,11520,0,0,10152014,Complete Packaging,GS23FBA017
420679,10112014,EVEREADY BATTERY CO,EN92-24PK,AAA BATTERY - ENERGIZER,0,"AAA BATTERY, [ 24 PACK]AAA BATTERY 24 PER PACK EN92 Industrial Alkaline Batte",Hardware,PK,2,24,11.93,23.86,D,12.75,25.5,0.82,"Department of Agriculture 
","Other, Not Listed",no,no,no,no,no,no,no,GSA Advantage,Government SmartPay Card,Standard,7,93727,11520,0,0,10152014,Complete Packaging,GS23FBA017
420680,10112014,L.S. STARRETT,51284,681-51284,0,"264G CENTER PUNCH 5"" LON264G CENTER PUNCH 5"" LON- Any questions or further in",Hardware,EA,4,,8.13,32.52,D,8.69,34.76,0.56,"Department of the Navy 
","Other, Not Listed",no,no,no,no,no,no,no,GSA Advantage,Government SmartPay Card,Standard,0.19,70114,11520,0,0,10162014,Complete Packaging,GS23FBA017
420711,10142014,S C JOHNSON WAX,140,849125,0,100' SARAN PRM WRAP100' Roll Saran Premium Wrap.Any questions or further inqu,Hardware,EA,6,,4.2,25.2,D,4.49,26.94,0.29,"Department of Veterans Affairs 
","Other, Not Listed",no,no,no,no,no,no,no,GSA Advantage,Government SmartPay Card,Standard,7.8,54660,11520,0,0,10162014,Complete Packaging,GS23FBA017
420730,10142014,HY-KO PROD CO,D-20,331710,0,"5X7 NO SMOKING SIGN5"" x 7, No Smoking Sign, Heavy Duty Plastic, Red & Black G",Hardware,EA,5,,5.76,28.8,D,6.16,30.8,0.4,"Department of the Interior 
","Other, Not Listed",no,no,no,no,no,no,no,GSA Advantage,Government SmartPay Card,Standard,0.66,88005,11520,0,0,10192014,Complete Packaging,GS23FBA017
420740,10142014,MAZE NAILS,T449A125,542602,0,"10D PRES WD NAILMaze PTL, LB 10D Pressure Treated Wood Nail, Double Hot Dippe",Hardware,EA,10,,3,30,D,3.2,32,0.2,"Department of the Army 
","Other, Not Listed",no,no,no,no,no,no,no,GSA Advantage,Government SmartPay Card,Standard,1.35,78234,11520,0,0,10192014,Complete Packaging,GS23FBA017
420759,10152014,UNV,H-1387,H-1387-DR,0,APPLIANCE HAND TRUCKIndustrial Grade   Easily move heavy or bulky items up an,Hardware,EA,2,,480.8,961.6,D,513.84,1027.68,33.04,"Department of the Air Force 
","Other, Not Listed",no,no,no,no,no,no,no,GSA Advantage,Government SmartPay Card,Standard,86,78236,11520,0,0,10202014,Complete Packaging,GS23FBA017
420786,10152014,ACADEMY BROADWAY CORP,50370,633024,0,"FOLD CAMP STOOL/STRAPHeavy Duty, Steel Frame Folding Camp Stool, Nylon Oxford",Hardware,EA,3,,15.5,46.5,D,16.57,49.71,1.07,"Department of Homeland Security 
","Other, Not Listed",no,no,no,no,no,no,no,GSA Advantage,Government SmartPay Card,Standard,2.66,33701,11520,0,0,10202014,Complete Packaging,GS23FBA017
420789,10152014,SANFORD,81850,SAN81850,0,MARKER BOARD TOWELETTESTowelettes are designed to clean and restore white mar,Hardware,EA,6,,6.35,38.1,D,6.79,40.74,0.44,"Department of Homeland Security 
","Other, Not Listed",no,no,no,no,no,no,no,GSA Advantage,Government SmartPay Card,Standard,1,36205,11520,0,0,10202014,Complete Packaging,GS23FBA017
420795,10152014,DEWALT,DW3778B50,DW3778B50,0,"3"" 36 TPI T-SHANK COBALT STEEL3"" 36 TPI T-Shank Cobalt Steel Jig Saw Blade- A",Hardware,PK,41,50,1.23,50.43,D,1.31,53.71,0.08,"Department of Defense (Office of th 
","Other, Not Listed",no,no,no,no,no,no,no,GSA Advantage,Government SmartPay Card,Standard,0.01,17050,11520,0,0,10202014,Complete Packaging,GS23FBA017
420796,10152014,SUNCAST CORP,SN1000,277814,0,"18""BLU POLY SNOW SHOVEL18"", Blue, Poly Snow Shovel, 18"" W x 13"" H Blade, 48""",Hardware,EA,2,,13.22,26.44,D,14.12,28.24,0.9,"Department of the Army 
","Other, Not Listed",no,no,no,no,no,no,no,GSA Advantage,Government SmartPay Card,Standard,21.85,73505,11520,0,0,10202014,Complete Packaging,GS23FBA017
420802,10152014,GEORGIA PACIFIC,25190,603-25190,0,(10/CS) TOWEL C-FOLD ENVISION(10/CS) TOWEL C-FOLD ENVISION WHITE- Any questio,Hardware,CT,12,1,37.03,444.36,D,39.58,474.96,2.55,"Department of Agriculture 
","Other, Not Listed",no,no,no,no,no,no,no,GSA Advantage,Government SmartPay Card,Standard,1,38655,11520,0,0,10202014,Complete Packaging,GS23FBA017
420805,10152014,EVEREADY BATTERY CO,EN92-24PK,AAA BATTERY - ENERGIZER,0,"AAA BATTERY, [ 24 PACK]AAA BATTERY 24 PER PACK EN92 Industrial Alkaline Batte",Hardware,PK,3,24,11.93,35.79,D,12.75,38.25,0.82,"Department of the Army 
","Other, Not Listed",no,no,no,no,no,no,no,GSA Advantage,Government SmartPay Card,Standard,7,83822,11520,0,0,10202014,Complete Packaging,GS23FBA017
420846,10162014,KIMBERLY-CLARK CORP,5790,276824,0,"9PK 100CT GP L40 WIPERWypall L40, 9 Pack, 100 Count, White General Purpose Wi",Hardware,EA,21,,73.15,1536.15,D,78.18,1641.78,5.03,"Department of Commerce 
","Other, Not Listed",no,no,no,no,no,no,no,GSA Advantage,Government SmartPay Card,Standard,17.7,20899,11520,0,0,10212014,Complete Packaging,GS23FBA017
420861,10162014,EVEREADY BATTERY CO,EN92-24PK,AAA BATTERY - ENERGIZER,0,"AAA BATTERY, [ 24 PACK]AAA BATTERY 24 PER PACK EN92 Industrial Alkaline Batte",Hardware,PK,4,24,11.93,47.72,D,12.75,51,0.82,"Department of Agriculture 
","Other, Not Listed",no,no,no,no,no,no,no,GSA Advantage,Government SmartPay Card,Standard,7,59808,11520,0,0,10212014,Complete Packaging,GS23FBA017
420861,10162014,RAYOVAC,814-12PP,340973,0,"RAYO 12PK C PRO BATTERYRay O Vac, 12 Pack, ""C"" Cell, Maximum Alkaline, Pro Pa",Hardware,EA,3,,15.65,46.95,D,16.72,50.16,1.07,"Department of Agriculture 
","Other, Not Listed",no,no,no,no,no,no,no,GSA Advantage,Government SmartPay Card,Standard,15.75,59808,11520,0,0,10212014,Complete Packaging,GS23FBA017
420870,10162014,RENATA,CR2477N,CR2477N-CB,0,"3V LITHIUM COIN CELL BATTERY,This CR2477N Lithium Coin Cell Battery is 3 V an",Hardware,EA,6,,4.52,27.12,D,4.83,28.98,0.31,"Department of the Air Force 
","Other, Not Listed",no,no,no,no,no,no,no,GSA Advantage,Government SmartPay Card,Standard,1,93524,11520,0,0,10212014,Complete Packaging,GS23FBA017
420880,10162014,DURACELL,MN2400-F,MN2400/PC2400 AAA - CASE,0,"DURACELL SIZE AAA BATTERY10L X 5W DURACELL ""AAA"" ALKALINE BATTERY, 72/CASE. S",Hardware,CT,2,72,32.25,64.5,D,34.47,68.94,2.22,"Department of the Interior 
","Other, Not Listed",no,no,no,no,no,no,no,GSA Advantage,Government SmartPay Card,Standard,1,59919,11520,0,0,10212014,Complete Packaging,GS23FBA017
420882,10162014,RUBBERMAID COMMERCIAL,2005-CC,640-2005-CC,0,CHARCOAL HEAVY DUTY DUSTPANCHARCOAL HEAVY DUTY DUSTPAN- Any questions or furt,Hardware,EA,10,,4.89,48.9,D,5.23,52.3,0.34,"Department of Homeland Security 
","Other, Not Listed",no,no,no,no,no,no,no,GSA Advantage,Government SmartPay Card,Standard,0.4,8204,11520,0,0,10212014,Complete Packaging,GS23FBA017
420899,10162014,EVEREADY BATTERY CO,EN92-24PK,AAA BATTERY - ENERGIZER,0,"AAA BATTERY, [ 24 PACK]AAA BATTERY 24 PER PACK EN92 Industrial Alkaline Batte",Hardware,PK,2,24,11.93,23.86,D,12.75,25.5,0.82,"Department of Justice 
","Other, Not Listed",no,no,no,no,no,no,no,GSA Advantage,Government SmartPay Card,Standard,7,33602,11520,0,0,10212014,Complete Packaging,GS23FBA017
420899,10162014,EVEREADY BATTERY CO,MN1604,9 VOLT BATTERY,0,"9 VOLT BATTERY, [12 PACK]9 VOLT BATTERY 12 PER PACK EN22 Alkaline Industrial",Hardware,EA,2,12,22.32,44.64,D,23.85,47.7,1.53,"Department of Justice 
","Other, Not Listed",no,no,no,no,no,no,no,GSA Advantage,Government SmartPay Card,Standard,6,33602,11520,0,0,10212014,Complete Packaging,GS23FBA017
420926,10172014,RUBBERMAID COMMERCIAL,2005-CC,640-2005-CC,0,CHARCOAL HEAVY DUTY DUSTPANCHARCOAL HEAVY DUTY DUSTPAN- Any questions or furt,Hardware,EA,10,,4.89,48.9,D,5.23,52.3,0.34,"Department of Homeland Security 
","Other, Not Listed",no,no,no,no,no,no,no,GSA Advantage,Government SmartPay Card,Standard,0.4,97118,11520,0,0,10222014,Complete Packaging,GS23FBA017
420939,10172014,WARP BROTHERS,CB-36,600981,0,"5PK 36X60 STORAGE BAG5 Pack, 36"" x 60"" Storage Bag, 2 Mil See Through Plastic",Hardware,EA,4,,6.37,25.48,D,6.81,27.24,0.44,"Department of Labor 
","Other, Not Listed",no,no,no,no,no,no,no,GSA Advantage,Government SmartPay Card,Standard,18,60542,11520,0,0,10222014,Complete Packaging,GS23FBA017
420945,10172014,EVEREADY BATTERY CO,EN92-24PK,AAA BATTERY - ENERGIZER,0,"AAA BATTERY, [ 24 PACK]AAA BATTERY 24 PER PACK EN92 Industrial Alkaline Batte",Hardware,PK,5,24,11.93,59.65,D,12.75,63.75,0.82,"Department of the Interior 
","Other, Not Listed",no,no,no,no,no,no,no,GSA Advantage,Government SmartPay Card,Standard,7,78249,11520,0,0,10222014,Complete Packaging,GS23FBA017
420945,10172014,GILLETTE/DURACELL,DU9V1R-F,DURA 9V ALK BATTERY,0,"9 VOLT BATTERYDuracell, Size ""9V"" Alkaline Battery.Any questions or further i",Hardware,EA,20,,2.33,46.6,D,2.49,49.8,0.16,"Department of the Interior 
","Other, Not Listed",no,no,no,no,no,no,no,GSA Advantage,Government SmartPay Card,Standard,1.46,78249,11520,0,0,10222014,Complete Packaging,GS23FBA017
420951,10172014,EARTH FRIENDLY PRODUCTS,PL988804,118907,0,"100OZ MAG LAUNDETERGENT100 OZ, Earth Friendly, Ecos 2X Magnolia & Lily, Conce",Hardware,PK,4,4,47.18,188.72,D,50.42,201.68,3.24,"Department of Veterans Affairs 
","Other, Not Listed",no,no,no,no,no,no,no,GSA Advantage,Government SmartPay Card,Standard,29,16001,11520,0,0,10222014,Complete Packaging,GS23FBA017
420952,10172014,EVEREADY BATTERY CO,EN91-24PK,AA BATTERY - ENERGIZER,0,"AA BATTERY, [ 24 PACK]AA BATTERY EN91 24 PER PACK Industrial Alkaline Battery",Hardware,PK,4,24,9.69,38.76,D,12.8,51.2,3.11,"Department of the Air Force 
","Other, Not Listed",no,no,no,no,no,no,no,GSA Advantage,Government SmartPay Card,Standard,7,36112,11520,0,0,10222014,Complete Packaging,GS23FBA017
420952,10172014,EVEREADY BATTERY CO,EN92-24PK,AAA BATTERY - ENERGIZER,0,"AAA BATTERY, [ 24 PACK]AAA BATTERY 24 PER PACK EN92 Industrial Alkaline Batte",Hardware,PK,3,24,11.93,35.79,D,12.75,38.25,0.82,"Department of the Air Force 
","Other, Not Listed",no,no,no,no,no,no,no,GSA Advantage,Government SmartPay Card,Standard,7,36112,11520,0,0,10222014,Complete Packaging,GS23FBA017
420961,10172014,MARKAL,80452,434-80452,0,#500 FLUOR. RED LUMBER CRAYON#500 FLUOR. RED LUMBER CRAYON- Any questions or,Hardware,DZ,2,,16.24,32.48,D,17.36,34.72,1.12,"Corps of Engineers, Civil 
","Other, Not Listed",no,no,no,no,no,no,no,GSA Advantage,Government SmartPay Card,Standard,0.62,87109,11520,0,0,10222014,Complete Packaging,GS23FBA017
420986,10202014,DURACELL,MN2400-F,MN2400/PC2400 AAA - CASE,0,"DURACELL SIZE AAA BATTERY10L X 5W DURACELL ""AAA"" ALKALINE BATTERY, 72/CASE. S",Hardware,CT,1,72,32.25,32.25,D,34.47,34.47,2.22,"Department of Health and Human Serv 
","Other, Not Listed",no,no,no,no,no,no,no,GSA Advantage,Government SmartPay Card,Standard,1,20993,11520,0,0,10222014,Complete Packaging,GS23FBA017
421008,10202014,GILLETTE/DURACELL,PC915,727266,0,"DURA 6V PRO BATTERYDuracell, 6V Insulated Screw Top Procell Alkaline Lantern",Hardware,EA,16,,7.45,119.2,D,7.97,127.52,0.52,"Department of the Army 
","Other, Not Listed",no,no,no,no,no,no,no,GSA Advantage,Government SmartPay Card,Standard,0.01,83822,11520,0,0,10232014,Complete Packaging,GS23FBA017
421011,10202014,EVEREADY BATTERY CO,EN92-24PK,AAA BATTERY - ENERGIZER,0,"AAA BATTERY, [ 24 PACK]AAA BATTERY 24 PER PACK EN92 Industrial Alkaline Batte",Hardware,PK,3,24,11.93,35.79,D,12.75,38.25,0.82,"Department of Justice 
","Other, Not Listed",no,no,no,no,no,no,no,GSA Advantage,Government SmartPay Card,Standard,7,94568,11520,0,0,10222014,Complete Packaging,GS23FBA017
421016,10202014,ALSONS CORPORATION,682-812,682812,0,"MP 59"" SS SHWR HOSEMaster Plumber, 59"", Stainless Steel, Heavy Duty Shower Ho",Hardware,EA,3,,10.55,31.65,D,11.28,33.84,0.73,"Department of Veterans Affairs 
","Other, Not Listed",no,no,no,no,no,no,no,GSA Advantage,Government SmartPay Card,Standard,0.15,97503,11520,0,0,10232014,Complete Packaging,GS23FBA017
421025,10202014,ZING GREEN SAFETY PRODUCTS,7119ZG,7119 -ZG-DR,0,"LOCKOUT TAGOUT KIT, 11 COMPONERecycLockout Lockout Kit, 100% recycled PET fab",Hardware,EA,1,,88.27,88.27,D,94.34,94.34,6.07,"General Services Administration 
","Other, Not Listed",no,no,no,no,no,no,no,GSA Advantage,Government SmartPay Card,Standard,2,48226,11520,0,0,10252014,Complete Packaging,GS23FBA017
421025,10202014,HOWARD LEIGHT BY SPERIAN,MAX-1,154-MAX-1,0,PRE-SHAPED FOAM EAR PLUGS W/OPRE-SHAPED FOAM EAR PLUGS W/O CORD 33- Any quest,Hardware,PK,2,200,28.01,56.02,D,29.93,59.86,1.92,"General Services Administration 
","Other, Not Listed",no,no,no,no,no,no,no,GSA Advantage,Government SmartPay Card,Standard,2,48226,11520,0,0,10252014,Complete Packaging,GS23FBA017
421034,10202014,FRANKLIN INTERNATIONAL,5006,379357,0,"GAL TITEBOND II GLUETitebond II, Gallon, Premium Wood Glue, Passes The ANSI T",Hardware,EA,4,,27.69,110.76,D,29.59,118.36,1.9,"Department of the Interior 
","Other, Not Listed",no,no,no,no,no,no,no,GSA Advantage,Government SmartPay Card,Standard,20,89005,11520,0,0,10232014,Complete Packaging,GS23FBA017
421035,10202014,EVEREADY BATTERY CO,EN92-24PK,AAA BATTERY - ENERGIZER,0,"AAA BATTERY, [ 24 PACK]AAA BATTERY 24 PER PACK EN92 Industrial Alkaline Batte",Hardware,PK,6,24,11.93,71.58,D,12.75,76.5,0.82,"Department of the Interior 
","Other, Not Listed",no,no,no,no,no,no,no,GSA Advantage,Government SmartPay Card,Standard,7,82941,11520,0,0,10232014,Complete Packaging,GS23FBA017
421055,10212014,S C JOHNSON WAX,1353,842641,0,"RAID 14OZ WASP KILLERRaid, 14 OZ, Wasp & Hornet Killer, Kills Wasps & Hornets",Hardware,EA,18,,6.01,108.18,D,6.42,115.56,0.41,"Department of the Interior 
","Other, Not Listed",no,no,no,no,no,no,no,GSA Advantage,Government SmartPay Card,Standard,14.41,80537,11520,0,0,10232014,Complete Packaging,GS23FBA017
421059,10212014,EVEREADY BATTERY CO,EN91-24PK,AA BATTERY - ENERGIZER,0,"AA BATTERY, [ 24 PACK]AA BATTERY EN91 24 PER PACK Industrial Alkaline Battery",Hardware,PK,15,24,9.69,145.35,D,12.8,192,3.11,"Department of Veterans Affairs 
","Other, Not Listed",no,no,no,no,no,no,no,GSA Advantage,Government SmartPay Card,Standard,7,83702,11520,0,0,10232014,Complete Packaging,GS23FBA017
421076,10212014,3M COMMERCIAL,74,810614,0,"6.1X3.6 MD SCRUB SPONGEScotch-Brite, 6.1"" x 3.6"" Medium Duty Scrubbing Sponge",Hardware,EA,100,,2.4,240,D,2.56,256,0.16,"Department of Veterans Affairs 
","Other, Not Listed",no,no,no,no,no,no,no,GSA Advantage,Government SmartPay Card,Standard,3.2,56303,11520,0,0,10232014,Complete Packaging,GS23FBA017
421085,10212014,NORTH SAFETY,A99C100,068-A99C100,0,4 POINT CHIN STRAP4 POINT CHIN STRAPAny questions or further inquiries check,Hardware,EA,7,,7,49,D,7.48,52.36,0.48,"Department of the Navy 
","Other, Not Listed",no,no,no,no,no,no,no,GSA Advantage,Government SmartPay Card,Standard,0.08,92135,11520,0,0,10232014,Complete Packaging,GS23FBA017
421088,10212014,ANSUL FIRE EXTINGUISHERS,9335,850-9335-PURPLE-K,0,50LB PAIL PURPLE K-DRY CHEM50LB PAIL PURPLE K-DRY CHEM- Any questions or furt,Hardware,EA,11,,98.16,1079.76,D,104.9,1153.9,6.74,"Department of the Army 
","Other, Not Listed",no,no,no,no,no,no,no,GSA Advantage,Government SmartPay Card,Standard,52.6,54656,11520,0,0,10232014,Complete Packaging,GS23FBA017
421123,10212014,RECKITT BENCKISER,1920000786,124975,0,"8.5OZ ALOE SOAP REFILLLysol, 8.5 OZ, Healthy Touch Antibacterial, Aloe Vera &",Hardware,PK,4,6,30.75,123,D,32.87,131.48,2.12,"Department of Agriculture 
","Other, Not Listed",no,no,no,no,no,no,no,GSA Advantage,Government SmartPay Card,Standard,4.2,81132,11520,0,0,10232014,Complete Packaging,GS23FBA017
421125,10212014,DURACELL,MN2400-F,MN2400/PC2400 AAA - CASE,0,"DURACELL SIZE AAA BATTERY10L X 5W DURACELL ""AAA"" ALKALINE BATTERY, 72/CASE. S",Hardware,CT,1,72,32.25,32.25,D,34.47,34.47,2.22,"General Services Administration 
","Other, Not Listed",no,no,no,no,no,no,no,GSA Advantage,Government SmartPay Card,Standard,1,80225,11520,0,0,10232014,Complete Packaging,GS23FBA017
421125,10212014,DURACELL,MN1604-A,9 VOLT BATTERY - DURA,0,"9 VOLT BATTERY, [12 PACK]9 VOLT BATTERY, MN1604, 12 per pack, ""9V""Any questio",Hardware,PK,2,12,18.7,37.4,D,19.99,39.98,1.29,"General Services Administration 
","Other, Not Listed",no,no,no,no,no,no,no,GSA Advantage,Government SmartPay Card,Standard,6,80225,11520,0,0,10232014,Complete Packaging,GS23FBA017
421128,10212014,GEORGIA PACIFIC,18240/01,603-18240/01,0,(40/CS) TISSUE STD BATH2-PLY P(40/CS) TISSUE STD BATH2-PLY PREFERENCE- Any qu,Hardware,CT,4,1,43.7,174.8,D,46.7,186.8,3,"General Services Administration 
","Other, Not Listed",no,no,no,no,no,no,no,GSA Advantage,Government SmartPay Card,Standard,1,47522,11520,0,0,10262014,Complete Packaging,GS23FBA017
421131,10212014,DURACELL,DU9V1R-A,9V BATTERY DURACELL - MN1604,0,9V BATTERY9V Duracell Batteries - MN1604. We stock all Duracell batteries & a,Hardware,EA,20,,2.33,46.6,D,2.49,49.8,0.16,"Department of Justice 
","Other, Not Listed",no,no,no,no,no,no,no,GSA Advantage,Government SmartPay Card,Standard,1,45402,11520,0,0,10232014,Complete Packaging,GS23FBA017
421145,10222014,RUBBERMAID INC,2805-00 BBFR,553875,0,"20QT BLUE WASTEBASKET20 QT, Blueberry Frost, Plastic Rectangular Kitchen Wast",Hardware,EA,5,,6.01,30.05,D,6.42,32.1,0.41,"Department of the Air Force 
","Other, Not Listed",no,no,no,no,no,no,no,GSA Advantage,Government SmartPay Card,Standard,10.15,76311,11520,0,0,10232014,Complete Packaging,GS23FBA017
421148,10222014,DURACELL,MN1604,DU9V1R-E,0,9V BATTERY DURACELL - MN16049V Duracell Batteries - MN1604. We stock all Dura,Hardware,EA,13,,2.33,30.29,D,2.49,32.37,0.16,"Department of Homeland Security 
","Other, Not Listed",no,no,no,no,no,no,no,GSA Advantage,Government SmartPay Card,Standard,1,11940,11520,0,0,10232014,Complete Packaging,GS23FBA017
421173,10222014,MUELLER INDUSTRIES,151-015,416476,0,"4WY STEM KEY4 Way Stem Key, Fits Square Stems, Vinyl Display, Storage Pouch,",Hardware,EA,10,,7.36,73.6,D,7.87,78.7,0.51,"Department of Veterans Affairs 
","Other, Not Listed",no,no,no,no,no,no,no,GSA Advantage,Government SmartPay Card,Standard,0.4,97503,11520,0,0,10232014,Complete Packaging,GS23FBA017
421181,10222014,EVEREADY BATTERY CO,E95BP-8H,703423,0,"ENER 8PK D BATTERYEnergizer, 8 Pack, ""D"" Battery, Hanging Multi Pack.Any ques",Hardware,EA,2,,19.03,38.06,D,20.34,40.68,1.31,"Department of the Air Force 
","Other, Not Listed",no,no,no,no,no,no,no,GSA Advantage,Government SmartPay Card,Standard,2.8,76311,11520,0,0,10232014,Complete Packaging,GS23FBA017
421182,10222014,HONEYWELL/KAZ HOME ENVIRONME,HRF-D1,136381,0,"LLIFE TRUE HEPA FILTERHoneywell, Long Life True Hepa Replacement Filter, 99.9",Hardware,EA,2,,26.29,52.58,D,28.1,56.2,1.81,"Department of Veterans Affairs 
","Other, Not Listed",no,no,no,no,no,no,no,GSA Advantage,Government SmartPay Card,Standard,1.69,83702,11520,0,0,10232014,Complete Packaging,GS23FBA017
421190,10232014,COLEMAN CABLE INC,08860-00-08,146991,0,"20' 2GA BOOSTER CABLE20', 2 Gauge, 500A, No Tangle Booster Cable, Clamps Manu",Hardware,EA,1,,90.38,90.38,D,96.59,96.59,6.21,"Department of Homeland Security 
","Other, Not Listed",no,no,no,no,no,no,no,GSA Advantage,Government SmartPay Card,Standard,11.69,95564,11520,0,0,10282014,Complete Packaging,GS23FBA017
421205,10232014,EAR,312-1201,247-312-1201,0,POLY BAG EAR PLUGSPOLY BAG PLUGS- Any questions or further inquiries about th,Hardware,PR,1,,27.81,27.81,D,29.72,29.72,1.91,"Department of Transportation 
","Other, Not Listed",no,no,no,no,no,no,no,GSA Advantage,Government SmartPay Card,Standard,0.01,14624,11520,0,0,10282014,Complete Packaging,GS23FBA017
421212,10232014,DURACELL,DU9V1R-A,9V BATTERY DURACELL - MN1604,0,9V BATTERY9V Duracell Batteries - MN1604. We stock all Duracell batteries & a,Hardware,EA,12,,2.33,27.96,D,2.49,29.88,0.16,"Corps of Engineers, Civil 
","Other, Not Listed",no,no,no,no,no,no,no,GSA Advantage,Government SmartPay Card,Standard,1,57367,11520,0,0,10282014,Complete Packaging,GS23FBA017
421215,10232014,"LAGASSE BROTHERS, INC.",WIN 105,535333,0,"16PK WHT FOLD TOWEL16 Pack, White Multi-Fold Towel, Embossed, 250 Towels Per",Hardware,EA,3,,30.73,92.19,D,32.85,98.55,2.12,"Department of Agriculture 
","Other, Not Listed",no,no,no,no,no,no,no,GSA Advantage,Government SmartPay Card,Standard,22.2,5767,11520,0,0,10282014,Complete Packaging,GS23FBA017
421225,10232014,EVEREADY BATTERY CO,EN91-24PK,AA BATTERY - ENERGIZER,0,"AA BATTERY, [ 24 PACK]AA BATTERY EN91 24 PER PACK Industrial Alkaline Battery",Hardware,PK,8,24,9.69,77.52,D,12.8,102.4,3.11,"Department of the Interior 
","Other, Not Listed",no,no,no,no,no,no,no,GSA Advantage,Government SmartPay Card,Standard,7,76133,11520,0,0,10282014,Complete Packaging,GS23FBA017
421226,10232014,HOWARD LEIGHT BY SPERIAN,LL-30,154-LL-30,0,LASER LITE MULTI-COLOR FOAM EALASER LITE MULTI-COLOR FOAM EAR PLUGS W- Any qu,Hardware,PK,2,100,22.7,45.4,D,24.26,48.52,1.56,"Department of Homeland Security 
","Other, Not Listed",no,no,no,no,no,no,no,GSA Advantage,Government SmartPay Card,Standard,1,32233,11520,0,0,10282014,Complete Packaging,GS23FBA017
421232,10232014,KIMBERLY-CLARK CORP,2021,367386,0,"12PK NAT HARDROLL TOWELScott, 12 Pack, 1 Ply, Brown Hard Roll Hand Towel, 7-7",Hardware,EA,1,,35.63,35.63,D,38.07,38.07,2.44,"Department of the Interior 
","Other, Not Listed",no,no,no,no,no,no,no,GSA Advantage,Government SmartPay Card,Standard,25,49759,11520,0,0,10282014,Complete Packaging,GS23FBA017
421245,10232014,RECKITT BENCKISER,RAC04650,RAC04650,0,"SPRAY,DISINFECTANT,LYSOLSPRAY,DISINFECTANT,LYSOLAny questions or further inqu",Hardware,EA,48,,6.07,291.36,D,6.48,311.04,0.41,"Department of Energy 
","Other, Not Listed",no,no,no,no,no,no,no,GSA Advantage,Government SmartPay Card,Standard,1,85009,11520,0,0,10282014,Complete Packaging,GS23FBA017
421258,10232014,KIDDE,466403,408-466403,0,2-1/2WLS-A 2.5GAL. 2A WATER-PR2-1/2WLS-A 2.5GAL. 2A WATER-PRO LINE W/WALL HOO,Hardware,EA,1,,97.1,97.1,D,103.78,103.78,6.68,"Department of Homeland Security 
","Other, Not Listed",no,no,no,no,no,no,no,GSA Advantage,Government SmartPay Card,Standard,8.65,3904,11520,0,0,10282014,Complete Packaging,GS23FBA017
421278,10242014,PROCTER & GAMBLE,43515,892786,0,"2PKMR CLEAN MAGICERASER2 Pack,  Mr. Clean Magic Eraser, Is A Revolutionary Br",Hardware,EA,10,2,2.52,25.2,D,2.69,26.9,0.17,"Department of the Army 
","Other, Not Listed",no,no,no,no,no,no,no,GSA Advantage,Government SmartPay Card,Standard,1.18,43452,11520,0,0,10282014,Complete Packaging,GS23FBA017
421314,10242014,PELTOR,H10AHV,247-H10AHV,93045981724,PELTOR OPTIME 105 H10 HI-VIZ HOPTIME 105 H10 HI-VIZ HP NRR 30 DB- Any questio,Hardware,EA,2,,27.71,55.42,D,28.82,57.64,1.11,"Department of the Air Force 
","Other, Not Listed",yes,no,no,no,no,no,no,GSA Advantage,Government SmartPay Card,Standard,0.88,85707,11520,0,0,10292014,Complete Packaging,GS23FBA017
421315,10242014,"LAGASSE BROTHERS, INC.",WIN 2240,538416,0,"96PKWHT 2PLY BATHTISSUE96 Pack, White 2 Ply Bath Tissue, Embossed, 500 Sheets",Hardware,EA,6,,61.28,367.68,D,65.49,392.94,4.21,"Department of Veterans Affairs 
","Other, Not Listed",no,no,no,no,no,no,no,GSA Advantage,Government SmartPay Card,Standard,39.2,17042,11520,0,0,10282014,Complete Packaging,GS23FBA017
421316,10242014,BASCH GEORGE CO INC,L,600973,0,"5OZ NEVR-DULL POLISHNevr-Dull, 5 OZ Wadding Polish, Will Not Scratch Delicate",Hardware,EA,10,,5.17,51.7,D,5.53,55.3,0.36,"Department of Homeland Security 
","Other, Not Listed",no,no,no,no,no,no,no,GSA Advantage,Government SmartPay Card,Standard,7.2,77642,11520,0,0,10282014,Complete Packaging,GS23FBA017
421328,10242014,AO SAFETY,82700-00000,247-82700-00000,0,TUFFMASTER W96 PROPIONATE MOLDTUFFMASTER W96 PROPIONATE MOLDED WINDOW CLEAR-,Hardware,EA,8,,5.07,40.56,D,5.42,43.36,0.35,"Department of the Air Force 
","Other, Not Listed",no,no,no,no,no,no,no,GSA Advantage,Government SmartPay Card,Standard,1,5403,11520,0,0,10292014,Complete Packaging,GS23FBA017
421348,10242014,LASKO PRODUCTS,2526,758987,0,"16"" 3 SPD PED OSC FAN16"", 3 Speed, Oscillating Pedestal Fan, Multiple Cooling",Hardware,EA,2,,33.1,66.2,D,35.82,71.64,2.72,"Department of Commerce 
","Other, Not Listed",no,no,no,no,no,no,no,GSA Advantage,Government SmartPay Card,Standard,13,20192,11520,0,0,10282014,Complete Packaging,GS23FBA017
421355,10242014,LASKO PRODUCTS,2526,758987,0,"16"" 3 SPD PED OSC FAN16"", 3 Speed, Oscillating Pedestal Fan, Multiple Cooling",Hardware,EA,1,,33.1,33.1,D,35.82,35.82,2.72,"Department of Justice 
","Other, Not Listed",no,no,no,no,no,no,no,GSA Advantage,Government SmartPay Card,Standard,13,85546,11520,0,0,10282014,Complete Packaging,GS23FBA017
421362,10242014,HOOVER COMPANY,4010075Z,463177,0,"3PK HOOVER Z VAC BAG3 Pack, Hoover, Style ""Z"" Top Fill Style Vacuum Bag, For",Hardware,EA,6,,4.2,25.2,D,4.49,26.94,0.29,"Department of the Interior 
","Other, Not Listed",no,no,no,no,no,no,no,GSA Advantage,Government SmartPay Card,Standard,4.4,29407,11520,0,0,10282014,Complete Packaging,GS23FBA017
421376,10252014,DURACELL,DURPC2400 - 72,PC2400-CASE,0,BATTERY PROCELL AAA 24/BXProcell Alkaline AAA Batteries. 72 batteries. Three,Hardware,BX,1,72,32.25,32.25,D,34.47,34.47,2.22,"Department of the Interior 
","Other, Not Listed",no,no,no,no,no,no,no,GSA Advantage,Government SmartPay Card,Standard,20,86001,11520,0,0,10292014,Complete Packaging,GS23FBA017
421376,10252014,DURACELL,PC1500-24PK,DURPC1500,0,"BATTERY,PROCELL,AA,24/BXBATTERY,PROCELL,AA, There are 24 batteries per box. T",Hardware,BX,1,24,9.39,9.39,D,12.99,12.99,3.6,"Department of the Interior 
","Other, Not Listed",yes,no,no,no,no,no,no,GSA Advantage,Government SmartPay Card,Standard,3,86001,11520,0,0,10292014,Complete Packaging,GS23FBA017
421376,10252014,DURACELL,PC1604,DURPC1604,0,"BATTERY # DURPC1604BATTERY, PROCELL,9V, 12 batteries per boxThis battery matc",Hardware,PK,1,12,20.29,20.29,D,21.69,21.69,1.4,"Department of the Interior 
","Other, Not Listed",no,no,no,no,no,no,no,GSA Advantage,Government SmartPay Card,Standard,3,86001,11520,0,0,10292014,Complete Packaging,GS23FBA017
421398,10272014,3M COMPANY,109,602003,0,"REMOVABLE POSTER TAPEWallsaver, 3/4"" x 150"", Removable Mounting/Poster Tape,",Hardware,EA,48,,5.4,259.2,D,5.77,276.96,0.37,"Department of Veterans Affairs 
","Other, Not Listed",no,no,no,no,no,no,no,GSA Advantage,Government SmartPay Card,Standard,0.6,17042,11520,0,0,10282014,Complete Packaging,GS23FBA017
421399,10272014,DURACELL,MN1400B2,DUC2R-A,0,"BATTERY,ALKLIN,C,2PK,1.5VBATTERY,ALKLIN,C,2PK,1.5V  WE STOCK ALL SIZE BATTERI",Hardware,PK,10,2,2.7,27,D,2.89,28.9,0.19,"Department of the Interior 
","Other, Not Listed",no,no,no,no,no,no,no,GSA Advantage,Government SmartPay Card,Standard,1,94123,11520,0,0,10282014,Complete Packaging,GS23FBA017
421400,10272014,COLEMAN CABLE INC,1487,713626,29892014872,"25' 14/3 OUT EXT CORD25', 14/3, SJEOW-A, Yellow, Medium Duty, Polar Solar Con",Hardware,EA,2,,20.32,40.64,D,21.99,43.98,1.67,"Department of the Army 
","Other, Not Listed",no,no,no,no,no,no,no,GSA Advantage,Government SmartPay Card,Standard,3,40516,11520,0,0,10282014,Complete Packaging,GS23FBA017
421407,10272014,"LAGASSE BROTHERS, INC.",WIN 1220-85,536287,0,"30PK HSEHLD ROLL TOWEL30 Pack, White 2 Ply Household Roll Towel, 85 Sheets Pe",Hardware,EA,1,,28.6,28.6,D,30.56,30.56,1.96,"Department of Defense (Office of th 
","Other, Not Listed",no,no,no,no,no,no,no,GSA Advantage,Government SmartPay Card,Standard,21,22060,11520,0,0,10282014,Complete Packaging,GS23FBA017
421427,10272014,DURACELL,MN2400-F,MN2400/PC2400 AAA - CASE,0,"DURACELL SIZE AAA BATTERY10L X 5W DURACELL ""AAA"" ALKALINE BATTERY, 72/CASE. S",Hardware,CT,1,72,32.25,32.25,D,34.47,34.47,2.22,"Department of Defense (Office of th 
","Other, Not Listed",no,no,no,no,no,no,no,GSA Advantage,Government SmartPay Card,Standard,1,19111,11520,0,0,10282014,Complete Packaging,GS23FBA017
421428,10272014,DURACELL,MN2400-F,MN2400/PC2400 AAA - CASE,0,"DURACELL SIZE AAA BATTERY10L X 5W DURACELL ""AAA"" ALKALINE BATTERY, 72/CASE. S",Hardware,CT,2,72,32.25,64.5,D,34.47,68.94,2.22,"Department of Veterans Affairs 
","Other, Not Listed",no,no,no,no,no,no,no,GSA Advantage,Government SmartPay Card,Standard,1,21703,11520,0,0,10282014,Complete Packaging,GS23FBA017
421430,10272014,"CLOROX COMPANY, THE",532364,532364,0,"32OZ FORMULA409 CLEANER32 OZ, Formula 409, All Purpose Cleaner, Antibacterial",Hardware,EA,10,,3.61,36.1,D,3.85,38.5,0.24,"Department of Justice 
","Other, Not Listed",no,no,no,no,no,no,no,GSA Advantage,Government SmartPay Card,Standard,29.1,14202,11520,0,0,10282014,Complete Packaging,GS23FBA017
421435,10272014,DUPONT PERSONAL PROTECTION,TY122S-025-04,437957,0,"25PK XLG COVERALL/HOODTyvek, 25 Pack, Extra Large, White, Zip Front Coverall",Hardware,EA,1,25,153.08,153.08,D,163.6,163.6,10.52,"Department of Veterans Affairs 
","Other, Not Listed",no,no,no,no,no,no,no,GSA Advantage,Government SmartPay Card,Standard,10,16602,11520,0,0,10292014,Complete Packaging,GS23FBA017
421436,10272014,DURACELL,MN1300,MN1300-B,0,D BATTERIES - MN1300Size D batteries. Duracell MN1300 - We stock all Duracell,Hardware,CT,60,,2.2,132,D,2.35,141,0.15,"Department of Veterans Affairs 
","Other, Not Listed",no,no,no,no,no,no,no,GSA Advantage,Government SmartPay Card,Standard,1,75418,11520,0,0,10282014,Complete Packaging,GS23FBA017
421453,10272014,DURACELL,MN2400-F,MN2400/PC2400 AAA - CASE,0,"DURACELL SIZE AAA BATTERY10L X 5W DURACELL ""AAA"" ALKALINE BATTERY, 72/CASE. S",Hardware,CT,1,72,32.25,32.25,D,34.47,34.47,2.22,"Department of Agriculture 
","Other, Not Listed",no,no,no,no,no,no,no,GSA Advantage,Government SmartPay Card,Standard,1,59808,11520,0,0,10292014,Complete Packaging,GS23FBA017
421454,10272014,GEORGIA PACIFIC,894-60,603-894-60,0,(6/800S) ENMOTION HIGH CAPACTI(6/800S) ENMOTION HIGH CAPACTIY TOWEL- Any ques,Hardware,CT,16,1,97.46,1559.36,D,104.16,1666.56,6.7,"Department of Veterans Affairs 
","Other, Not Listed",no,no,no,no,no,no,no,GSA Advantage,Government SmartPay Card,Standard,1,75418,11520,0,0,10292014,Complete Packaging,GS23FBA017
421461,10272014,SENORET CHEMICAL CO,300,587474,0,"6PK LIQ ANT BAIT/BORAX6 Pack, Ant Killer II Liquid Ant Bait With Borax, Pre-F",Hardware,EA,4,,7.21,28.84,D,7.71,30.84,0.5,"Department of the Interior 
","Other, Not Listed",no,no,no,no,no,no,no,GSA Advantage,Government SmartPay Card,Standard,8,92328,11520,0,0,10292014,Complete Packaging,GS23FBA017
421481,10282014,RECKITT BENCKISER,74373,467735,0,"8OZ CITRUSAIR FRESHENERWizard, 8 OZ Aerosol Spray, Sparkling Citrus Fragrance",Hardware,EA,24,,1.9,45.6,D,2.04,48.96,0.14,"Department of the Army 
","Other, Not Listed",no,no,no,no,no,no,no,GSA Advantage,Government SmartPay Card,Standard,8.8,85613,11520,0,0,10292014,Complete Packaging,GS23FBA017
421486,10282014,DURACELL,MN1500-F,MN1500/PC1500 AA - CASE,0,"DURACELL SIZE AA BATTERY14L X 7W DURACELL ""AA"" ALKALINE BATTERY, 144/CASE. SO",Hardware,CT,2,144,63.7,127.4,D,68.94,137.88,5.24,"Department of the Air Force 
","Other, Not Listed",no,no,no,no,no,no,no,GSA Advantage,Government SmartPay Card,Standard,1,74423,11520,0,0,10292014,Complete Packaging,GS23FBA017
421498,10282014,HOT SHOT PRODUCTS,ALK-DP,869479,0,"6PK STOCKPROD C BATTERY6 Pack, Stock Prod ""C"" Battery, Our Longest ""C"" Size B",Hardware,EA,48,,8.79,421.92,D,9.39,450.72,0.6,"Department of Agriculture 
","Other, Not Listed",no,no,no,no,no,no,no,GSA Advantage,Government SmartPay Card,Standard,0.9,78701,11520,0,0,10292014,Complete Packaging,GS23FBA017
421507,10282014,EVEREADY BATTERY CO,EN91-24PK,AA BATTERY - ENERGIZER,0,"AA BATTERY, [ 24 PACK]AA BATTERY EN91 24 PER PACK Industrial Alkaline Battery",Hardware,PK,4,24,9.69,38.76,D,12.8,51.2,3.11,"Department of the Army 
","Other, Not Listed",no,no,no,no,no,no,no,GSA Advantage,Government SmartPay Card,Standard,7,83705,11520,0,0,10292014,Complete Packaging,GS23FBA017
421528,10282014,FIBRE-METAL,F300,280-F300,0,"HIGH PERFORMANCE FACESHIELD W/HIGH PERFORMANCE FACESHIELD W/3"" CROWN RATCH- A",Hardware,EA,2,,14.92,29.84,D,15.94,31.88,1.02,"Department of Homeland Security 
","Other, Not Listed",no,no,no,no,no,no,no,GSA Advantage,Government SmartPay Card,Standard,0.62,98363,11520,0,0,10302014,Complete Packaging,GS23FBA017
421535,10282014,DURACELL,MN1604-H,MN1604/PC1604 9VOLT - PACK,0,"DURACELL 9-VOLT BATTERY5L X 5W  9-VOLT ALKALINE BATTERY, 12/PACK. SOLD IN PAC",Hardware,PK,3,12,20.29,60.87,D,21.69,65.07,1.4,"Department of the Interior 
","Other, Not Listed",no,no,no,no,no,no,no,GSA Advantage,Government SmartPay Card,Standard,1,78654,11520,0,0,10302014,Complete Packaging,GS23FBA017
421553,10292014,JORGENSEN,122 - NWI,018-122,0,"12200 2"" JORGENSEN BODYCLAMP122 12200 2"" BODYCLAMPAny questions or further in",Hardware,EA,2,,13.85,27.7,D,14.81,29.62,0.96,"Department of the Army 
","Other, Not Listed",no,no,no,no,no,no,no,GSA Advantage,Government SmartPay Card,Standard,1.67,43213,11520,0,0,10312014,Complete Packaging,GS23FBA017
421558,10292014,DURACELL,MN2400-F,MN2400/PC2400 AAA - CASE,0,"DURACELL SIZE AAA BATTERY10L X 5W DURACELL ""AAA"" ALKALINE BATTERY, 72/CASE. S",Hardware,CT,1,72,32.25,32.25,D,34.47,34.47,2.22,"Department of Agriculture 
","Other, Not Listed",no,no,no,no,no,no,no,GSA Advantage,Government SmartPay Card,Standard,1,66503,11520,0,0,10302014,Complete Packaging,GS23FBA017
421562,10292014,EVEREADY BATTERY CO,EN92-24PK,AAA BATTERY - ENERGIZER,0,"AAA BATTERY, [ 24 PACK]AAA BATTERY 24 PER PACK EN92 Industrial Alkaline Batte",Hardware,PK,4,24,11.93,47.72,D,12.75,51,0.82,"Department of Defense (Office of th 
","Other, Not Listed",no,no,no,no,no,no,no,GSA Advantage,Government SmartPay Card,Standard,7,11727,11520,0,0,10302014,Complete Packaging,GS23FBA017
421583,10292014,XENO,XL-050F,XL-050F-DR,0,1/2 AA LITHIUM BATTERYThis 1/2AA battery has a nominal voltage of 3.6V and a,Hardware,EA,15,,2.26,33.9,D,2.41,36.15,0.15,"Department of the Air Force 
","Other, Not Listed",no,no,no,no,no,no,no,GSA Advantage,Government SmartPay Card,Standard,1,89030,11520,0,0,10302014,Complete Packaging,GS23FBA017
421585,10292014,GILLETTE/DURACELL,DU9V1R-F,DURA 9V ALK BATTERY,0,"9 VOLT BATTERYDuracell, Size ""9V"" Alkaline Battery.Any questions or further i",Hardware,EA,11,,2.33,25.63,D,2.49,27.39,0.16,"Department of Agriculture 
","Other, Not Listed",no,no,no,no,no,no,no,GSA Advantage,Government SmartPay Card,Standard,1.46,57006,11520,0,0,10302014,Complete Packaging,GS23FBA017
421598,10292014,"CLOROX COMPANY, THE",532364,532364,0,"32OZ FORMULA409 CLEANER32 OZ, Formula 409, All Purpose Cleaner, Antibacterial",Hardware,EA,20,,3.61,72.2,D,3.85,77,0.24,"Department of Homeland Security 
","Other, Not Listed",no,no,no,no,no,no,no,GSA Advantage,Government SmartPay Card,Standard,29.1,4106,11520,0,0,10302014,Complete Packaging,GS23FBA017
421618,10292014,MASTER LOCK,3-T,470-3-T,0,2 KEYED ALIKE LOCKS CARDED2 KEYED ALIKE LOCKS CARDED- Any questions or furthe,Hardware,EA,2,,14.31,28.62,D,15.29,30.58,0.98,"Department of Justice 
","Other, Not Listed",no,no,no,no,no,no,no,GSA Advantage,Government SmartPay Card,Standard,0.42,77027,11520,0,0,10312014,Complete Packaging,GS23FBA017
421625,10292014,SCOTWOOD INDUSTRIES INC.,12J-RR,105411,0,"ROADRUNN 12LB ICE MELTRoad Runner, 12 LB, Premium Ice Melt, Blend Of Calcium",Hardware,PK,2,4,34.57,69.14,D,36.95,73.9,2.38,"Department of Veterans Affairs 
","Other, Not Listed",no,no,no,no,no,no,no,GSA Advantage,Government SmartPay Card,Standard,48,72114,11520,0,0,10312014,Complete Packaging,GS23FBA017
421626,10292014,EAR,310-1001,247-310-1001,0,PILLOW PAK PLUGPILLOW PAK PLUG- Any questions or further inquiries about this,Hardware,PK,1,200,28.29,28.29,D,30.24,30.24,1.95,"Department of the Interior 
","Other, Not Listed",no,no,no,no,no,no,no,GSA Advantage,Government SmartPay Card,Standard,2,81625,11520,0,0,10312014,Complete Packaging,GS23FBA017
421631,10292014,MOLDEX,6644,507-6644,0,SPARKPLUGS PLUGSTATION DISP PASPARKPLUGS PLUGSTATION DISP PACK (1500 PER CS)-,Hardware,PK,6,250,33.16,198.96,D,35.44,212.64,2.28,"Department of the Interior 
","Other, Not Listed",no,no,no,no,no,no,no,GSA Advantage,Government SmartPay Card,Standard,2.5,86429,11520,0,0,10312014,Complete Packaging,GS23FBA017
421671,10302014,CPSS,682-6491,682-6491-DR,0,"PAINT ROLLER COVER [COVER,PAINLength: 9""; Pile Height: 3/8"" Use on smooth woo",Hardware,EA,24,,1.22,29.28,D,1.3,31.2,0.08,"Department of the Interior 
","Other, Not Listed",no,no,no,no,no,no,no,GSA Advantage,Government SmartPay Card,Standard,1,82644,11520,0,0,10312014,Complete Packaging,GS23FBA017
421679,10302014,G E LIGHTING,18279,746542,0,"GE 2PK 45W R20FLD LIGHTGE, 45R20/TWIN, 2 Pack, 45W, 120V, R20, Flood Light, M",Hardware,EA,35,,11.81,413.35,D,12.62,441.7,0.81,"Department of the Navy 
","Other, Not Listed",no,no,no,no,no,no,no,GSA Advantage,Government SmartPay Card,Standard,0.15,23511,11520,0,0,10312014,Complete Packaging,GS23FBA017
421685,10302014,KIMBERLY-CLARK CORP,5790,276824,0,"9PK 100CT GP L40 WIPERWypall L40, 9 Pack, 100 Count, White General Purpose Wi",Hardware,EA,10,,73.15,731.5,D,78.18,781.8,5.03,"Department of Veterans Affairs 
","Other, Not Listed",no,no,no,no,no,no,no,GSA Advantage,Government SmartPay Card,Standard,17.7,29405,11520,0,0,10312014,Complete Packaging,GS23FBA017
421689,10302014,MIDWEST CAN COMPANY,5600,314641,0,"5GAL RED CARB GAS CAN5 Gallon, Red Poly Gas Can, Automatic Shut Off Spout, CA",Hardware,EA,2,,16.33,32.66,D,17.46,34.92,1.13,"Department of Defense (Office of th 
","Other, Not Listed",no,no,no,no,no,no,no,GSA Advantage,Government SmartPay Card,Standard,2.93,11549,11520,0,0,10312014,Complete Packaging,GS23FBA017
421690,10302014,AMES,SNOW SHOVEL 18,SNOW SHOVEL 18,0,"SNOW SHOVEL 18 INCHSnow shovel, 18"". Lift-rite. 14-1/2"" x 18 superlight alumi",Hardware,EA,2,,24.26,48.52,D,25.93,51.86,1.67,"Department of the Interior 
","Other, Not Listed",no,no,no,no,no,no,no,GSA Advantage,Government SmartPay Card,Standard,1,20744,11520,0,0,10312014,Complete Packaging,GS23FBA017
419091,9232014,3M OH/ESD,6300DD,142-6300DD,0,3M 6300DD HALF FACEPCE DD LRG3M HALF FACEPCE DD LRG- Any questions or further,Hardware,EA,3,,13.6,40.8,D,14.54,43.62,0.94,"Department of Homeland Security 
","Other, Not Listed",no,no,no,no,no,no,no,GSA Advantage,Government SmartPay Card,Standard,0.3,97118,11520,0,0,9282014,Complete Packaging,GS23FBA017
419091,9232014,3M OH/ESD,6100DD,142-6100DD,0,3M 6100DD HALF FACEPIECEDD SM3M HALF FACEPIECEDD SM- Any questions or further,Hardware,EA,3,,13.99,41.97,D,14.96,44.88,0.97,"Department of Homeland Security 
","Other, Not Listed",no,no,no,no,no,no,no,GSA Advantage,Government SmartPay Card,Standard,1,97118,11520,0,0,9282014,Complete Packaging,GS23FBA017
419091,9232014,3M OH/ESD,6200DD,142-6200DD,0,3M 6200DD HALF FACEPCE DD MED3M HALF FACEPCE DD MED- Any questions or further,Hardware,EA,3,,13.6,40.8,D,14.54,43.62,0.94,"Department of Homeland Security 
","Other, Not Listed",no,no,no,no,no,no,no,GSA Advantage,Government SmartPay Card,Standard,0.04,97118,11520,0,0,9282014,Complete Packaging,GS23FBA017
419091,9232014,3M OH/ESD,FT-10,142-FT-10,0,16358 FIT TEST APPARATUSKIT W/16358 FIT TEST APPARATUSKIT W/FT-11 FT-- Any qu,Hardware,KT,1,,279.54,279.54,D,298.75,298.75,19.21,"Department of Homeland Security 
","Other, Not Listed",no,no,no,no,no,no,no,GSA Advantage,Government SmartPay Card,Standard,2.81,97118,11520,0,0,9282014,Complete Packaging,GS23FBA017
419091,9232014,3M OH/ESD,6001,142-6001,0,21674 ORGANIC VAPOR CARTRIDGE21674 ORGANIC VAPOR CARTRIDGE 2/PKG 30PKG- Any q,Hardware,EA,18,,10.17,183.06,D,10.87,195.66,0.7,"Department of Homeland Security 
","Other, Not Listed",no,no,no,no,no,no,no,GSA Advantage,Government SmartPay Card,Standard,0.2,97118,11520,0,0,9282014,Complete Packaging,GS23FBA017
419113,9232014,SWIFT FIRST-AID,150935,714-150935,0,ALCOHOL ISOPROPYL 70%  16 OZALCOHOL ISOPROPYL 70% 16 OZ- Any questions or fur,Hardware,BO,10,1,2.64,26.4,D,2.82,28.2,0.18,"Department of Veterans Affairs 
","Other, Not Listed",no,no,no,no,no,no,no,GSA Advantage,Government SmartPay Card,Standard,0.9,53214,11520,0,0,9282014,Complete Packaging,GS23FBA017
419114,9232014,HUSQVARNA,965968702,965968702-DR,0,"372XPW 24"" 50GA SAW KITA true professional saw in the larger mid-size class,",Hardware,EA,6,,815,4890,D,871.01,5226.06,56.01,"Department of Agriculture 
","Other, Not Listed",no,no,no,no,no,no,no,GSA Advantage,Government SmartPay Card,Standard,15,85006,11520,0,0,9282014,Complete Packaging,GS23FBA017
419245,9242014,KABA,X-10,X-10-DR,0,HIGH SECURITY LOCKSThe X-10 was designed and developed as a direct result of,Hardware,EA,11,,1052.65,11579.15,D,1124.99,12374.89,72.34,"Department of Justice 
","Other, Not Listed",no,no,no,no,no,no,no,GSA Advantage,Government SmartPay Card,Standard,10,90012,11520,0,0,9292014,Complete Packaging,GS23FBA017
419310,9252014,EVEREADY BATTERY CO,EN91-24PK,AA BATTERY - ENERGIZER,0,"AA BATTERY, [ 24 PACK]AA BATTERY EN91 24 PER PACK Industrial Alkaline Battery",Hardware,PK,5,24,9.69,48.45,D,12.8,64,3.11,"Department of Veterans Affairs 
","Other, Not Listed",no,no,no,no,no,no,no,GSA Advantage,Government SmartPay Card,Standard,7,83702,11520,0,0,9302014,Complete Packaging,GS23FBA017
419341,9252014,TENNSCO,TNNDTS121836CMG,TNNDTS121836CMG,0,DOUBLE TIER LOCKER 3 WIDEDOUBLE TIER LOCKER 3 WIDEAny questions or further in,Hardware,EA,1,,506.45,506.45,D,541.25,541.25,34.8,"Department of Homeland Security 
","Other, Not Listed",no,no,no,no,no,no,no,GSA Advantage,Government SmartPay Card,Standard,1,29405,11520,0,0,9302014,Complete Packaging,GS23FBA017
419341,9252014,STREAMLIGHT,76413,683-76413,0,POLYSTINGER LED HAZ-LO AC - YEPOLYSTINGER LED HAZ-LO AC - YELLOW- Any questio,Hardware,EA,5,,144.49,722.45,D,154.42,772.1,9.93,"Department of Homeland Security 
","Other, Not Listed",no,no,no,no,no,no,no,GSA Advantage,Government SmartPay Card,Standard,0.84,29405,11520,0,0,9302014,Complete Packaging,GS23FBA017
419393,9252014,KIMBERLY-CLARK PROFESSIONAL,10631,417-10631,0,KLEENGUARD A10 LIGHT DUTY APPAKLEENGUARD A10 LIGHT DUTY APPAREL COVERALLS 2XL,Hardware,EA,1,,78.48,78.48,D,83.87,83.87,5.39,"Department of Homeland Security 
","Other, Not Listed",no,no,no,no,no,no,no,GSA Advantage,Government SmartPay Card,Standard,10.3,99201,11520,0,0,9302014,Complete Packaging,GS23FBA017
419464,9262014,SIERRA EMERGENCY PRODUCTS,154-3865,Sep-65,0,"COT, MILITARYFirst Response, Aluminum folding Cot,  Coated, Weather Resistant",Hardware,PK,4,6,356.48,1425.92,D,380.97,1523.88,24.49,"Department of the Army 
","Other, Not Listed",no,no,no,no,no,no,no,GSA Advantage,Government SmartPay Card,Standard,36,96338,11520,0,0,10012014,Complete Packaging,GS23FBA017
419523,9262014,HUSQVARNA,961450009,961450009-DR,0,"HU700F,D/HDAGCV160/HW/AUTOWLKThe HU700F is self-propelled and equipped with a",Hardware,EA,1,,313.6,313.6,D,335.15,335.15,21.55,"Department of the Air Force 
","Other, Not Listed",no,no,no,no,no,no,no,GSA Advantage,Government SmartPay Card,Standard,83,65305,11520,0,0,10012014,Complete Packaging,GS23FBA017
419534,9262014,CROWN MATS (LUDLOW COMPOSITES CORP),CD0035YB,284-CD0035YB,0,"#500 IND DECK PLATE 9/16"" BLK/#500 IND DECK PLATE 9/16"" BLK/YLW BORDERS 3'X5'",Hardware,EA,4,,123.19,492.76,D,131.66,526.64,8.47,"Department of Homeland Security 
","Other, Not Listed",no,no,no,no,no,no,no,GSA Advantage,Government SmartPay Card,Standard,22.5,27703,11520,0,0,10012014,Complete Packaging,GS23FBA017
419731,9292014,AMERICAN LOCK,A1107GRN-KD,045-A1107GRN-KD,0,"ALUMINUM PADLOCK GREEN BOXED 3ALUMINUM PADLOCK GREEN BOXED 3""SHACKLE S- Any q",Hardware,EA,5,,12.1,60.5,D,12.93,64.65,0.83,"Department of the Air Force 
","Other, Not Listed",no,no,no,no,no,no,no,GSA Advantage,Government SmartPay Card,Standard,0.58,78243,11520,0,0,10042014,Complete Packaging,GS23FBA017
419896,9302014,DURACELL,DURMN1400R4Z,193042-2,0,"BATTERY,ALKLN,C,1.5V,4/PKBATTERY,ALKLN,C,1.5V,4/PK Call us at 1-800-374-3978",Hardware,EA,10,,6.99,69.9,D,7.47,74.7,0.48,"Department of Agriculture 
","Other, Not Listed",no,no,no,no,no,no,no,GSA Advantage,Government SmartPay Card,Standard,1,66502,11520,0,0,10052014,Complete Packaging,GS23FBA017
419936,9302014,DURACELL,DURPC1300,PC1300,0,"BATTERY,PROCELL,IND,DPROCELL PROFESSIONAL D ALKALINE BATTERIES FOR 5 TIMES LO",Hardware,CT,2,12,17.45,34.9,D,18.65,37.3,1.2,"General Services Administration 
","Other, Not Listed",no,no,no,no,no,no,no,GSA Advantage,Government SmartPay Card,Standard,2,11201,11520,0,0,10052014,Complete Packaging,GS23FBA017
419954,9302014,GOJO,9631-24,315-9631-24,0,4OZ GREEN PURELL HAND SANITZERAmerica's #1 instant hand sanitizer; Kills 99.9,Hardware,PK,1,24,53.24,53.24,D,56.89,56.89,3.65,"Department of Homeland Security 
","Other, Not Listed",no,no,no,no,no,no,no,GSA Advantage,Government SmartPay Card,Standard,7,4106,11520,0,0,10052014,Complete Packaging,GS23FBA017
420022,9302014,MAG-LITE,SP2210H,459-SP2210H,0,2 CELL AA MINI MAGLITELED W/HO2 CELL AA MINI MAGLITELED W/HOLSTER-SILVER- Any,Hardware,EA,1,,33.43,33.43,D,35.73,35.73,2.3,"Department of Homeland Security 
","Other, Not Listed",no,no,no,no,no,no,no,GSA Advantage,Government SmartPay Card,Standard,1,33132,11520,0,0,10032014,Complete Packaging,GS23FBA017
420024,9302014,PROCTER & GAMBLE/DURACELL,PC1300,727112,0,"DURA 12PK D PRO BATTERYDuracell, 12 Pack 1.5V ""D"" Size Procell Alkaline Batte",Hardware,EA,3,,17.45,52.35,D,18.65,55.95,1.2,"Judiciary 
","Other, Not Listed",no,no,no,no,no,no,no,GSA Advantage,Government SmartPay Card,Standard,4.04,62812,11520,0,0,10052014,Complete Packaging,GS23FBA017
420024,9302014,DURACELL,PC2400BKD,243-PC2400BKD,0,AAA SIZE BATTERY ALKALINEAAA SIZE BATTERY ALKALINE- Any questions or further,Hardware,EA,6,,11.5,69,D,12.29,73.74,0.79,"Judiciary 
","Other, Not Listed",no,no,no,no,no,no,no,GSA Advantage,Government SmartPay Card,Standard,1,62812,11520,0,0,10052014,Complete Packaging,GS23FBA017
420081,9302014,LCN,LCN-4040XP,LC4040XP,0,HEAVY DUTY DOOR CLOSER REGULARLCN s most durable heavy duty closer designed f,Hardware,EA,1,,293.41,293.41,D,313.57,313.57,20.16,"Department of Homeland Security 
","Other, Not Listed",no,no,no,no,no,no,no,GSA Advantage,Government SmartPay Card,Standard,1,76574,11520,0,0,10052014,Complete Packaging,GS23FBA017
420083,9302014,DURACELL,MN1500-F,MN1500/PC1500 AA - CASE,0,"DURACELL SIZE AA BATTERY14L X 7W DURACELL ""AA"" ALKALINE BATTERY, 144/CASE. SO",Hardware,CT,1,144,63.7,63.7,D,68.94,68.94,5.24,"Department of Health and Human Serv 
","Other, Not Listed",no,no,no,no,no,no,no,GSA Advantage,Government SmartPay Card,Standard,1,20855,11520,0,0,10052014,Complete Packaging,GS23FBA017
420083,9302014,DURACELL,MN2400-F,MN2400/PC2400 AAA - CASE,0,"DURACELL SIZE AAA BATTERY10L X 5W DURACELL ""AAA"" ALKALINE BATTERY, 72/CASE. S",Hardware,CT,2,72,32.25,64.5,D,34.47,68.94,2.22,"Department of Health and Human Serv 
","Other, Not Listed",no,no,no,no,no,no,no,GSA Advantage,Government SmartPay Card,Standard,1,20855,11520,0,0,10052014,Complete Packaging,GS23FBA017
420093,9302014,CREWS,TK120,135-TK120,0,TAMAHAWK BLUE FRM CLEARLENS SATAMAHAWK BLUE FRM CLEARLENS SAFETY GLS- Any que,Hardware,EA,13,,2.07,26.91,D,2.21,28.73,0.14,"Department of the Air Force 
","Other, Not Listed",no,no,no,no,no,no,no,GSA Advantage,Government SmartPay Card,Standard,0.12,46971,11520,0,0,10032014,Complete Packaging,GS23FBA017
420093,9302014,MSA,477482,454-477482,0,LARGE WHITE V-GARD SLOTTLARGE WHITE V-GARD SLOTT- Any questions or further in,Hardware,EA,4,,18.94,75.76,D,20.24,80.96,1.3,"Department of the Air Force 
","Other, Not Listed",no,no,no,no,no,no,no,GSA Advantage,Government SmartPay Card,Standard,0.93,46971,11520,0,0,10032014,Complete Packaging,GS23FBA017
420099,9302014,EVEREADY BATTERY CO,EN92-24PK,AAA BATTERY - ENERGIZER,0,"AAA BATTERY, [ 24 PACK]AAA BATTERY 24 PER PACK EN92 Industrial Alkaline Batte",Hardware,PK,4,24,11.93,47.72,D,12.75,51,0.82,"Department of the Air Force 
","Other, Not Listed",no,no,no,no,no,no,no,GSA Advantage,Government SmartPay Card,Standard,7,32544,11520,0,0,10052014,Complete Packaging,GS23FBA017
420116,9302014,EVEREADY BATTERY CO,EN92-24PK,AAA BATTERY - ENERGIZER,0,"AAA BATTERY, [ 24 PACK]AAA BATTERY 24 PER PACK EN92 Industrial Alkaline Batte",Hardware,PK,3,24,11.93,35.79,D,12.75,38.25,0.82,"Department of the Air Force 
","Other, Not Listed",no,no,no,no,no,no,no,GSA Advantage,Government SmartPay Card,Standard,7,92518,11520,0,0,10052014,Complete Packaging,GS23FBA017
420130,10012014,DURACELL,MN2400-C,AAA BATTERY - DURA,0,"AAA BATTERY, [24 PACK]AA BATTERY, MN2400, 24 PER PACK Battery, ""AAA""Any quest",Hardware,PK,3,24,11.5,34.5,D,12.29,36.87,0.79,"Department of the Air Force 
","Other, Not Listed",no,no,no,no,no,no,no,GSA Advantage,Government SmartPay Card,Standard,9,73705,11520,0,0,10062014,Complete Packaging,GS23FBA017
420139,10012014,KABA,CDX-10 NDRP,CDX-10 NDRP-DR,0,HIGH SECURITY LOCK W/NON DRILLThe Kaba Mas CDX-10 consists of an X-10 high se,Hardware,EA,2,,1402.5,2805,D,1498.89,2997.78,96.39,"Department of the Air Force 
","Other, Not Listed",no,no,no,no,no,no,no,GSA Advantage,Government SmartPay Card,Standard,10,87117,11520,0,0,10062014,Complete Packaging,GS23FBA017
420190,10012014,"CLOROX COMPANY, THE",31,589457,0,"24OZCLOROX BOWL CLEANERCommercial Solutions, 24 OZ Clorox Toilet Bowl Cleaner",Hardware,PK,1,12,47.44,47.44,D,50.7,50.7,3.26,"Department of the Interior 
","Other, Not Listed",no,no,no,no,no,no,no,GSA Advantage,Government SmartPay Card,Standard,22,59919,11520,0,0,10032014,Complete Packaging,GS23FBA017
420200,10012014,PROCTER & GAMBLE,23121,113437,0,"32OZMRCLEAN MS CLEANER32 OZ, Mr. Clean Home Pro Multi Surface Spray With Febr",Hardware,PK,2,12,48.48,96.96,D,51.81,103.62,3.33,"Department of Agriculture 
","Other, Not Listed",no,no,no,no,no,no,no,GSA Advantage,Government SmartPay Card,Standard,28.33,59639,11520,0,0,10032014,Complete Packaging,GS23FBA017
420202,10012014,MEMPHIS GLOVE,9636LM,127-9636LM,0,LARGE COTTON/POLYESTER NATURALLARGE COTTON/POLYESTER NATURAL STRING KNIT GLOV,Hardware,PK,6,12,3.86,23.16,D,4.12,24.72,0.26,"Department of Agriculture 
","Other, Not Listed",no,no,no,no,no,no,no,GSA Advantage,Government SmartPay Card,Standard,2.28,71639,11520,0,0,10032014,Complete Packaging,GS23FBA017
420222,10012014,DURACELL,MN2400-C,AAA BATTERY - DURA,0,"AAA BATTERY, [24 PACK]AA BATTERY, MN2400, 24 PER PACK Battery, ""AAA""Any quest",Hardware,PK,3,24,11.5,34.5,D,12.29,36.87,0.79,"Department of the Interior 
","Other, Not Listed",no,no,no,no,no,no,no,GSA Advantage,Government SmartPay Card,Standard,9,19406,11520,0,0,10032014,Complete Packaging,GS23FBA017
420258,10022014,ARROW FASTENER,T50VP,439692,0,STAPLE GUN KITStaple Gun Kit Multi Purpose Contains 1 T50 Tacker 1 Box T50 5/,Hardware,EA,1,,46.3,46.3,D,49.48,49.48,3.18,"Corps of Engineers, Civil 
","Other, Not Listed",no,no,no,no,no,no,no,GSA Advantage,Government SmartPay Card,Standard,37,47620,11520,0,0,10032014,Complete Packaging,GS23FBA017
420259,10022014,3M COMPANY,810,388199,0,"1/2""X36YDS TRANS TAPEScotch, 1/2"" x 36 Yards, Magic Transparent Tape, Bulk.An",Hardware,EA,30,,2.4,72,D,2.56,76.8,0.16,"Department of Agriculture 
","Other, Not Listed",no,no,no,no,no,no,no,GSA Advantage,Government SmartPay Card,Standard,0.96,37620,11520,0,0,10032014,Complete Packaging,GS23FBA017
420267,10022014,EAR,318-1000,247-318-1000,0,PUSH-INS UNCORDER EAR PLUGS NRPUSH-INS UNCORDER PLUGS NRR28- Any questions or,Hardware,PR,1,,31.83,31.83,D,34.02,34.02,2.19,"Department of the Interior 
","Other, Not Listed",no,no,no,no,no,no,no,GSA Advantage,Government SmartPay Card,Standard,0.01,83805,11520,0,0,10072014,Complete Packaging,GS23FBA017
420290,10022014,3M COMPANY,810,388199,0,"1/2""X36YDS TRANS TAPEScotch, 1/2"" x 36 Yards, Magic Transparent Tape, Bulk.An",Hardware,EA,11,,2.4,26.4,D,2.56,28.16,0.16,"Department of Agriculture 
","Other, Not Listed",no,no,no,no,no,no,no,GSA Advantage,Government SmartPay Card,Standard,0.96,83706,11520,0,0,10062014,Complete Packaging,GS23FBA017
420334,10032014,PROCTER & GAMBLE,50976,148680,0,"66CT OCEAN MIS TIDE POD66 Count, Ocean Mist Scent, Tide Pod Laundry Detergent",Hardware,EA,4,,28.87,115.48,D,30.85,123.4,1.98,"Department of Veterans Affairs 
","Other, Not Listed",no,no,no,no,no,no,no,GSA Advantage,Government SmartPay Card,Standard,4.6,99362,11520,0,0,10072014,Complete Packaging,GS23FBA017
420346,10062014,DURACELL,PC1500-24PK,DURPC1500,0,"BATTERY,PROCELL,AA,24/BXBATTERY,PROCELL,AA, There are 24 batteries per box. T",Hardware,BX,4,24,9.39,37.56,D,12.99,51.96,3.6,"Department of Homeland Security 
","Other, Not Listed",yes,no,no,no,no,no,no,GSA Advantage,Government SmartPay Card,Standard,3,33050,11520,0,0,10072014,Complete Packaging,GS23FBA017
420352,10062014,"ROBERTS/Q.E.P. CO., INC.",20836,848673,0,"GROUT & TILE BRUSHGrout & Tile Brush, Thick Durable Nylon Bristles Clean In C",Hardware,PG,12,1,5.34,64.08,D,5.7,68.4,0.36,"Department of Veterans Affairs 
","Other, Not Listed",no,no,no,no,no,no,no,GSA Advantage,Government SmartPay Card,Standard,0.03,75418,11520,0,0,10072014,Complete Packaging,GS23FBA017
420357,10062014,3M COMPANY,17615B,117674,0,"COMMAND 6CT REPL STRIPCommand, 6 Count, Water Resistant Replacement Strip, In",Hardware,PK,8,4,21.63,173.04,D,23.12,184.96,1.49,"Corps of Engineers, Civil 
","Other, Not Listed",no,no,no,no,no,no,no,GSA Advantage,Government SmartPay Card,Standard,0.1,39180,11520,0,0,10072014,Complete Packaging,GS23FBA017
420362,10062014,MSA,475359,454-475359,0,BLUE V-GARD SLOTTED HARDBLUE V-GARD SLOTTED HARD- Any questions or further in,Hardware,EA,3,,14.2,42.6,D,15.17,45.51,0.97,"Department of Veterans Affairs 
","Other, Not Listed",no,no,no,no,no,no,no,GSA Advantage,Government SmartPay Card,Standard,0.86,15240,11520,0,0,10082014,Complete Packaging,GS23FBA017
420363,10062014,SPERIAN,S0300,763-S0300,0,"UVEX BY SPERIAN S0300Coated 100% polycarbonate wrap around unilens design,. C",Hardware,EA,12,,3.35,40.2,D,3.58,42.96,0.23,"Department of Labor 
","Other, Not Listed",no,no,no,no,no,no,no,GSA Advantage,Government SmartPay Card,Standard,0.25,42431,11520,0,0,10112014,Complete Packaging,GS23FBA017
420384,10062014,GEORGIA PACIFIC,47046,603-47046,0,(20/CS) SEAT COVERS SAFE-T-GAR(20/CS) SEAT COVERS SAFE-T-GARD 1/2 FOLD- Any q,Hardware,CT,1,1,83.02,83.02,D,88.72,88.72,5.7,"Department of the Air Force 
","Other, Not Listed",no,no,no,no,no,no,no,GSA Advantage,Government SmartPay Card,Standard,1,31699,11520,0,0,10082014,Complete Packaging,GS23FBA017
420415,10072014,DURACELL,DU9V1R-A,9V BATTERY DURACELL - MN1604,0,9V BATTERY9V Duracell Batteries - MN1604. We stock all Duracell batteries & a,Hardware,EA,28,,2.33,65.24,D,2.49,69.72,0.16,"Department of the Interior 
","Other, Not Listed",no,no,no,no,no,no,no,GSA Advantage,Government SmartPay Card,Standard,1,58560,11520,0,0,10082014,Complete Packaging,GS23FBA017
420418,10072014,HUSKY RACK AND WIRE,IBX43096,IBX43096-DR,0,4.5 X 96 INVINCIBLE BEAMS4.5 x 96 Invincible Beams6111 CapacityPallet Rack St,Hardware,EA,1,,38.6,38.6,D,41.26,41.26,2.66,"Department of Homeland Security 
","Other, Not Listed",no,no,no,no,no,no,no,GSA Advantage,Government SmartPay Card,Standard,23.66,49660,11520,0,0,10122014,Complete Packaging,GS23FBA017
