Ord_Num,Ord_Date,Mfr_Name,Mfr_Part_No,Contractor_Part_No,UPC-A,Prod_Descr,Subcategory ,UOI,Qty,Items_Sold,BPA_Price,BPA_Ext_Price,Dbt_Crt_Ind,MAS_Price,MAS_Ext_Price,Disc_ Amt,Cust_Agency,Sub_Agency,Mkt_Basket_Flag,AbilityOne_Flag,Berry_Amend_Flag,CPG_Ind,BioPreferred_Ind,ENERGYSTAR_Ind,WaterSense_Ind,Sales_Ch,Pay_Method,Dlvry_Method,Ship_Wt,To_Zip_Code,From_Zip_Code,Frgt_Charge,Suppl_Fee,Fulfill_Date,Contr_Name,Contr_No
4386,9/19/2014,JET,708411,825-708411,000000000000,JOVS-10 OSCILLATIN VERTICAL SPINDLE SANDER 1-HP PRICE IS FOR 1 EA,Hardware,EA,1.00,1,"1,574.89","1,574.89",D,1852.81,"1,852.81",15%,Office of the Secretary of Defense,Defense Logistics Agency,No,No,No,No,No,No,No,DoD EMALL,EFT,Standard,1,80011,,0.00,0.00,09/23/2014,MJL Enterprises,GS23FBA007
4391,9/19/2014,GREENLEE,5880,332-5880,000000000000,MEGOHMMETER 500V DIG/ANA PRICE IS FOR 1 EA,Hardware,EA,1.00,1,763.42,763.42,D,898.15,898.15,15%,Office of the Secretary of Defense,Defense Logistics Agency,No,No,No,No,No,No,No,DoD EMALL,EFT,Standard,1,23511,,0.00,0.00,09/30/2014,MJL Enterprises,GS23FBA007
4565,10/22/2014,COLEMAN CABLE,8666,172-08666,000000000000,BOOSTER CABLE- 16'500 AMP INSULATED PRICE IS FOR 1 EA,Hardware,EA,1.00,1,39.60,39.60,D,46.59,46.59,15%,Department of Agriculture,Natural Resources Conservation Service,No,No,No,No,No,No,No,GSA Advantage,Government SmartPay Card,Standard,1,32621,,0.00,0.00,10/23/2014,MJL Enterprises,GS23FBA007
4394,9/19/2014,BAND-IT,C12899,080-C12899,000000000000,"1/2"" SS VALUSTRAPEDP#13128 2 PRICE IS FOR 1 ROL",Hardware,EA,1.00,1,85.26,85.26,D,100.31,100.31,15%,Department of the Air Force,,No,No,No,No,No,No,No,GSA Advantage,Government SmartPay Card,Standard,1,88330,,0.00,0.00,10/17/2014,MJL Enterprises,GS23FBA007
4411,9/23/2014,COLEMAN CABLE,8665,172-08665,000000000000,12' 4-GAUGE 500 AMP REDBOOSTER CABLES W/ N PRICE IS FOR 1 EA,Hardware,EA,1.00,1,37.30,37.30,D,43.88,43.88,15%,Department of Agriculture,,No,No,No,No,No,No,No,GSA Advantage,Government SmartPay Card,Standard,1,59538,,0.00,0.00,09/24/2014,MJL Enterprises,GS23FBA007
4427,9/25/2014,RAYOVAC,ALAA-48,620-ALAA-48,000000000000,AA ALKALINA BATTERY RECLOSALBE 48-PACK PRICE IS FOR 48EA/PK,Hardware,EA,1.00,48,16.57,16.57,D,19.49,19.49,15%,Department of Agriculture,,No,No,No,No,No,No,No,GSA Advantage,Government SmartPay Card,Standard,1,83404,,0.00,0.00,09/30/2014,MJL Enterprises,GS23FBA007
4427,9/25/2014,RAYOVAC,ALAAA-24,620-ALAAA-24,000000000000,ALK AAA CONTRACTOR PRICE IS FOR 24EA/PK,Hardware,EA,1.00,24,8.95,8.95,D,10.53,10.53,15%,Department of Agriculture,,No,No,No,No,No,No,No,GSA Advantage,Government SmartPay Card,Standard,1,83404,,0.00,0.00,09/30/2014,MJL Enterprises,GS23FBA007
4433,9/25/2014,KIMBERLY-CLARK PROFESSIONAL,12227,138-12227,000000000000,A10 LIGHT DUTY COVERALLS- 3X PRICE IS FOR 25EA/CA,Hardware,EA,1.00,25,60.16,60.16,D,70.77,70.77,15%,Department of Homeland Security,Immigration and Customs Enforcement,No,No,No,No,No,No,No,GSA Advantage,Government SmartPay Card,Standard,1,99201,,0.00,0.00,09/26/2014,MJL Enterprises,GS23FBA007
4439,9/26/2014,COLEMAN CABLE,1687,172-01687,000000000000,25' POLAR SOLAR PLUS EXTENSION CORD-12/3SJ PRICE IS FOR 1 EA,Hardware,EA,1.00,1,28.21,28.21,D,33.18,33.18,15%,Department of the Air Force,,No,No,No,No,No,No,No,GSA Advantage,Government SmartPay Card,Standard,1,32925,,0.00,0.00,09/29/2014,MJL Enterprises,GS23FBA007
4443,9/26/2014,SWIFT FIRST-AID,346200,714-346200,000000000000,EMERG. MEDICAL KIT #2 SWIFT PRICE IS FOR 1 EA,Hardware,EA,1.00,1,99.30,99.30,D,116.83,116.83,15%,Department of Homeland Security,,No,No,No,No,No,No,No,GSA Advantage,Government SmartPay Card,Standard,1,02886,,0.00,0.00,09/29/2014,MJL Enterprises,GS23FBA007
4471,9/30/2014,COLEMAN CABLE,1288,172-01288,000000000000,16/3 50' SJEOW POLAR/SOLAR EXTENSION CORD PRICE IS FOR 1 EA,Hardware,EA,1.00,1,25.53,25.53,D,30.03,30.03,15%,Department of the Air Force,,No,No,No,No,No,No,No,GSA Advantage,Government SmartPay Card,Standard,1,31098,,0.00,0.00,10/01/2014,MJL Enterprises,GS23FBA007
4474,9/30/2014,EAGLE MFG,U2-51-SY,258-U2-51-SY,000000000000,"YELLOW TYPE II 5 GALLONSAFETY CAN W/12"" FLEX SP PRICE IS FOR 1 CAN",Hardware,EA,1.00,1,84.31,84.31,D,99.19,99.19,15%,Department of the Army,,No,No,No,No,No,No,No,GSA Advantage,Government SmartPay Card,Standard,1,46750,,0.00,0.00,10/01/2014,MJL Enterprises,GS23FBA007
4509,10/7/2014,COLEMAN CABLE,8660,172-08660,000000000000,20' 4 GAUGE 500 AMP BLACK AUTO BOOSTER CABLES PRICE IS FOR 1 EA,Hardware,EA,1.00,1,39.60,39.60,D,50.22,50.22,21%,National Archives and Records Administrat,,No,No,No,No,No,No,No,GSA Advantage,Government SmartPay Card,Standard,1,66219,,0.00,0.00,10/08/2014,MJL Enterprises,GS23FBA007
4408,9/23/2014,KLEIN TOOLS,56008,409-56008,000000000000,"240' STAINLESS STEEL FISH TAPE- 1/8"" WIDE PRICE IS FOR 1 EA",Paint,EA,1.00,1,100.12,100.12,D,117.78,117.78,15%,Office of the Secretary of Defense,,No,No,No,No,No,No,No,GSA Advantage,Government SmartPay Card,Standard,1,21702,,0.00,0.00,10/09/2014,MJL Enterprises,GS23FBA007
4440,9/26/2014,C.H. HANSON,10148,337-10148,000000000000,"1"" 92PC LETTER & NUMBERSET PRICE IS FOR 1 SET",Paint,EA,1.00,1,50.26,50.26,D,59.13,59.13,15%,Department of the Air Force,,No,No,No,No,No,No,No,GSA Advantage,Government SmartPay Card,Standard,1,87117,,0.00,0.00,10/09/2014,MJL Enterprises,GS23FBA007
4481,9/30/2014,JACKSON SAFETY,36330,138-36330,000000000000,WELD CURTAIN ROLL 6FTX75 PRICE IS FOR 1 EA,Hardware,EA,1.00,1,272.51,272.51,D,320.6,320.60,15%,Department of the Air Force,,No,No,No,No,No,No,No,Phone,Government SmartPay Card,Standard,1,78243,,0.00,0.00,10/17/2014,MJL Enterprises,GS23FBA007
4487,9/30/2014,COLEMAN CABLE,1688,172-01688,000000000000,50' YEL POLAR/SOLAR PLUSEXT. CORD 12/3 SJEOW- PRICE IS FOR 1 EA,Hardware,EA,2.00,1,46.03,92.06,D,54.16,108.32,15%,Office of the Secretary of Defense,Defense Logistics Agency,No,No,No,No,No,No,No,DoD EMALL,EFT,Standard,1,23511,,0.00,0.00,10/01/2014,MJL Enterprises,GS23FBA007
4547,10/16/2014,RAYOVAC,ALAA-48,620-ALAA-48,000000000000,AA ALKALINA BATTERY RECLOSALBE 48-PACK PRICE IS FOR 48EA/PK,Hardware,EA,2.00,48,16.57,33.14,D,19.49,38.98,15%,Department of the Interior,Bureau of Reclamation,No,No,No,No,No,No,No,GSA Advantage,Government SmartPay Card,Standard,1,81303,,0.00,0.00,10/17/2014,MJL Enterprises,GS23FBA007
4560,10/22/2014,ANCHOR BRAND,AB-26,102-AB-26,000000000000,ANCHOR ACID BRUSH GR/144 PRICE IS FOR 144EA/GR,Hardware,EA,2.00,144,17.10,34.20,D,20.11,40.22,15%,Department of Commerce,National Oceanic Atmospheric Administration,No,No,No,No,No,No,No,GSA Advantage,Government SmartPay Card,Standard,1,64131,,0.00,0.00,10/23/2014,MJL Enterprises,GS23FBA007
4568,10/23/2014,COLEMAN CABLE,8666,172-08666,000000000000,BOOSTER CABLE- 16'500 AMP INSULATED PRICE IS FOR 1 EA,Hardware,EA,2.00,1,39.60,79.20,D,46.59,93.18,15%,Department of Agriculture,,No,No,No,No,No,No,No,GSA Advantage,Government SmartPay Card,Standard,1,32025,,0.00,0.00,10/24/2014,MJL Enterprises,GS23FBA007
4371,9/17/2014,3M OH/ESD,FT-31,142-FT-31,000000000000,SENSITIVITY SOLUTION PRICE IS FOR 1 BTL,Hardware,EA,2.00,1,15.95,31.90,D,18.77,37.54,15%,Department of Homeland Security,"DHS, Customs and Border Protection",No,No,No,No,No,No,No,GSA Advantage,Government SmartPay Card,Standard,1,59917,,0.00,0.00,09/19/2014,MJL Enterprises,GS23FBA007
4371,9/17/2014,3M OH/ESD,FT-32,142-FT-32,000000000000,FIT TEST SOLUTION PRICE IS FOR 1 BTL,Hardware,EA,2.00,1,15.95,31.90,D,18.77,37.54,15%,Department of Homeland Security,"DHS, Customs and Border Protection",No,No,No,No,No,No,No,GSA Advantage,Government SmartPay Card,Standard,1,59917,,0.00,0.00,09/19/2014,MJL Enterprises,GS23FBA007
4371,9/17/2014,3M OH/ESD,FT-11,142-FT-11,000000000000,55ML SENSITIVITY SOLUTION PRICE IS FOR 1 BTL,Hardware,EA,2.00,1,15.95,31.90,D,18.77,37.54,15%,Department of Homeland Security,"DHS, Customs and Border Protection",No,No,No,No,No,No,No,GSA Advantage,Government SmartPay Card,Standard,1,59917,,0.00,0.00,09/19/2014,MJL Enterprises,GS23FBA007
4371,9/17/2014,3M OH/ESD,FT-12,142-FT-12,000000000000,55ML FIT TEST SOLUTION PRICE IS FOR 1 BTL,Hardware,EA,2.00,1,15.95,31.90,D,18.77,37.54,15%,Department of Homeland Security,"DHS, Customs and Border Protection",No,No,No,No,No,No,No,GSA Advantage,Government SmartPay Card,Standard,1,59917,,0.00,0.00,09/19/2014,MJL Enterprises,GS23FBA007
4412,9/23/2014,IRWIN,372818B,585-372818B,000000000000,"IRWIN 8"" RECIPROCATING SAW BLADE 18 TPI (25 PACK PRICE IS FOR 25EA/PKG",Hardware,EA,2.00,25,39.70,79.40,D,46.71,93.42,15%,Department of Homeland Security,"DHS, Customs and Border Protection",No,No,No,No,No,No,No,GSA Advantage,Government SmartPay Card,Standard,1,85365,,0.00,0.00,09/24/2014,MJL Enterprises,GS23FBA007
4433,9/25/2014,RAYOVAC,ALAAA-24,620-ALAAA-24,000000000000,ALK AAA CONTRACTOR PRICE IS FOR 24EA/PK,Hardware,EA,2.00,24,8.95,17.90,D,10.53,21.06,15%,Department of Homeland Security,Immigration and Customs Enforcement,No,No,No,No,No,No,No,GSA Advantage,Government SmartPay Card,Standard,1,99201,,0.00,0.00,09/26/2014,MJL Enterprises,GS23FBA007
4433,9/25/2014,RAYOVAC,ALAA-48,620-ALAA-48,000000000000,AA ALKALINA BATTERY RECLOSALBE 48-PACK PRICE IS FOR 48EA/PK,Hardware,EA,2.00,48,16.57,33.14,D,19.49,38.98,15%,Department of Homeland Security,Immigration and Customs Enforcement,No,No,No,No,No,No,No,GSA Advantage,Government SmartPay Card,Standard,1,99201,,0.00,0.00,09/26/2014,MJL Enterprises,GS23FBA007
4489,9/30/2014,RAYOVAC,ALAAA-24,620-ALAAA-24,000000000000,ALK AAA CONTRACTOR PRICE IS FOR 24EA/PK,Hardware,EA,2.00,24,8.95,17.90,D,10.53,21.06,15%,Social Security Administration,,No,No,No,No,No,No,No,GSA Advantage,Government SmartPay Card,Standard,1,21235,,0.00,0.00,10/09/2014,MJL Enterprises,GS23FBA007
4489,9/30/2014,RAYOVAC,ALAA-48,620-ALAA-48,000000000000,AA ALKALINA BATTERY RECLOSALBE 48-PACK PRICE IS FOR 48EA/PK,Hardware,EA,2.00,48,16.57,33.14,D,19.49,38.98,15%,Social Security Administration,,No,No,No,No,No,No,No,GSA Advantage,Government SmartPay Card,Standard,1,21235,,0.00,0.00,10/09/2014,MJL Enterprises,GS23FBA007
4478,9/30/2014,COLEMAN CABLE,02549USA1,172-02549USA1,000000000000,12/3 100' SJTW RED- WHITE & BLUE MADE IN USA COR PRICE IS FOR 1 EA,Hardware,EA,2.00,1,71.00,142.00,D,83.52,167.04,15%,Department of Homeland Security,,No,No,No,No,No,No,No,GSA Advantage,Government SmartPay Card,Standard,1,85607,,0.00,0.00,10/01/2014,MJL Enterprises,GS23FBA007
4479,9/30/2014,3M OH/ESD,FT-32,142-FT-32,000000000000,FIT TEST SOLUTION PRICE IS FOR 1 BTL,Hardware,EA,2.00,1,15.95,31.90,D,18.77,37.54,15%,Office of the Secretary of Defense,,No,No,No,No,No,No,No,GSA Advantage,Government SmartPay Card,Standard,1,95304,,0.00,0.00,10/01/2014,MJL Enterprises,GS23FBA007
4498,9/30/2014,JUSTRITE,9100,400-09100,000000000000,6 GALLON OILY WASTE CANW/LEVER PRICE IS FOR 1 EA,Hardware,EA,2.00,1,53.08,106.16,D,62.44,124.88,15%,Department of Homeland Security,Immigration and Customs Enforcement,No,No,No,No,No,No,No,GSA Advantage,Government SmartPay Card,Standard,1,93012,,0.00,0.00,10/02/2014,MJL Enterprises,GS23FBA007
4447,9/26/2014,KIMBERLY-CLARK PROFESSIONAL,21606,412-21606,000000000000,CASE/48PKS KLEENEX FACIAL TISSUE PRICE IS FOR 1 CA,Hardware,EA,3.00,1,83.12,249.36,D,97.79,293.37,15%,Office of the Secretary of Defense,Defense Logistics Agency,No,No,No,No,No,No,No,DoD EMALL,EFT,Standard,1,32228,,0.00,0.00,09/29/2014,MJL Enterprises,GS23FBA007
4545,10/16/2014,COLEMAN CABLE,1789,172-01789,000000000000,100' YEL POLAR/SOLAR PLUS EXY. CORD 10/3 SJEOW- PRICE IS FOR 1 EA,Hardware,EA,3.00,1,145.39,436.17,D,171.05,513.15,15%,Office of the Secretary of Defense,,No,No,No,No,No,No,No,GSA Advantage,Government SmartPay Card,Standard,1,63010,,0.00,0.00,10/17/2014,MJL Enterprises,GS23FBA007
4406,9/23/2014,MEMPHIS GLOVE,9350S,127-9350S,000000000000,DUAL SS CUT RESISTANT GLOVE SMALL W/NYLON WRA PRICE IS FOR 1 EA,Hardware,EA,3.00,1,9.52,28.56,D,11.2,33.60,15%,Office of the Secretary of Defense,,No,No,No,No,No,No,No,GSA Advantage,Government SmartPay Card,Standard,1,76311,,0.00,0.00,10/17/2014,MJL Enterprises,GS23FBA007
4425,9/24/2014,RAYOVAC,ALAAA-24,620-ALAAA-24,000000000000,ALK AAA CONTRACTOR PRICE IS FOR 24EA/PK,Hardware,EA,3.00,24,8.95,26.85,D,10.53,31.59,15%,Social Security Administration,,No,No,No,No,No,No,No,GSA Advantage,Government SmartPay Card,Standard,1,15222,,0.00,0.00,09/30/2014,MJL Enterprises,GS23FBA007
4444,9/26/2014,RAYOVAC,ALAAA-24,620-ALAAA-24,000000000000,ALK AAA CONTRACTOR PRICE IS FOR 24EA/PK,Hardware,EA,3.00,24,8.95,26.85,D,10.53,31.59,15%,Department of Homeland Security,,No,No,No,No,No,No,No,GSA Advantage,Government SmartPay Card,Standard,1,33130,,0.00,0.00,09/29/2014,MJL Enterprises,GS23FBA007
4462,9/29/2014,RAYOVAC,ALAAA-24,620-ALAAA-24,000000000000,ALK AAA CONTRACTOR PRICE IS FOR 24EA/PK,Hardware,EA,3.00,24,8.95,26.85,D,10.53,31.59,15%,Department of Agriculture,Animal and Plant Health Inspection Service (APHIS),No,No,No,No,No,No,No,GSA Advantage,Government SmartPay Card,Standard,1,78521,,0.00,0.00,10/01/2014,MJL Enterprises,GS23FBA007
4495,9/30/2014,COLEMAN CABLE,2457,172-02457,000000000000,25' 14/3 STW ORANGE EXTENSION CORD 600V PRICE IS FOR 1 EA,Hardware,EA,3.00,1,29.15,87.45,D,34.3,102.90,15%,Department of Homeland Security,Immigration and Customs Enforcement,No,No,No,No,No,No,No,GSA Advantage,Government SmartPay Card,Standard,1,98168,,0.00,0.00,10/02/2014,MJL Enterprises,GS23FBA007
4496,9/30/2014,RAYOVAC,ALAAA-24,620-ALAAA-24,000000000000,ALK AAA CONTRACTOR PRICE IS FOR 24EA/PK,Hardware,EA,3.00,24,8.95,26.85,D,10.53,31.59,15%,Department of the Air Force,,No,No,No,No,No,No,No,GSA Advantage,Government SmartPay Card,Standard,1,95903,,0.00,0.00,10/01/2014,MJL Enterprises,GS23FBA007
4491,10/1/2014,3M OH/ESD,8200,142-8200,000000000000,3M PARTICULATE RESPIRATOR 8200 N95 PRICE IS FOR 20EA/BX,Hardware,EA,3.00,20,9.41,28.23,D,11.07,33.21,15%,Department of Homeland Security,Immigration and Customs Enforcement,No,No,No,No,No,No,No,GSA Advantage,Government SmartPay Card,Standard,1,92101,,0.00,0.00,10/14/2014,MJL Enterprises,GS23FBA007
4215,8/24/2014,COLEMAN CABLE,2457,172-02457,000000000000,25' 14/3 STW ORANGE EXTENSION CORD 600V PRICE IS FOR 1 EA,Hardware,EA,4.00,1,29.15,116.60,D,34.3,137.20,15%,Office of the Secretary of Defense,Defense Logistics Agency,No,No,No,No,No,No,No,DoD EMALL,EFT,Standard,1,32542,,0.00,0.00,09/30/2014,MJL Enterprises,GS23FBA007
4549,10/16/2014,RAYOVAC,ALD-12,620-ALD-12,000000000000,D ALKALINA BATTERY RECLOSABLE 12-PACK PRICE IS FOR 12EA/PK,Hardware,EA,4.00,12,11.62,46.48,D,13.67,54.68,15%,Department of Agriculture,Forest Service,No,No,No,No,No,No,No,GSA Advantage,Government SmartPay Card,Standard,1,59808,,0.00,0.00,10/19/2014,MJL Enterprises,GS23FBA007
4284,9/5/2014,IRWIN,80181,585-80181,000000000000,60 PIECE DRILL BIT SET PRICE IS FOR 1 SET,Hardware,EA,4.00,1,60.52,242.08,D,71.19,284.76,15%,Department of the Interior,National Park Service,No,No,No,No,No,No,No,GSA Advantage,Government SmartPay Card,Standard,1,97523,,0.00,0.00,10/07/2014,MJL Enterprises,GS23FBA007
4316,9/10/2014,GOJO,5161-D2,315-5161-D2,000000000000,GOJO LUXURY FMX FOAM SOAP STARTER KIT PRICE IS FOR 1 EA,Hardware,EA,4.00,1,34.84,139.36,D,40.99,163.96,15%,Department of the Interior,Bureau of Reclamation,No,No,No,No,No,No,No,GSA Advantage,Government SmartPay Card,Standard,1,87419,,0.00,0.00,09/30/2014,MJL Enterprises,GS23FBA007
4500,9/30/2014,JACKSON SAFETY,14414,138-14414,000000000000,CAP SENTRY GRN 6-RCHT  3000070 PRICE IS FOR 12EA/CA,Hardware,EA,4.00,12,129.15,516.60,D,151.94,607.76,15%,Department of Agriculture,Forest Service,No,No,No,No,No,No,No,GSA Advantage,Government SmartPay Card,Standard,1,98952,,0.00,0.00,10/03/2014,MJL Enterprises,GS23FBA007
4510,10/7/2014,RAYOVAC,ALAAA-24,620-ALAAA-24,000000000000,ALK AAA CONTRACTOR PRICE IS FOR 24EA/PK,Hardware,EA,4.00,24,8.95,35.80,D,10.53,42.12,15%,Department of Agriculture,,No,No,No,No,No,No,No,GSA Advantage,Government SmartPay Card,Standard,1,71302,,0.00,0.00,10/16/2014,MJL Enterprises,GS23FBA007
4533,10/9/2014,RAYOVAC,ALAAA-24,620-ALAAA-24,000000000000,ALK AAA CONTRACTOR PRICE IS FOR 24EA/PK,Hardware,EA,4.00,24,8.95,35.80,D,10.53,42.12,15%,Department of the Army,,No,No,No,No,No,No,No,GSA Advantage,Government SmartPay Card,Standard,1,09751,,0.00,0.00,10/14/2014,MJL Enterprises,GS23FBA007
4567,10/23/2014,CREWS,K3H15,135-K3H15,000000000000,K3H MAGNIFIER 1.5 DIOPTER CLEAR LENS PRICE IS FOR 1 EA,Hardware,EA,5.00,1,7.19,35.95,D,8.46,42.30,15%,Department of Labor,,No,No,No,No,No,No,No,GSA Advantage,Government SmartPay Card,Standard,1,65401,,0.00,0.00,10/23/2014,MJL Enterprises,GS23FBA007
4567,10/23/2014,SPERIAN RESPIRATORY PROTECTION,A960,812-A960,000000000000,A900 SERIES READER MAGNIFIER (+1.50 DIOPTERS) PRICE IS FOR 1 EA,Hardware,EA,5.00,1,7.76,38.80,D,9.13,45.65,15%,Department of Labor,,No,No,No,No,No,No,No,GSA Advantage,Government SmartPay Card,Standard,1,65401,,0.00,0.00,10/23/2014,MJL Enterprises,GS23FBA007
4571,10/24/2014,3M ELECTRICAL,6143,500-06143,000000000000,88 3/4X66 VINYL ELECTRICAL TAPE PRICE IS FOR 1 ROL,Paint,EA,5.00,1,5.25,26.25,D,6.18,30.90,15%,Department of the Navy,,No,No,No,No,No,No,No,GSA Advantage,Government SmartPay Card,Standard,1,93943,,0.00,0.00,10/28/2014,MJL Enterprises,GS23FBA007
4346,9/15/2014,STREAMLIGHT,STR75000,STR75000,000000000000,"RECHARGEABLE FLASHLIGHT; 125 LUMENS; 15,000 PEAK BEAM CANDLEPOWER; ADJUSTABLE FOCUS; LAMP LIFE 30 HR PRICE IS FOR EA",Hardware,EA,5.00,1,46.30,231.50,D,54.47,272.35,15%,Department of Homeland Security,United States Coast Guard,Yes,No,No,No,No,No,No,GSA Advantage,Government SmartPay Card,Standard,1,77550,,0.00,0.00,09/30/2014,MJL Enterprises,GS23FBA007
4300,9/9/2014,RAYOVAC,ALAA-24,620-ALAA-24,000000000000,ALK AA CONTRACTOR P PRICE IS FOR 24EA/PK,Hardware,EA,5.00,24,7.79,38.95,D,9.17,45.85,15%,Office of the Secretary of Defense,,No,No,No,No,No,No,No,GSA Advantage,Government SmartPay Card,Standard,1,09114,,0.00,0.00,09/24/2014,MJL Enterprises,GS23FBA007
4457,9/27/2014,KIMBERLY-CLARK PROFESSIONAL,5925,412-05925,000000000000,WYPALL X70 FS TOWEL WHITE/BLUE STRIPE 1/300 PRICE IS FOR 1 CA,Hardware,EA,5.00,1,57.13,285.65,D,67.21,336.05,15%,Department of Homeland Security,United States Coast Guard,No,No,No,No,No,No,No,GSA Advantage,Government SmartPay Card,Standard,1,32228,,0.00,0.00,10/17/2014,MJL Enterprises,GS23FBA007
4501,9/30/2014,RAYOVAC,ALAAA-24,620-ALAAA-24,000000000000,ALK AAA CONTRACTOR PRICE IS FOR 24EA/PK,Hardware,EA,5.00,24,8.95,44.75,D,10.53,52.65,15%,Department of Energy,,No,No,No,No,No,No,No,GSA Advantage,Government SmartPay Card,Standard,1,74103,,0.00,0.00,10/15/2014,MJL Enterprises,GS23FBA007
4490,9/30/2014,KIMBERLY-CLARK PROFESSIONAL,41041,412-41041,000000000000,WYPALL X80 BLUE WIPER 160 SHEETS PER BOX PRICE IS FOR 1 BOX,Hardware,EA,5.00,1,23.66,118.30,D,27.84,139.20,15%,Department of the Air Force,,No,No,No,No,No,No,No,Phone,Government SmartPay Card,Standard,1,76311,,0.00,0.00,10/03/2014,MJL Enterprises,GS23FBA007
4569,10/24/2014,STANLEY,11-515,680-11-515,000000000000,SINGLE EDGE RAZOR BLADES PRICE IS FOR 100EA/PAK,Hardware,EA,6.00,100,4.73,28.38,D,5.56,33.36,15%,Department of Agriculture,,No,No,No,No,No,No,No,GSA Advantage,Government SmartPay Card,Standard,1,66506,,0.00,0.00,10/27/2014,MJL Enterprises,GS23FBA007
4502,9/30/2014,RAYOVAC,ALAA-48,620-ALAA-48,000000000000,AA ALKALINA BATTERY RECLOSALBE 48-PACK PRICE IS FOR 48EA/PK,Hardware,EA,6.00,48,16.57,99.42,D,19.49,116.94,15%,Department of the Interior,Bureau of Land Management,No,No,No,No,No,No,No,GSA Advantage,Government SmartPay Card,Standard,1,96130,,0.00,0.00,10/16/2014,MJL Enterprises,GS23FBA007
4499,9/30/2014,RAYOVAC,ALAA-48,620-ALAA-48,000000000000,AA ALKALINA BATTERY RECLOSALBE 48-PACK PRICE IS FOR 48EA/PK,Hardware,EA,6.00,48,16.57,99.42,D,19.49,116.94,15%,Department of Homeland Security,United States Coast Guard,No,No,No,No,No,No,No,GSA Advantage,Government SmartPay Card,Standard,1,32407,,0.00,0.00,10/03/2014,MJL Enterprises,GS23FBA007
4499,9/30/2014,KIMBERLY-CLARK PROFESSIONAL,41041,412-41041,000000000000,WYPALL X80 BLUE WIPER 160 SHEETS PER BOX PRICE IS FOR 1 BOX,Hardware,EA,6.00,1,23.66,141.96,D,27.84,167.04,15%,Department of Homeland Security,United States Coast Guard,No,No,No,No,No,No,No,GSA Advantage,Government SmartPay Card,Standard,1,32407,,0.00,0.00,10/03/2014,MJL Enterprises,GS23FBA007
4483,9/30/2014,SWIFT FIRST-AID,551003,714-551003,000000000000,"EMER.YELLOW BLKT 54""X80""POLYP PRICE IS FOR 1 EA",Hardware,EA,6.00,1,4.25,25.50,D,5,30.00,15%,Department of Homeland Security,"DHS, Customs and Border Protection",No,No,No,No,No,No,No,GSA Advantage,Government SmartPay Card,Standard,1,21202,,0.00,0.00,10/01/2014,MJL Enterprises,GS23FBA007
4452,9/26/2014,VICTOR,0387-0134,341-0387-0134,000000000000,0-1-101-CS CUTTING TIP(VICTOR CLAMSHELL) PRICE IS FOR 1 EA,Hardware,EA,7.00,1,13.87,97.09,D,16.32,114.24,15%,Office of the Secretary of Defense,Defense Logistics Agency,No,No,No,No,No,No,No,DoD EMALL,EFT,Standard,1,23709,,0.00,0.00,10/09/2014,MJL Enterprises,GS23FBA007
4542,10/15/2014,3M INDUSTRIAL,051131-06976,405-051131-06976,000000000000,TUCK TAPE 3900 SILVER 48MM X 54.8M 7.7MIL PRICE IS FOR 1 RL,Paint,EA,7.00,1,9.02,63.14,D,10.61,74.27,15%,Department of Homeland Security,"DHS, Customs and Border Protection",No,No,No,No,No,No,No,GSA Advantage,Government SmartPay Card,Standard,1,33132,,0.00,0.00,10/17/2014,MJL Enterprises,GS23FBA007
4539,10/15/2014,JACKSON SAFETY,20470,138-20470,000000000000,NEMESIS VL SAFETY GLASSES GUNMETAL FRAME CLEAR L PRICE IS FOR 1 PR,Hardware,EA,8.00,1,3.85,30.80,D,4.53,36.24,15%,Department of Homeland Security,United States Coast Guard,No,No,No,No,No,No,No,GSA Advantage,Government SmartPay Card,Standard,1,33762,,0.00,0.00,10/16/2014,MJL Enterprises,GS23FBA007
4432,9/25/2014,RAYOVAC,ALD-12,620-ALD-12,000000000000,D ALKALINA BATTERY RECLOSABLE 12-PACK PRICE IS FOR 12EA/PK,Hardware,EA,8.00,12,11.62,92.96,D,13.67,109.36,15%,Department of Homeland Security,,No,No,No,No,No,No,No,GSA Advantage,Government SmartPay Card,Standard,1,80111,,0.00,0.00,09/26/2014,MJL Enterprises,GS23FBA007
4442,9/26/2014,C.S. OSBORNE,1204-1,565-1204-1,000000000000,"6-1/4"" FLEXIBLE PACKINGHOOK PRICE IS FOR 1 EA",Hardware,EA,8.00,1,5.99,47.92,D,7.05,56.40,15%,Department of the Interior,Bureau of Reclamation,No,No,No,No,No,No,No,GSA Advantage,Government SmartPay Card,Standard,1,99133,,0.00,0.00,09/29/2014,MJL Enterprises,GS23FBA007
4482,9/30/2014,RAYOVAC,ALAAA-24,620-ALAAA-24,000000000000,ALK AAA CONTRACTOR PRICE IS FOR 24EA/PK,Hardware,EA,8.00,24,8.95,71.60,D,10.53,84.24,15%,Social Security Administration,,No,No,No,No,No,No,No,GSA Advantage,Government SmartPay Card,Standard,1,98104,,0.00,0.00,10/01/2014,MJL Enterprises,GS23FBA007
4553,10/20/2014,UVEX BY SPERIAN,S1623,763-S1623,000000000000,UVEX BANDIT SAFETY SPECTACLE SLATE BLUE PRICE IS FOR 1 EA,Hardware,EA,10.00,1,5.88,58.80,D,6.91,69.10,15%,Department of Agriculture,Forest Service,No,No,No,No,No,No,No,GSA Advantage,Government SmartPay Card,Standard,1,80526,,0.00,0.00,10/21/2014,MJL Enterprises,GS23FBA007
4570,10/24/2014,IRWIN,2084200,586-2084200,000000000000,UTILITY KNIFE BLADE BI-MATERIAL (20/PK) PRICE IS FOR 20EA/PKG,Hardware,EA,10.00,20,5.47,54.70,D,6.43,64.30,15%,Department of Homeland Security,United States Coast Guard,No,No,No,No,No,No,No,GSA Advantage,Government SmartPay Card,Standard,1,02542,,0.00,0.00,10/27/2014,MJL Enterprises,GS23FBA007
4564,10/22/2014,3M ELECTRICAL,41717,500-41717,000000000000,"00073 130C 3/4""X30' ALLVOLTAGE LINERLESS R PRICE IS FOR 1 ROL",Paint,EA,10.00,1,13.41,134.10,D,15.78,157.80,15%,Department of Commerce,National Oceanic Atmospheric Administration,No,No,No,No,No,No,No,GSA Advantage,Government SmartPay Card,Standard,1,23510,,0.00,0.00,10/23/2014,MJL Enterprises,GS23FBA007
4572,10/24/2014,3M ELECTRICAL,10844,500-10844,000000000000,35 3/4X66 YELLOW VINYL COLOR CODING TAPE PRICE IS FOR 1 ROL,Paint,EA,10.00,1,4.12,41.20,D,4.84,48.40,15%,Department of the Air Force,,No,No,No,No,No,No,No,GSA Advantage,Government SmartPay Card,Standard,1,78243,,0.00,0.00,10/28/2014,MJL Enterprises,GS23FBA007
4464,9/29/2014,UVEX BY SPERIAN,S3805,763-S3805,000000000000,UVEX STRATEGY W/NEOPRENEBAND CLEAR UVEXTRA AF PRICE IS FOR 1 EA,Hardware,EA,10.00,1,5.88,58.80,D,6.91,69.10,15%,Department of the Air Force,,No,No,No,No,No,No,No,GSA Advantage,Government SmartPay Card,Standard,1,17070,,0.00,0.00,09/30/2014,MJL Enterprises,GS23FBA007
4494,9/30/2014,JACKSON SAFETY,14402,138-14402,000000000000,GOGGLE REVO BLU/AMB  3000050 PRICE IS FOR 1 PR,Hardware,EA,10.00,1,8.89,88.90,D,10.46,104.60,15%,Department of the Army,,No,No,No,No,No,No,No,GSA Advantage,Government SmartPay Card,Standard,1,76544,,0.00,0.00,10/03/2014,MJL Enterprises,GS23FBA007
4492,10/1/2014,NORTH SAFETY,A79R010000,068-A79R010000,000000000000,WHITE A-SAFE SAFETY CAPW/RATCHET 4-POINT SUS PRICE IS FOR 1 EA,Hardware,EA,10.00,1,8.87,88.70,D,10.43,104.30,15%,Department of the Air Force,,No,No,No,No,No,No,No,GSA Advantage,Government SmartPay Card,Standard,1,78245,,0.00,0.00,10/03/2014,MJL Enterprises,GS23FBA007
4516,10/8/2014,JACKSON SAFETY,20470,138-20470,000000000000,NEMESIS VL SAFETY GLASSES GUNMETAL FRAME CLEAR L PRICE IS FOR 1 PR,Hardware,EA,11.00,1,3.85,42.35,D,4.53,49.83,15%,Department of Homeland Security,United States Coast Guard,No,No,No,No,No,No,No,GSA Advantage,Government SmartPay Card,Standard,1,02543,,0.00,0.00,10/10/2014,MJL Enterprises,GS23FBA007
4546,10/16/2014,COOPER HAND TOOLS NICHOLSON,08497N,183-08497N,000000000000,"FILE-8""-MILL BASTARD-203M PRICE IS FOR 1 EA",Hardware,EA,12.00,1,4.15,49.80,D,4.88,58.56,15%,Department of the Interior,Fish and Wildlife Service,No,No,No,No,No,No,No,GSA Advantage,Government SmartPay Card,Standard,1,27860,,0.00,0.00,10/17/2014,MJL Enterprises,GS23FBA007
4342,9/12/2014,CREWS,TK112AF,135-TK112AF,000000000000,CR TK112AF ANTI-FOG PRICE IS FOR 1 EA,Hardware,EA,12.00,1,2.47,29.64,D,2.9,34.80,15%,Department of the Interior,National Park Service,No,No,No,No,No,No,No,GSA Advantage,Government SmartPay Card,Standard,1,20242,,0.00,0.00,09/16/2014,MJL Enterprises,GS23FBA007
4441,9/26/2014,JACKSON SAFETY,25704,138-25704,000000000000,NEMESIS VL SAFETY GLASSES GUNMETAL FRAME SMOKE L PRICE IS FOR 1 PR,Hardware,EA,12.00,1,3.85,46.20,D,4.53,54.36,15%,Department of the Army,,No,No,No,No,No,No,No,GSA Advantage,Government SmartPay Card,Standard,1,71459,,0.00,0.00,09/29/2014,MJL Enterprises,GS23FBA007
4470,9/30/2014,JACKSON SAFETY,28630,138-28630,000000000000,NEMESIS RX 3.00 DIOPTERGLASS BLACK FRAME 3013309 PRICE IS FOR 1 PR,Hardware,EA,12.00,1,7.47,89.64,D,8.79,105.48,15%,Department of the Air Force,,No,No,No,No,No,No,No,GSA Advantage,Government SmartPay Card,Standard,1,93524,,0.00,0.00,10/01/2014,MJL Enterprises,GS23FBA007
4402,9/22/2014,POWER BREEZER ,PB10-A-1B,PB10-A-1B,000000000000,POWER BREEZER COOLING UNIT/COOLING FAN,Hardware,EA,12.00,1,"4,350.00","52,200.00",D,5117.65,"61,411.80",15%,Department of the Air Force,,No,No,No,No,No,No,No,GSA Advantage,Government SmartPay Card,Standard,1,95376,,0.00,0.00,10/20/2014,MJL Enterprises,GS23FBA007
4375,9/17/2014,CREWS,9810,135-9810,000000000000,CR 9810 SPEC/CLEAR BULK PRICE IS FOR 1 EA,Hardware,EA,15.00,1,1.69,25.35,D,1.99,29.85,15%,Department of the Interior,Bureau of Land Management,No,No,No,No,No,No,No,GSA Advantage,Government SmartPay Card,Standard,1,89445,,0.00,0.00,09/18/2014,MJL Enterprises,GS23FBA007
4407,9/23/2014,CREWS,9810,135-9810,000000000000,CR 9810 SPEC/CLEAR BULK PRICE IS FOR 1 EA,Hardware,EA,18.00,1,1.69,30.42,D,1.99,35.82,15%,Department of Agriculture,,No,No,No,No,No,No,No,GSA Advantage,Government SmartPay Card,Standard,1,30605,,0.00,0.00,10/08/2014,MJL Enterprises,GS23FBA007
4360,9/15/2014,RAYOVAC,L10ZALC,620-L10ZALC,000000000000,HEARING AID BATTERY SIZE10 4 PACK PRICE IS FOR 1 PK,Hardware,EA,20.00,1,7.43,148.60,D,8.74,174.80,15%,Office of the Secretary of Defense,Defense Logistics Agency,No,No,No,No,No,No,No,DoD EMALL,EFT,Standard,1,23461,,0.00,0.00,10/10/2014,MJL Enterprises,GS23FBA007
4538,10/15/2014,3M OH/ESD,8200,142-8200,000000000000,3M PARTICULATE RESPIRATOR 8200 N95 PRICE IS FOR 20EA/BX,Hardware,EA,20.00,20,9.41,188.20,D,11.07,221.40,15%,Department of Homeland Security,Transportation Security Administration,No,No,No,No,No,No,No,GSA Advantage,Government SmartPay Card,Standard,1,11716,,0.00,0.00,10/16/2014,MJL Enterprises,GS23FBA007
4555,10/20/2014,JACKSON SAFETY,25688,138-25688,000000000000,NEMESIS SMOKE MIRROR LENS SAFETY GLASSES 3000356 PRICE IS FOR 1 PR,Hardware,EA,20.00,1,3.34,66.80,D,3.93,78.60,15%,Office of the Secretary of Defense,,No,No,No,No,No,No,No,GSA Advantage,Government SmartPay Card,Standard,1,21702,,0.00,0.00,10/21/2014,MJL Enterprises,GS23FBA007
4463,9/29/2014,JACKSON SAFETY,21297,138-21297,000000000000,EQUALIZER SAFETY EYEWEAR PRICE IS FOR 1 PR,Hardware,EA,20.00,1,5.46,109.20,D,6.43,128.60,15%,Department of the Air Force,,No,No,No,No,No,No,No,GSA Advantage,Government SmartPay Card,Standard,1,23511,,0.00,0.00,10/01/2014,MJL Enterprises,GS23FBA007
4135,7/31/2014,UVEX BY SPERIAN,S214,763-S214,000000000000,HORIZON WELDING FLIP GLASSES PRICE IS FOR 1 EA,Hardware,EA,24.00,1,43.86,"1,052.64",D,51.6,"1,238.40",15%,Office of the Secretary of Defense,Defense Logistics Agency,No,No,No,No,No,No,No,DoD EMALL,EFT,Standard,1,39501,,0.00,0.00,08/15/2014,MJL Enterprises,GS23FBA007
4375,9/17/2014,CREWS,BK110,135-BK110,000000000000,BEARKAT CLEAR LENS SAFETY GLASSES BLACK TEMPLE S PRICE IS FOR 1 PR,Hardware,EA,24.00,1,1.14,27.36,D,1.34,32.16,15%,Department of the Interior,Bureau of Land Management,No,No,No,No,No,No,No,GSA Advantage,Government SmartPay Card,Standard,1,89445,,0.00,0.00,09/18/2014,MJL Enterprises,GS23FBA007
4518,10/8/2014,JACKSON SAFETY,25685,138-25685,000000000000,NEMESIS INDOOR/OUTDOOR LENS SAFETY GLASS 3000357 PRICE IS FOR 1 PR,Hardware,EA,24.00,1,3.34,80.16,D,3.93,94.32,15%,Department of the Interior,Bureau of Reclamation,No,No,No,No,No,No,No,GSA Advantage,Government SmartPay Card,Standard,1,98901,,0.00,0.00,10/10/2014,MJL Enterprises,GS23FBA007
4518,10/8/2014,JACKSON SAFETY,25676,138-25676,000000000000,NEMESIS CLEAR LENS SAFETY GLASSES  3000354 PRICE IS FOR 1 PR,Hardware,EA,24.00,1,3.09,74.16,D,3.63,87.12,15%,Department of the Interior,Bureau of Reclamation,No,No,No,No,No,No,No,GSA Advantage,Government SmartPay Card,Standard,1,98901,,0.00,0.00,10/10/2014,MJL Enterprises,GS23FBA007
4517,10/8/2014,CREWS,TC110,135-TC110,000000000000,CR TC110 BLACK/CLEAR ADJ-CTDCR TC110 PRICE IS FOR 1 EA,Hardware,EA,24.00,1,1.18,28.32,D,1.39,33.36,15%,Department of Commerce,,No,No,No,No,No,No,No,GSA Advantage,Government SmartPay Card,Standard,1,20899,,0.00,0.00,10/10/2014,MJL Enterprises,GS23FBA007
4522,10/9/2014,JACKSON SAFETY,20470,138-20470,000000000000,NEMESIS VL SAFETY GLASSES GUNMETAL FRAME CLEAR L PRICE IS FOR 1 PR,Hardware,EA,25.00,1,3.85,96.25,D,4.53,113.25,15%,General Services Administration,,No,No,No,No,No,No,No,Fax,EFT,Standard,1,95304,,0.00,0.00,10/14/2014,MJL Enterprises,GS23FBA007
4521,10/9/2014,JACKSON SAFETY,25704,138-25704,000000000000,NEMESIS VL SAFETY GLASSES GUNMETAL FRAME SMOKE L PRICE IS FOR 1 PR,Hardware,EA,25.00,1,3.85,96.25,D,4.53,113.25,15%,General Services Administration,,No,No,No,No,No,No,No,Fax,EFT,Standard,1,95304,,0.00,0.00,10/14/2014,MJL Enterprises,GS23FBA007
4566,10/22/2014,CREWS,CL110,135-CL110,000000000000,CHECKLITE SAFETY GLASSESCLEAR LENS PRICE IS FOR 1 PR,Hardware,EA,35.00,1,0.86,30.10,D,1.01,35.35,15%,Department of Agriculture,Forest Service,No,No,No,No,No,No,No,GSA Advantage,Government SmartPay Card,Standard,1,63935,,0.00,0.00,10/23/2014,MJL Enterprises,GS23FBA007
4557,10/20/2014,3M ABRASIVE,051115-03681,405-051115-03681,000000000000,"SCOTCH-BLUE #2090 PAINTERS 1""X60YD TAPE PRICE IS FOR 1 RL",Paint,EA,36.00,1,4.10,147.60,D,4.82,173.52,15%,Department of Homeland Security,United States Coast Guard,No,No,No,No,No,No,No,GSA Advantage,Government SmartPay Card,Standard,1,27909,,0.00,0.00,10/21/2014,MJL Enterprises,GS23FBA007
4518,10/8/2014,JACKSON SAFETY,25688,138-25688,000000000000,NEMESIS SMOKE MIRROR LENS SAFETY GLASSES 3000356 PRICE IS FOR 1 PR,Hardware,EA,36.00,1,3.34,120.24,D,3.93,141.48,15%,Department of the Interior,Bureau of Reclamation,No,No,No,No,No,No,No,GSA Advantage,Government SmartPay Card,Standard,1,98901,,0.00,0.00,10/10/2014,MJL Enterprises,GS23FBA007
4520,10/9/2014,NORTH SAFETY,A79R020000,068-A79R020000,000000000000,YELLOW A-SAFE SAFETY CAPW/RATCHET & 4-POINT S PRICE IS FOR 1 EA,Hardware,EA,38.00,1,8.87,337.06,D,10.43,396.34,15%,Department of the Interior,Bureau of Reclamation,No,No,No,No,No,No,No,GSA Advantage,Government SmartPay Card,Standard,1,94514,,0.00,0.00,10/10/2014,MJL Enterprises,GS23FBA007
4497,9/30/2014,PRESCO,4530PG,764-4530PG,000000000000,"4""X5"" 30""WIRE PINK-GLOSTAKE FLAG PRICE IS FOR 100EA/BDL",Hardware,EA,40.00,100,8.66,346.40,D,10.18,407.20,15%,Department of Agriculture,Natural Resources Conservation Service,No,No,No,No,No,No,No,GSA Advantage,Government SmartPay Card,Standard,1,59404,,0.00,0.00,10/21/2014,MJL Enterprises,GS23FBA007
4379,9/17/2014,C.S. OSBORNE,1204-3,565-1204-3,000000000000,"15"" FLEXIBLE PACKING HOOK PRICE IS FOR 1 EA",Hardware,EA,50.00,1,14.38,719.00,D,16.91,845.50,15%,Office of the Secretary of Defense,Defense Logistics Agency,No,No,No,No,No,No,No,DoD EMALL,EFT,Standard,1,23709,,0.00,0.00,09/20/2014,MJL Enterprises,GS23FBA007
4379,9/17/2014,C.S. OSBORNE,1204-5,565-1204-5,000000000000,"22"" FLEXIBLE PACKING HOOK PRICE IS FOR 1 EA",Hardware,EA,50.00,1,22.88,"1,144.00",D,26.92,"1,346.00",15%,Office of the Secretary of Defense,Defense Logistics Agency,No,No,No,No,No,No,No,DoD EMALL,EFT,Standard,1,23709,,0.00,0.00,09/29/2014,MJL Enterprises,GS23FBA007
4379,9/17/2014,C.S. OSBORNE,1204-2,565-1204-2,000000000000,"10-5/8"" FLEXIBLE PACKINGHOOK PRICE IS FOR 1 EA",Hardware,EA,50.00,1,8.05,402.50,D,9.48,474.00,15%,Office of the Secretary of Defense,Defense Logistics Agency,No,No,No,No,No,No,No,DoD EMALL,EFT,Standard,1,23709,,0.00,0.00,09/19/2014,MJL Enterprises,GS23FBA007
4379,9/17/2014,C.S. OSBORNE,1204-4,565-1204-4,000000000000,"18"" FLEXIBLE PACKING HOOK PRICE IS FOR 1 EA",Hardware,EA,50.00,1,21.20,"1,060.00",D,24.94,"1,247.00",15%,Office of the Secretary of Defense,Defense Logistics Agency,No,No,No,No,No,No,No,DoD EMALL,EFT,Standard,1,23709,,0.00,0.00,09/29/2014,MJL Enterprises,GS23FBA007
4493,9/30/2014,JACKSON SAFETY,20470,138-20470,000000000000,NEMESIS VL SAFETY GLASSES GUNMETAL FRAME CLEAR L PRICE IS FOR 1 PR,Hardware,EA,50.00,1,3.85,192.50,D,4.53,226.50,15%,Department of the Army,,No,No,No,No,No,No,No,GSA Advantage,Government SmartPay Card,Standard,1,20755,,0.00,0.00,10/02/2014,MJL Enterprises,GS23FBA007
4531,10/13/2014,JACKSON SAFETY,20470,138-20470,000000000000,NEMESIS VL SAFETY GLASSES GUNMETAL FRAME CLEAR L PRICE IS FOR 1 PR,Hardware,EA,50.00,1,3.85,192.50,D,4.53,226.50,15%,Department of Agriculture,,No,No,No,No,No,No,No,GSA Advantage,Government SmartPay Card,Standard,1,57532,,0.00,0.00,10/15/2014,MJL Enterprises,GS23FBA007
4379,9/17/2014,C.S. OSBORNE,1204-1,565-1204-1,000000000000,"6-1/4"" FLEXIBLE PACKINGHOOK PRICE IS FOR 1 EA",Hardware,EA,100.00,1,5.99,599.00,D,7.05,705.00,15%,Office of the Secretary of Defense,Defense Logistics Agency,No,No,No,No,No,No,No,DoD EMALL,EFT,Standard,1,23709,,0.00,0.00,09/19/2014,MJL Enterprises,GS23FBA007
4379,9/17/2014,C.S. OSBORNE,1204-0,565-1204-0,000000000000,"58318 7"" FLEXIBLE PACKING HOOK PRICE IS FOR 1 EA",Hardware,EA,100.00,1,7.43,743.00,D,8.74,874.00,15%,Office of the Secretary of Defense,Defense Logistics Agency,No,No,No,No,No,No,No,DoD EMALL,EFT,Standard,1,23709,,0.00,0.00,09/21/2014,MJL Enterprises,GS23FBA007
4505,10/6/2014,SWIFT FIRST-AID,105020,714-105020,000000000000,"ELASTIC BANDAGE 2"" X 4.5YD PRICE IS FOR 1 RL",Hardware,EA,100.00,1,0.84,84.00,D,0.99,99.00,15%,Department of the Navy,,No,No,No,No,No,No,No,GSA Advantage,Government SmartPay Card,Standard,1,23607,,0.00,0.00,10/07/2014,MJL Enterprises,GS23FBA007
4473,9/30/2014,3M,2090-1A,2090-1A,000000000000,"SCOTCH-BLUE #2090 PAINTERS 1""X60YD TAPE PRICE IS FOR 1 RL",Paint,EA,100.00,1,4.10,410.00,D,4.82,482.00,15%,General Services Administration,,No,No,No,No,No,No,No,Fax,EFT,Standard,1,20509,,0.00,0.00,10/01/2014,MJL Enterprises,GS23FBA007
4500,9/30/2014,CREWS,CK210AF,135-CK210AF,000000000000,CHECKMATE SAFETY GLASSESSMOKE TEMPLE CLEAR AF L PRICE IS FOR 1 EA,Hardware,EA,120.00,1,2.18,261.60,D,2.56,307.20,15%,Department of Agriculture,Forest Service,No,No,No,No,No,No,No,GSA Advantage,Government SmartPay Card,Standard,1,98952,,0.00,0.00,10/03/2014,MJL Enterprises,GS23FBA007
4556,10/20/2014,WEILER,44167,804-44167,000000000000,BH-37-SS 3X7 SS WIRE SCRATCH BRUSH PRICE IS FOR 1 EA,Hardware,EA,180.00,1,1.09,196.20,D,1.29,232.20,16%,Department of Homeland Security,,No,No,No,No,No,No,No,GSA Advantage,Government SmartPay Card,Standard,1,97459,,0.00,0.00,10/21/2014,MJL Enterprises,GS23FBA007
4455,9/27/2014,3M,2090-1A,2090-1A,000000000000,"SCOTCH-BLUE #2090 PAINTERS 1""X60YD TAPE PRICE IS FOR 1 RL",Paint,EA,180.00,1,4.10,738.00,D,4.82,867.60,15%,General Services Administration,,No,No,No,No,No,No,No,Fax,EFT,Standard,1,95304,,0.00,0.00,09/29/2014,MJL Enterprises,GS23FBA007
4450,9/26/2014,NORTH SAFETY,770030M,068-770030M,000000000000,7700 SERIES SILICONE HALF MASK RESPIRATOR MEDIUM PRICE IS FOR 1 EA,Hardware,EA,200.00,1,21.01,"4,202.00",D,24.72,"4,944.00",15%,Office of the Secretary of Defense,Defense Logistics Agency,No,No,No,No,No,No,No,DoD EMALL,EFT,Standard,1,03904,,0.00,0.00,09/30/2014,MJL Enterprises,GS23FBA007
4451,9/26/2014,NORTH SAFETY,770030L,068-770030L,000000000000,7700 SERIES SILICONE HALF MASK RESPIRATOR LARGE PRICE IS FOR 1 EA,Hardware,EA,200.00,1,21.01,"4,202.00",D,24.72,"4,944.00",15%,Office of the Secretary of Defense,Defense Logistics Agency,No,No,No,No,No,No,No,DoD EMALL,EFT,Standard,1,03904,,0.00,0.00,09/29/2014,MJL Enterprises,GS23FBA007
4299,9/9/2014,3M ABRASIVE,051144-76767,405-051144-76767,000000000000,3M 3 50YF 777F051144-76767 PRICE IS FOR 1 EA,Hardware,EA,300.00,1,0.94,282.00,D,1.11,333.00,15%,Office of the Secretary of Defense,Defense Logistics Agency,No,No,No,No,No,No,No,DoD EMALL,EFT,Standard,1,89496,,0.00,0.00,10/01/2014,MJL Enterprises,GS23FBA007
4415,9/23/2014,PELICAN,2004,562-2004,000000000000,LAMP MODULE F/SUPER SABRE LIGHT 2000LMS PRICE IS FOR 1 EA,Hardware,EA,300.00,1,9.86,"2,958.00",D,11.61,"3,483.00",15%,Office of the Secretary of Defense,Defense Logistics Agency,No,No,No,No,No,No,No,DoD EMALL,EFT,Standard,1,23709,,0.00,0.00,09/24/2014,MJL Enterprises,GS23FBA007
,,,,,,,,,,,,,,,,,,,,,,,,,,,,,,,,,,,,
,,,,,,,,,,,,,,,,,,,,,,,,,,,,,,,,,,,,
,,,,,,,,,,,,,,,,,,,,,,,,,,,,,,,,,,,,
,,,,,,,,,,,,,,,,,,,,,,,,,,,,,,,,,,,,
,,,,,,,,,,,,,,,,,,,,,,,,,,,,,,,,,,,,
,,,,,,,,,,,,,,,,,,,,,,,,,,,,,,,,,,,,
,,,,,,,,,,,,,,,,,,,,,,,,,,,,,,,,,,,,
,,,,,,,,,,,,,,,,,,,,,,,,,,,,,,,,,,,,
,,,,,,,,,,,,,,,,,,,,,,,,,,,,,,,,,,,,
,,,,,,,,,,,,,,,,,,,,,,,,,,,,,,,,,,,,
,,,,,,,,,,,,,,,,,,,,,,,,,,,,,,,,,,,,
,,,,,,,,,,,,,,,,,,,,,,,,,,,,,,,,,,,,
,,,,,,,,,,,,,,,,,,,,,,,,,,,,,,,,,,,,
,,,,,,,,,,,,,,,,,,,,,,,,,,,,,,,,,,,,
,,,,,,,,,,,,,,,,,,,,,,,,,,,,,,,,,,,,
,,,,,,,,,,,,,,,,,,,,,,,,,,,,,,,,,,,,
,,,,,,,,,,,,,,,,,,,,,,,,,,,,,,,,,,,,
,,,,,,,,,,,,,,,,,,,,,,,,,,,,,,,,,,,,
,,,,,,,,,,,,,,,,,,,,,,,,,,,,,,,,,,,,
,,,,,,,,,,,,,,,,,,,,,,,,,,,,,,,,,,,,
,,,,,,,,,,,,,,,,,,,,,,,,,,,,,,,,,,,,
,,,,,,,,,,,,,,,,,,,,,,,,,,,,,,,,,,,,
,,,,,,,,,,,,,,,,,,,,,,,,,,,,,,,,,,,,
,,,,,,,,,,,,,,,,,,,,,,,,,,,,,,,,,,,,
,,,,,,,,,,,,,,,,,,,,,,,,,,,,,,,,,,,,
,,,,,,,,,,,,,,,,,,,,,,,,,,,,,,,,,,,,
,,,,,,,,,,,,,,,,,,,,,,,,,,,,,,,,,,,,
,,,,,,,,,,,,,,,,,,,,,,,,,,,,,,,,,,,,
,,,,,,,,,,,,,,,,,,,,,,,,,,,,,,,,,,,,
,,,,,,,,,,,,,,,,,,,,,,,,,,,,,,,,,,,,
,,,,,,,,,,,,,,,,,,,,,,,,,,,,,,,,,,,,
,,,,,,,,,,,,,,,,,,,,,,,,,,,,,,,,,,,,
,,,,,,,,,,,,,,,,,,,,,,,,,,,,,,,,,,,,
,,,,,,,,,,,,,,,,,,,,,,,,,,,,,,,,,,,,
,,,,,,,,,,,,,,,,,,,,,,,,,,,,,,,,,,,,
,,,,,,,,,,,,,,,,,,,,,,,,,,,,,,,,,,,,
,,,,,,,,,,,,,,,,,,,,,,,,,,,,,,,,,,,,
,,,,,,,,,,,,,,,,,,,,,,,,,,,,,,,,,,,,
,,,,,,,,,,,,,,,,,,,,,,,,,,,,,,,,,,,,
,,,,,,,,,,,,,,,,,,,,,,,,,,,,,,,,,,,,
,,,,,,,,,,,,,,,,,,,,,,,,,,,,,,,,,,,,
,,,,,,,,,,,,,,,,,,,,,,,,,,,,,,,,,,,,
,,,,,,,,,,,,,,,,,,,,,,,,,,,,,,,,,,,,
,,,,,,,,,,,,,,,,,,,,,,,,,,,,,,,,,,,,
,,,,,,,,,,,,,,,,,,,,,,,,,,,,,,,,,,,,
,,,,,,,,,,,,,,,,,,,,,,,,,,,,,,,,,,,,
,,,,,,,,,,,,,,,,,,,,,,,,,,,,,,,,,,,,
,,,,,,,,,,,,,,,,,,,,,,,,,,,,,,,,,,,,
,,,,,,,,,,,,,,,,,,,,,,,,,,,,,,,,,,,,
,,,,,,,,,,,,,,,,,,,,,,,,,,,,,,,,,,,,
,,,,,,,,,,,,,,,,,,,,,,,,,,,,,,,,,,,,
,,,,,,,,,,,,,,,,,,,,,,,,,,,,,,,,,,,,
,,,,,,,,,,,,,,,,,,,,,,,,,,,,,,,,,,,,
,,,,,,,,,,,,,,,,,,,,,,,,,,,,,,,,,,,,
,,,,,,,,,,,,,,,,,,,,,,,,,,,,,,,,,,,,
,,,,,,,,,,,,,,,,,,,,,,,,,,,,,,,,,,,,
,,,,,,,,,,,,,,,,,,,,,,,,,,,,,,,,,,,,
,,,,,,,,,,,,,,,,,,,,,,,,,,,,,,,,,,,,
,,,,,,,,,,,,,,,,,,,,,,,,,,,,,,,,,,,,
,,,,,,,,,,,,,,,,,,,,,,,,,,,,,,,,,,,,
,,,,,,,,,,,,,,,,,,,,,,,,,,,,,,,,,,,,
,,,,,,,,,,,,,,,,,,,,,,,,,,,,,,,,,,,,
,,,,,,,,,,,,,,,,,,,,,,,,,,,,,,,,,,,,
,,,,,,,,,,,,,,,,,,,,,,,,,,,,,,,,,,,,
,,,,,,,,,,,,,,,,,,,,,,,,,,,,,,,,,,,,
,,,,,,,,,,,,,,,,,,,,,,,,,,,,,,,,,,,,
,,,,,,,,,,,,,,,,,,,,,,,,,,,,,,,,,,,,
,,,,,,,,,,,,,,,,,,,,,,,,,,,,,,,,,,,,
,,,,,,,,,,,,,,,,,,,,,,,,,,,,,,,,,,,,
,,,,,,,,,,,,,,,,,,,,,,,,,,,,,,,,,,,,
,,,,,,,,,,,,,,,,,,,,,,,,,,,,,,,,,,,,
,,,,,,,,,,,,,,,,,,,,,,,,,,,,,,,,,,,,
,,,,,,,,,,,,,,,,,,,,,,,,,,,,,,,,,,,,
,,,,,,,,,,,,,,,,,,,,,,,,,,,,,,,,,,,,
,,,,,,,,,,,,,,,,,,,,,,,,,,,,,,,,,,,,
,,,,,,,,,,,,,,,,,,,,,,,,,,,,,,,,,,,,
,,,,,,,,,,,,,,,,,,,,,,,,,,,,,,,,,,,,
,,,,,,,,,,,,,,,,,,,,,,,,,,,,,,,,,,,,
,,,,,,,,,,,,,,,,,,,,,,,,,,,,,,,,,,,,
,,,,,,,,,,,,,,,,,,,,,,,,,,,,,,,,,,,,
,,,,,,,,,,,,,,,,,,,,,,,,,,,,,,,,,,,,
,,,,,,,,,,,,,,,,,,,,,,,,,,,,,,,,,,,,
,,,,,,,,,,,,,,,,,,,,,,,,,,,,,,,,,,,,
,,,,,,,,,,,,,,,,,,,,,,,,,,,,,,,,,,,,
,,,,,,,,,,,,,,,,,,,,,,,,,,,,,,,,,,,,
,,,,,,,,,,,,,,,,,,,,,,,,,,,,,,,,,,,,
,,,,,,,,,,,,,,,,,,,,,,,,,,,,,,,,,,,,
,,,,,,,,,,,,,,,,,,,,,,,,,,,,,,,,,,,,
,,,,,,,,,,,,,,,,,,,,,,,,,,,,,,,,,,,,
,,,,,,,,,,,,,,,,,,,,,,,,,,,,,,,,,,,,
,,,,,,,,,,,,,,,,,,,,,,,,,,,,,,,,,,,,
,,,,,,,,,,,,,,,,,,,,,,,,,,,,,,,,,,,,
,,,,,,,,,,,,,,,,,,,,,,,,,,,,,,,,,,,,
,,,,,,,,,,,,,,,,,,,,,,,,,,,,,,,,,,,,
,,,,,,,,,,,,,,,,,,,,,,,,,,,,,,,,,,,,
,,,,,,,,,,,,,,,,,,,,,,,,,,,,,,,,,,,,
,,,,,,,,,,,,,,,,,,,,,,,,,,,,,,,,,,,,
,,,,,,,,,,,,,,,,,,,,,,,,,,,,,,,,,,,,
,,,,,,,,,,,,,,,,,,,,,,,,,,,,,,,,,,,,
,,,,,,,,,,,,,,,,,,,,,,,,,,,,,,,,,,,,
,,,,,,,,,,,,,,,,,,,,,,,,,,,,,,,,,,,,
,,,,,,,,,,,,,,,,,,,,,,,,,,,,,,,,,,,,
,,,,,,,,,,,,,,,,,,,,,,,,,,,,,,,,,,,,
,,,,,,,,,,,,,,,,,,,,,,,,,,,,,,,,,,,,
,,,,,,,,,,,,,,,,,,,,,,,,,,,,,,,,,,,,
,,,,,,,,,,,,,,,,,,,,,,,,,,,,,,,,,,,,
,,,,,,,,,,,,,,,,,,,,,,,,,,,,,,,,,,,,
,,,,,,,,,,,,,,,,,,,,,,,,,,,,,,,,,,,,
,,,,,,,,,,,,,,,,,,,,,,,,,,,,,,,,,,,,
,,,,,,,,,,,,,,,,,,,,,,,,,,,,,,,,,,,,
,,,,,,,,,,,,,,,,,,,,,,,,,,,,,,,,,,,,
,,,,,,,,,,,,,,,,,,,,,,,,,,,,,,,,,,,,
,,,,,,,,,,,,,,,,,,,,,,,,,,,,,,,,,,,,
,,,,,,,,,,,,,,,,,,,,,,,,,,,,,,,,,,,,
,,,,,,,,,,,,,,,,,,,,,,,,,,,,,,,,,,,,
,,,,,,,,,,,,,,,,,,,,,,,,,,,,,,,,,,,,
,,,,,,,,,,,,,,,,,,,,,,,,,,,,,,,,,,,,
,,,,,,,,,,,,,,,,,,,,,,,,,,,,,,,,,,,,
,,,,,,,,,,,,,,,,,,,,,,,,,,,,,,,,,,,,
,,,,,,,,,,,,,,,,,,,,,,,,,,,,,,,,,,,,
,,,,,,,,,,,,,,,,,,,,,,,,,,,,,,,,,,,,
,,,,,,,,,,,,,,,,,,,,,,,,,,,,,,,,,,,,
,,,,,,,,,,,,,,,,,,,,,,,,,,,,,,,,,,,,
,,,,,,,,,,,,,,,,,,,,,,,,,,,,,,,,,,,,
,,,,,,,,,,,,,,,,,,,,,,,,,,,,,,,,,,,,
,,,,,,,,,,,,,,,,,,,,,,,,,,,,,,,,,,,,
,,,,,,,,,,,,,,,,,,,,,,,,,,,,,,,,,,,,
,,,,,,,,,,,,,,,,,,,,,,,,,,,,,,,,,,,,
,,,,,,,,,,,,,,,,,,,,,,,,,,,,,,,,,,,,
,,,,,,,,,,,,,,,,,,,,,,,,,,,,,,,,,,,,
,,,,,,,,,,,,,,,,,,,,,,,,,,,,,,,,,,,,
,,,,,,,,,,,,,,,,,,,,,,,,,,,,,,,,,,,,
,,,,,,,,,,,,,,,,,,,,,,,,,,,,,,,,,,,,
,,,,,,,,,,,,,,,,,,,,,,,,,,,,,,,,,,,,
,,,,,,,,,,,,,,,,,,,,,,,,,,,,,,,,,,,,
,,,,,,,,,,,,,,,,,,,,,,,,,,,,,,,,,,,,
,,,,,,,,,,,,,,,,,,,,,,,,,,,,,,,,,,,,
,,,,,,,,,,,,,,,,,,,,,,,,,,,,,,,,,,,,
,,,,,,,,,,,,,,,,,,,,,,,,,,,,,,,,,,,,
,,,,,,,,,,,,,,,,,,,,,,,,,,,,,,,,,,,,
,,,,,,,,,,,,,,,,,,,,,,,,,,,,,,,,,,,,
,,,,,,,,,,,,,,,,,,,,,,,,,,,,,,,,,,,,
,,,,,,,,,,,,,,,,,,,,,,,,,,,,,,,,,,,,
,,,,,,,,,,,,,,,,,,,,,,,,,,,,,,,,,,,,
,,,,,,,,,,,,,,,,,,,,,,,,,,,,,,,,,,,,
,,,,,,,,,,,,,,,,,,,,,,,,,,,,,,,,,,,,
,,,,,,,,,,,,,,,,,,,,,,,,,,,,,,,,,,,,
,,,,,,,,,,,,,,,,,,,,,,,,,,,,,,,,,,,,
,,,,,,,,,,,,,,,,,,,,,,,,,,,,,,,,,,,,
,,,,,,,,,,,,,,,,,,,,,,,,,,,,,,,,,,,,
,,,,,,,,,,,,,,,,,,,,,,,,,,,,,,,,,,,,
,,,,,,,,,,,,,,,,,,,,,,,,,,,,,,,,,,,,
,,,,,,,,,,,,,,,,,,,,,,,,,,,,,,,,,,,,
,,,,,,,,,,,,,,,,,,,,,,,,,,,,,,,,,,,,
,,,,,,,,,,,,,,,,,,,,,,,,,,,,,,,,,,,,
,,,,,,,,,,,,,,,,,,,,,,,,,,,,,,,,,,,,
,,,,,,,,,,,,,,,,,,,,,,,,,,,,,,,,,,,,
,,,,,,,,,,,,,,,,,,,,,,,,,,,,,,,,,,,,
,,,,,,,,,,,,,,,,,,,,,,,,,,,,,,,,,,,,
,,,,,,,,,,,,,,,,,,,,,,,,,,,,,,,,,,,,
,,,,,,,,,,,,,,,,,,,,,,,,,,,,,,,,,,,,
,,,,,,,,,,,,,,,,,,,,,,,,,,,,,,,,,,,,
,,,,,,,,,,,,,,,,,,,,,,,,,,,,,,,,,,,,
,,,,,,,,,,,,,,,,,,,,,,,,,,,,,,,,,,,,
,,,,,,,,,,,,,,,,,,,,,,,,,,,,,,,,,,,,
,,,,,,,,,,,,,,,,,,,,,,,,,,,,,,,,,,,,
,,,,,,,,,,,,,,,,,,,,,,,,,,,,,,,,,,,,
,,,,,,,,,,,,,,,,,,,,,,,,,,,,,,,,,,,,
,,,,,,,,,,,,,,,,,,,,,,,,,,,,,,,,,,,,
,,,,,,,,,,,,,,,,,,,,,,,,,,,,,,,,,,,,
,,,,,,,,,,,,,,,,,,,,,,,,,,,,,,,,,,,,
,,,,,,,,,,,,,,,,,,,,,,,,,,,,,,,,,,,,
,,,,,,,,,,,,,,,,,,,,,,,,,,,,,,,,,,,,
,,,,,,,,,,,,,,,,,,,,,,,,,,,,,,,,,,,,
,,,,,,,,,,,,,,,,,,,,,,,,,,,,,,,,,,,,
,,,,,,,,,,,,,,,,,,,,,,,,,,,,,,,,,,,,
,,,,,,,,,,,,,,,,,,,,,,,,,,,,,,,,,,,,
,,,,,,,,,,,,,,,,,,,,,,,,,,,,,,,,,,,,
,,,,,,,,,,,,,,,,,,,,,,,,,,,,,,,,,,,,
,,,,,,,,,,,,,,,,,,,,,,,,,,,,,,,,,,,,
,,,,,,,,,,,,,,,,,,,,,,,,,,,,,,,,,,,,
,,,,,,,,,,,,,,,,,,,,,,,,,,,,,,,,,,,,
,,,,,,,,,,,,,,,,,,,,,,,,,,,,,,,,,,,,
,,,,,,,,,,,,,,,,,,,,,,,,,,,,,,,,,,,,
,,,,,,,,,,,,,,,,,,,,,,,,,,,,,,,,,,,,
,,,,,,,,,,,,,,,,,,,,,,,,,,,,,,,,,,,,
,,,,,,,,,,,,,,,,,,,,,,,,,,,,,,,,,,,,
,,,,,,,,,,,,,,,,,,,,,,,,,,,,,,,,,,,,
,,,,,,,,,,,,,,,,,,,,,,,,,,,,,,,,,,,,
,,,,,,,,,,,,,,,,,,,,,,,,,,,,,,,,,,,,
,,,,,,,,,,,,,,,,,,,,,,,,,,,,,,,,,,,,
,,,,,,,,,,,,,,,,,,,,,,,,,,,,,,,,,,,,
,,,,,,,,,,,,,,,,,,,,,,,,,,,,,,,,,,,,
,,,,,,,,,,,,,,,,,,,,,,,,,,,,,,,,,,,,
,,,,,,,,,,,,,,,,,,,,,,,,,,,,,,,,,,,,
,,,,,,,,,,,,,,,,,,,,,,,,,,,,,,,,,,,,
,,,,,,,,,,,,,,,,,,,,,,,,,,,,,,,,,,,,
,,,,,,,,,,,,,,,,,,,,,,,,,,,,,,,,,,,,
,,,,,,,,,,,,,,,,,,,,,,,,,,,,,,,,,,,,
,,,,,,,,,,,,,,,,,,,,,,,,,,,,,,,,,,,,
,,,,,,,,,,,,,,,,,,,,,,,,,,,,,,,,,,,,
,,,,,,,,,,,,,,,,,,,,,,,,,,,,,,,,,,,,
,,,,,,,,,,,,,,,,,,,,,,,,,,,,,,,,,,,,
,,,,,,,,,,,,,,,,,,,,,,,,,,,,,,,,,,,,
,,,,,,,,,,,,,,,,,,,,,,,,,,,,,,,,,,,,
,,,,,,,,,,,,,,,,,,,,,,,,,,,,,,,,,,,,
,,,,,,,,,,,,,,,,,,,,,,,,,,,,,,,,,,,,
,,,,,,,,,,,,,,,,,,,,,,,,,,,,,,,,,,,,
,,,,,,,,,,,,,,,,,,,,,,,,,,,,,,,,,,,,
,,,,,,,,,,,,,,,,,,,,,,,,,,,,,,,,,,,,
,,,,,,,,,,,,,,,,,,,,,,,,,,,,,,,,,,,,
,,,,,,,,,,,,,,,,,,,,,,,,,,,,,,,,,,,,
,,,,,,,,,,,,,,,,,,,,,,,,,,,,,,,,,,,,
,,,,,,,,,,,,,,,,,,,,,,,,,,,,,,,,,,,,
,,,,,,,,,,,,,,,,,,,,,,,,,,,,,,,,,,,,
,,,,,,,,,,,,,,,,,,,,,,,,,,,,,,,,,,,,
,,,,,,,,,,,,,,,,,,,,,,,,,,,,,,,,,,,,
,,,,,,,,,,,,,,,,,,,,,,,,,,,,,,,,,,,,
,,,,,,,,,,,,,,,,,,,,,,,,,,,,,,,,,,,,
,,,,,,,,,,,,,,,,,,,,,,,,,,,,,,,,,,,,
,,,,,,,,,,,,,,,,,,,,,,,,,,,,,,,,,,,,
,,,,,,,,,,,,,,,,,,,,,,,,,,,,,,,,,,,,
,,,,,,,,,,,,,,,,,,,,,,,,,,,,,,,,,,,,
,,,,,,,,,,,,,,,,,,,,,,,,,,,,,,,,,,,,
,,,,,,,,,,,,,,,,,,,,,,,,,,,,,,,,,,,,
,,,,,,,,,,,,,,,,,,,,,,,,,,,,,,,,,,,,
,,,,,,,,,,,,,,,,,,,,,,,,,,,,,,,,,,,,
,,,,,,,,,,,,,,,,,,,,,,,,,,,,,,,,,,,,
,,,,,,,,,,,,,,,,,,,,,,,,,,,,,,,,,,,,
,,,,,,,,,,,,,,,,,,,,,,,,,,,,,,,,,,,,
,,,,,,,,,,,,,,,,,,,,,,,,,,,,,,,,,,,,
,,,,,,,,,,,,,,,,,,,,,,,,,,,,,,,,,,,,
,,,,,,,,,,,,,,,,,,,,,,,,,,,,,,,,,,,,
,,,,,,,,,,,,,,,,,,,,,,,,,,,,,,,,,,,,
,,,,,,,,,,,,,,,,,,,,,,,,,,,,,,,,,,,,
,,,,,,,,,,,,,,,,,,,,,,,,,,,,,,,,,,,,
,,,,,,,,,,,,,,,,,,,,,,,,,,,,,,,,,,,,
,,,,,,,,,,,,,,,,,,,,,,,,,,,,,,,,,,,,
,,,,,,,,,,,,,,,,,,,,,,,,,,,,,,,,,,,,
,,,,,,,,,,,,,,,,,,,,,,,,,,,,,,,,,,,,
,,,,,,,,,,,,,,,,,,,,,,,,,,,,,,,,,,,,
,,,,,,,,,,,,,,,,,,,,,,,,,,,,,,,,,,,,
,,,,,,,,,,,,,,,,,,,,,,,,,,,,,,,,,,,,
,,,,,,,,,,,,,,,,,,,,,,,,,,,,,,,,,,,,
,,,,,,,,,,,,,,,,,,,,,,,,,,,,,,,,,,,,
,,,,,,,,,,,,,,,,,,,,,,,,,,,,,,,,,,,,
,,,,,,,,,,,,,,,,,,,,,,,,,,,,,,,,,,,,
,,,,,,,,,,,,,,,,,,,,,,,,,,,,,,,,,,,,
,,,,,,,,,,,,,,,,,,,,,,,,,,,,,,,,,,,,
,,,,,,,,,,,,,,,,,,,,,,,,,,,,,,,,,,,,
,,,,,,,,,,,,,,,,,,,,,,,,,,,,,,,,,,,,
,,,,,,,,,,,,,,,,,,,,,,,,,,,,,,,,,,,,
,,,,,,,,,,,,,,,,,,,,,,,,,,,,,,,,,,,,
,,,,,,,,,,,,,,,,,,,,,,,,,,,,,,,,,,,,
,,,,,,,,,,,,,,,,,,,,,,,,,,,,,,,,,,,,
,,,,,,,,,,,,,,,,,,,,,,,,,,,,,,,,,,,,
,,,,,,,,,,,,,,,,,,,,,,,,,,,,,,,,,,,,
,,,,,,,,,,,,,,,,,,,,,,,,,,,,,,,,,,,,
,,,,,,,,,,,,,,,,,,,,,,,,,,,,,,,,,,,,
,,,,,,,,,,,,,,,,,,,,,,,,,,,,,,,,,,,,
,,,,,,,,,,,,,,,,,,,,,,,,,,,,,,,,,,,,
,,,,,,,,,,,,,,,,,,,,,,,,,,,,,,,,,,,,
,,,,,,,,,,,,,,,,,,,,,,,,,,,,,,,,,,,,
,,,,,,,,,,,,,,,,,,,,,,,,,,,,,,,,,,,,
,,,,,,,,,,,,,,,,,,,,,,,,,,,,,,,,,,,,
,,,,,,,,,,,,,,,,,,,,,,,,,,,,,,,,,,,,
,,,,,,,,,,,,,,,,,,,,,,,,,,,,,,,,,,,,
,,,,,,,,,,,,,,,,,,,,,,,,,,,,,,,,,,,,
,,,,,,,,,,,,,,,,,,,,,,,,,,,,,,,,,,,,
,,,,,,,,,,,,,,,,,,,,,,,,,,,,,,,,,,,,
,,,,,,,,,,,,,,,,,,,,,,,,,,,,,,,,,,,,
,,,,,,,,,,,,,,,,,,,,,,,,,,,,,,,,,,,,
,,,,,,,,,,,,,,,,,,,,,,,,,,,,,,,,,,,,
,,,,,,,,,,,,,,,,,,,,,,,,,,,,,,,,,,,,
,,,,,,,,,,,,,,,,,,,,,,,,,,,,,,,,,,,,
,,,,,,,,,,,,,,,,,,,,,,,,,,,,,,,,,,,,
,,,,,,,,,,,,,,,,,,,,,,,,,,,,,,,,,,,,
,,,,,,,,,,,,,,,,,,,,,,,,,,,,,,,,,,,,
,,,,,,,,,,,,,,,,,,,,,,,,,,,,,,,,,,,,
,,,,,,,,,,,,,,,,,,,,,,,,,,,,,,,,,,,,
,,,,,,,,,,,,,,,,,,,,,,,,,,,,,,,,,,,,
,,,,,,,,,,,,,,,,,,,,,,,,,,,,,,,,,,,,
,,,,,,,,,,,,,,,,,,,,,,,,,,,,,,,,,,,,
,,,,,,,,,,,,,,,,,,,,,,,,,,,,,,,,,,,,
,,,,,,,,,,,,,,,,,,,,,,,,,,,,,,,,,,,,
,,,,,,,,,,,,,,,,,,,,,,,,,,,,,,,,,,,,
,,,,,,,,,,,,,,,,,,,,,,,,,,,,,,,,,,,,
,,,,,,,,,,,,,,,,,,,,,,,,,,,,,,,,,,,,
,,,,,,,,,,,,,,,,,,,,,,,,,,,,,,,,,,,,
,,,,,,,,,,,,,,,,,,,,,,,,,,,,,,,,,,,,
,,,,,,,,,,,,,,,,,,,,,,,,,,,,,,,,,,,,
,,,,,,,,,,,,,,,,,,,,,,,,,,,,,,,,,,,,
,,,,,,,,,,,,,,,,,,,,,,,,,,,,,,,,,,,,
,,,,,,,,,,,,,,,,,,,,,,,,,,,,,,,,,,,,
,,,,,,,,,,,,,,,,,,,,,,,,,,,,,,,,,,,,
,,,,,,,,,,,,,,,,,,,,,,,,,,,,,,,,,,,,
,,,,,,,,,,,,,,,,,,,,,,,,,,,,,,,,,,,,
,,,,,,,,,,,,,,,,,,,,,,,,,,,,,,,,,,,,
,,,,,,,,,,,,,,,,,,,,,,,,,,,,,,,,,,,,
,,,,,,,,,,,,,,,,,,,,,,,,,,,,,,,,,,,,
,,,,,,,,,,,,,,,,,,,,,,,,,,,,,,,,,,,,
,,,,,,,,,,,,,,,,,,,,,,,,,,,,,,,,,,,,
,,,,,,,,,,,,,,,,,,,,,,,,,,,,,,,,,,,,
,,,,,,,,,,,,,,,,,,,,,,,,,,,,,,,,,,,,
,,,,,,,,,,,,,,,,,,,,,,,,,,,,,,,,,,,,
,,,,,,,,,,,,,,,,,,,,,,,,,,,,,,,,,,,,
,,,,,,,,,,,,,,,,,,,,,,,,,,,,,,,,,,,,
,,,,,,,,,,,,,,,,,,,,,,,,,,,,,,,,,,,,
,,,,,,,,,,,,,,,,,,,,,,,,,,,,,,,,,,,,
,,,,,,,,,,,,,,,,,,,,,,,,,,,,,,,,,,,,
,,,,,,,,,,,,,,,,,,,,,,,,,,,,,,,,,,,,
,,,,,,,,,,,,,,,,,,,,,,,,,,,,,,,,,,,,
,,,,,,,,,,,,,,,,,,,,,,,,,,,,,,,,,,,,
,,,,,,,,,,,,,,,,,,,,,,,,,,,,,,,,,,,,
,,,,,,,,,,,,,,,,,,,,,,,,,,,,,,,,,,,,
,,,,,,,,,,,,,,,,,,,,,,,,,,,,,,,,,,,,
,,,,,,,,,,,,,,,,,,,,,,,,,,,,,,,,,,,,
,,,,,,,,,,,,,,,,,,,,,,,,,,,,,,,,,,,,
,,,,,,,,,,,,,,,,,,,,,,,,,,,,,,,,,,,,
,,,,,,,,,,,,,,,,,,,,,,,,,,,,,,,,,,,,
,,,,,,,,,,,,,,,,,,,,,,,,,,,,,,,,,,,,
,,,,,,,,,,,,,,,,,,,,,,,,,,,,,,,,,,,,
,,,,,,,,,,,,,,,,,,,,,,,,,,,,,,,,,,,,
,,,,,,,,,,,,,,,,,,,,,,,,,,,,,,,,,,,,
,,,,,,,,,,,,,,,,,,,,,,,,,,,,,,,,,,,,
,,,,,,,,,,,,,,,,,,,,,,,,,,,,,,,,,,,,
,,,,,,,,,,,,,,,,,,,,,,,,,,,,,,,,,,,,
,,,,,,,,,,,,,,,,,,,,,,,,,,,,,,,,,,,,
,,,,,,,,,,,,,,,,,,,,,,,,,,,,,,,,,,,,
,,,,,,,,,,,,,,,,,,,,,,,,,,,,,,,,,,,,
,,,,,,,,,,,,,,,,,,,,,,,,,,,,,,,,,,,,
,,,,,,,,,,,,,,,,,,,,,,,,,,,,,,,,,,,,
,,,,,,,,,,,,,,,,,,,,,,,,,,,,,,,,,,,,
,,,,,,,,,,,,,,,,,,,,,,,,,,,,,,,,,,,,
,,,,,,,,,,,,,,,,,,,,,,,,,,,,,,,,,,,,
,,,,,,,,,,,,,,,,,,,,,,,,,,,,,,,,,,,,
,,,,,,,,,,,,,,,,,,,,,,,,,,,,,,,,,,,,
,,,,,,,,,,,,,,,,,,,,,,,,,,,,,,,,,,,,
,,,,,,,,,,,,,,,,,,,,,,,,,,,,,,,,,,,,
,,,,,,,,,,,,,,,,,,,,,,,,,,,,,,,,,,,,
,,,,,,,,,,,,,,,,,,,,,,,,,,,,,,,,,,,,
,,,,,,,,,,,,,,,,,,,,,,,,,,,,,,,,,,,,
,,,,,,,,,,,,,,,,,,,,,,,,,,,,,,,,,,,,
,,,,,,,,,,,,,,,,,,,,,,,,,,,,,,,,,,,,
,,,,,,,,,,,,,,,,,,,,,,,,,,,,,,,,,,,,
,,,,,,,,,,,,,,,,,,,,,,,,,,,,,,,,,,,,
,,,,,,,,,,,,,,,,,,,,,,,,,,,,,,,,,,,,
,,,,,,,,,,,,,,,,,,,,,,,,,,,,,,,,,,,,
,,,,,,,,,,,,,,,,,,,,,,,,,,,,,,,,,,,,
,,,,,,,,,,,,,,,,,,,,,,,,,,,,,,,,,,,,
,,,,,,,,,,,,,,,,,,,,,,,,,,,,,,,,,,,,
,,,,,,,,,,,,,,,,,,,,,,,,,,,,,,,,,,,,
,,,,,,,,,,,,,,,,,,,,,,,,,,,,,,,,,,,,
,,,,,,,,,,,,,,,,,,,,,,,,,,,,,,,,,,,,
,,,,,,,,,,,,,,,,,,,,,,,,,,,,,,,,,,,,
,,,,,,,,,,,,,,,,,,,,,,,,,,,,,,,,,,,,
,,,,,,,,,,,,,,,,,,,,,,,,,,,,,,,,,,,,
,,,,,,,,,,,,,,,,,,,,,,,,,,,,,,,,,,,,
,,,,,,,,,,,,,,,,,,,,,,,,,,,,,,,,,,,,
,,,,,,,,,,,,,,,,,,,,,,,,,,,,,,,,,,,,
,,,,,,,,,,,,,,,,,,,,,,,,,,,,,,,,,,,,
,,,,,,,,,,,,,,,,,,,,,,,,,,,,,,,,,,,,
,,,,,,,,,,,,,,,,,,,,,,,,,,,,,,,,,,,,
,,,,,,,,,,,,,,,,,,,,,,,,,,,,,,,,,,,,
,,,,,,,,,,,,,,,,,,,,,,,,,,,,,,,,,,,,
,,,,,,,,,,,,,,,,,,,,,,,,,,,,,,,,,,,,
,,,,,,,,,,,,,,,,,,,,,,,,,,,,,,,,,,,,
,,,,,,,,,,,,,,,,,,,,,,,,,,,,,,,,,,,,
,,,,,,,,,,,,,,,,,,,,,,,,,,,,,,,,,,,,
,,,,,,,,,,,,,,,,,,,,,,,,,,,,,,,,,,,,
,,,,,,,,,,,,,,,,,,,,,,,,,,,,,,,,,,,,
,,,,,,,,,,,,,,,,,,,,,,,,,,,,,,,,,,,,
,,,,,,,,,,,,,,,,,,,,,,,,,,,,,,,,,,,,
,,,,,,,,,,,,,,,,,,,,,,,,,,,,,,,,,,,,
,,,,,,,,,,,,,,,,,,,,,,,,,,,,,,,,,,,,
,,,,,,,,,,,,,,,,,,,,,,,,,,,,,,,,,,,,
,,,,,,,,,,,,,,,,,,,,,,,,,,,,,,,,,,,,
,,,,,,,,,,,,,,,,,,,,,,,,,,,,,,,,,,,,
,,,,,,,,,,,,,,,,,,,,,,,,,,,,,,,,,,,,
,,,,,,,,,,,,,,,,,,,,,,,,,,,,,,,,,,,,
,,,,,,,,,,,,,,,,,,,,,,,,,,,,,,,,,,,,
,,,,,,,,,,,,,,,,,,,,,,,,,,,,,,,,,,,,
,,,,,,,,,,,,,,,,,,,,,,,,,,,,,,,,,,,,
,,,,,,,,,,,,,,,,,,,,,,,,,,,,,,,,,,,,
,,,,,,,,,,,,,,,,,,,,,,,,,,,,,,,,,,,,
,,,,,,,,,,,,,,,,,,,,,,,,,,,,,,,,,,,,
,,,,,,,,,,,,,,,,,,,,,,,,,,,,,,,,,,,,
,,,,,,,,,,,,,,,,,,,,,,,,,,,,,,,,,,,,
,,,,,,,,,,,,,,,,,,,,,,,,,,,,,,,,,,,,
,,,,,,,,,,,,,,,,,,,,,,,,,,,,,,,,,,,,
,,,,,,,,,,,,,,,,,,,,,,,,,,,,,,,,,,,,
,,,,,,,,,,,,,,,,,,,,,,,,,,,,,,,,,,,,
,,,,,,,,,,,,,,,,,,,,,,,,,,,,,,,,,,,,
,,,,,,,,,,,,,,,,,,,,,,,,,,,,,,,,,,,,
,,,,,,,,,,,,,,,,,,,,,,,,,,,,,,,,,,,,
,,,,,,,,,,,,,,,,,,,,,,,,,,,,,,,,,,,,
,,,,,,,,,,,,,,,,,,,,,,,,,,,,,,,,,,,,
,,,,,,,,,,,,,,,,,,,,,,,,,,,,,,,,,,,,
,,,,,,,,,,,,,,,,,,,,,,,,,,,,,,,,,,,,
,,,,,,,,,,,,,,,,,,,,,,,,,,,,,,,,,,,,
,,,,,,,,,,,,,,,,,,,,,,,,,,,,,,,,,,,,
,,,,,,,,,,,,,,,,,,,,,,,,,,,,,,,,,,,,
,,,,,,,,,,,,,,,,,,,,,,,,,,,,,,,,,,,,
,,,,,,,,,,,,,,,,,,,,,,,,,,,,,,,,,,,,
,,,,,,,,,,,,,,,,,,,,,,,,,,,,,,,,,,,,
,,,,,,,,,,,,,,,,,,,,,,,,,,,,,,,,,,,,
,,,,,,,,,,,,,,,,,,,,,,,,,,,,,,,,,,,,
,,,,,,,,,,,,,,,,,,,,,,,,,,,,,,,,,,,,
,,,,,,,,,,,,,,,,,,,,,,,,,,,,,,,,,,,,
,,,,,,,,,,,,,,,,,,,,,,,,,,,,,,,,,,,,
,,,,,,,,,,,,,,,,,,,,,,,,,,,,,,,,,,,,
,,,,,,,,,,,,,,,,,,,,,,,,,,,,,,,,,,,,
,,,,,,,,,,,,,,,,,,,,,,,,,,,,,,,,,,,,
,,,,,,,,,,,,,,,,,,,,,,,,,,,,,,,,,,,,
,,,,,,,,,,,,,,,,,,,,,,,,,,,,,,,,,,,,
,,,,,,,,,,,,,,,,,,,,,,,,,,,,,,,,,,,,
,,,,,,,,,,,,,,,,,,,,,,,,,,,,,,,,,,,,
,,,,,,,,,,,,,,,,,,,,,,,,,,,,,,,,,,,,
,,,,,,,,,,,,,,,,,,,,,,,,,,,,,,,,,,,,
,,,,,,,,,,,,,,,,,,,,,,,,,,,,,,,,,,,,
,,,,,,,,,,,,,,,,,,,,,,,,,,,,,,,,,,,,
,,,,,,,,,,,,,,,,,,,,,,,,,,,,,,,,,,,,
,,,,,,,,,,,,,,,,,,,,,,,,,,,,,,,,,,,,
,,,,,,,,,,,,,,,,,,,,,,,,,,,,,,,,,,,,
,,,,,,,,,,,,,,,,,,,,,,,,,,,,,,,,,,,,
,,,,,,,,,,,,,,,,,,,,,,,,,,,,,,,,,,,,
,,,,,,,,,,,,,,,,,,,,,,,,,,,,,,,,,,,,
,,,,,,,,,,,,,,,,,,,,,,,,,,,,,,,,,,,,
,,,,,,,,,,,,,,,,,,,,,,,,,,,,,,,,,,,,
,,,,,,,,,,,,,,,,,,,,,,,,,,,,,,,,,,,,
,,,,,,,,,,,,,,,,,,,,,,,,,,,,,,,,,,,,
,,,,,,,,,,,,,,,,,,,,,,,,,,,,,,,,,,,,
,,,,,,,,,,,,,,,,,,,,,,,,,,,,,,,,,,,,
,,,,,,,,,,,,,,,,,,,,,,,,,,,,,,,,,,,,
,,,,,,,,,,,,,,,,,,,,,,,,,,,,,,,,,,,,
,,,,,,,,,,,,,,,,,,,,,,,,,,,,,,,,,,,,
,,,,,,,,,,,,,,,,,,,,,,,,,,,,,,,,,,,,
,,,,,,,,,,,,,,,,,,,,,,,,,,,,,,,,,,,,
,,,,,,,,,,,,,,,,,,,,,,,,,,,,,,,,,,,,
,,,,,,,,,,,,,,,,,,,,,,,,,,,,,,,,,,,,
,,,,,,,,,,,,,,,,,,,,,,,,,,,,,,,,,,,,
,,,,,,,,,,,,,,,,,,,,,,,,,,,,,,,,,,,,
,,,,,,,,,,,,,,,,,,,,,,,,,,,,,,,,,,,,
,,,,,,,,,,,,,,,,,,,,,,,,,,,,,,,,,,,,
,,,,,,,,,,,,,,,,,,,,,,,,,,,,,,,,,,,,
,,,,,,,,,,,,,,,,,,,,,,,,,,,,,,,,,,,,
,,,,,,,,,,,,,,,,,,,,,,,,,,,,,,,,,,,,
,,,,,,,,,,,,,,,,,,,,,,,,,,,,,,,,,,,,
,,,,,,,,,,,,,,,,,,,,,,,,,,,,,,,,,,,,
,,,,,,,,,,,,,,,,,,,,,,,,,,,,,,,,,,,,
,,,,,,,,,,,,,,,,,,,,,,,,,,,,,,,,,,,,
,,,,,,,,,,,,,,,,,,,,,,,,,,,,,,,,,,,,
,,,,,,,,,,,,,,,,,,,,,,,,,,,,,,,,,,,,
,,,,,,,,,,,,,,,,,,,,,,,,,,,,,,,,,,,,
,,,,,,,,,,,,,,,,,,,,,,,,,,,,,,,,,,,,
,,,,,,,,,,,,,,,,,,,,,,,,,,,,,,,,,,,,
,,,,,,,,,,,,,,,,,,,,,,,,,,,,,,,,,,,,
,,,,,,,,,,,,,,,,,,,,,,,,,,,,,,,,,,,,
,,,,,,,,,,,,,,,,,,,,,,,,,,,,,,,,,,,,
,,,,,,,,,,,,,,,,,,,,,,,,,,,,,,,,,,,,
,,,,,,,,,,,,,,,,,,,,,,,,,,,,,,,,,,,,
,,,,,,,,,,,,,,,,,,,,,,,,,,,,,,,,,,,,
,,,,,,,,,,,,,,,,,,,,,,,,,,,,,,,,,,,,
,,,,,,,,,,,,,,,,,,,,,,,,,,,,,,,,,,,,
,,,,,,,,,,,,,,,,,,,,,,,,,,,,,,,,,,,,
,,,,,,,,,,,,,,,,,,,,,,,,,,,,,,,,,,,,
,,,,,,,,,,,,,,,,,,,,,,,,,,,,,,,,,,,,
,,,,,,,,,,,,,,,,,,,,,,,,,,,,,,,,,,,,
,,,,,,,,,,,,,,,,,,,,,,,,,,,,,,,,,,,,
,,,,,,,,,,,,,,,,,,,,,,,,,,,,,,,,,,,,
,,,,,,,,,,,,,,,,,,,,,,,,,,,,,,,,,,,,
,,,,,,,,,,,,,,,,,,,,,,,,,,,,,,,,,,,,
,,,,,,,,,,,,,,,,,,,,,,,,,,,,,,,,,,,,
,,,,,,,,,,,,,,,,,,,,,,,,,,,,,,,,,,,,
,,,,,,,,,,,,,,,,,,,,,,,,,,,,,,,,,,,,
,,,,,,,,,,,,,,,,,,,,,,,,,,,,,,,,,,,,
,,,,,,,,,,,,,,,,,,,,,,,,,,,,,,,,,,,,
,,,,,,,,,,,,,,,,,,,,,,,,,,,,,,,,,,,,
,,,,,,,,,,,,,,,,,,,,,,,,,,,,,,,,,,,,
,,,,,,,,,,,,,,,,,,,,,,,,,,,,,,,,,,,,
,,,,,,,,,,,,,,,,,,,,,,,,,,,,,,,,,,,,
,,,,,,,,,,,,,,,,,,,,,,,,,,,,,,,,,,,,
,,,,,,,,,,,,,,,,,,,,,,,,,,,,,,,,,,,,
,,,,,,,,,,,,,,,,,,,,,,,,,,,,,,,,,,,,
,,,,,,,,,,,,,,,,,,,,,,,,,,,,,,,,,,,,
,,,,,,,,,,,,,,,,,,,,,,,,,,,,,,,,,,,,
,,,,,,,,,,,,,,,,,,,,,,,,,,,,,,,,,,,,
,,,,,,,,,,,,,,,,,,,,,,,,,,,,,,,,,,,,
,,,,,,,,,,,,,,,,,,,,,,,,,,,,,,,,,,,,
,,,,,,,,,,,,,,,,,,,,,,,,,,,,,,,,,,,,
,,,,,,,,,,,,,,,,,,,,,,,,,,,,,,,,,,,,
,,,,,,,,,,,,,,,,,,,,,,,,,,,,,,,,,,,,
,,,,,,,,,,,,,,,,,,,,,,,,,,,,,,,,,,,,
,,,,,,,,,,,,,,,,,,,,,,,,,,,,,,,,,,,,
,,,,,,,,,,,,,,,,,,,,,,,,,,,,,,,,,,,,
,,,,,,,,,,,,,,,,,,,,,,,,,,,,,,,,,,,,
,,,,,,,,,,,,,,,,,,,,,,,,,,,,,,,,,,,,
,,,,,,,,,,,,,,,,,,,,,,,,,,,,,,,,,,,,
,,,,,,,,,,,,,,,,,,,,,,,,,,,,,,,,,,,,
,,,,,,,,,,,,,,,,,,,,,,,,,,,,,,,,,,,,
,,,,,,,,,,,,,,,,,,,,,,,,,,,,,,,,,,,,
,,,,,,,,,,,,,,,,,,,,,,,,,,,,,,,,,,,,
,,,,,,,,,,,,,,,,,,,,,,,,,,,,,,,,,,,,
,,,,,,,,,,,,,,,,,,,,,,,,,,,,,,,,,,,,
,,,,,,,,,,,,,,,,,,,,,,,,,,,,,,,,,,,,
,,,,,,,,,,,,,,,,,,,,,,,,,,,,,,,,,,,,
,,,,,,,,,,,,,,,,,,,,,,,,,,,,,,,,,,,,
,,,,,,,,,,,,,,,,,,,,,,,,,,,,,,,,,,,,
,,,,,,,,,,,,,,,,,,,,,,,,,,,,,,,,,,,,
,,,,,,,,,,,,,,,,,,,,,,,,,,,,,,,,,,,,
,,,,,,,,,,,,,,,,,,,,,,,,,,,,,,,,,,,,
,,,,,,,,,,,,,,,,,,,,,,,,,,,,,,,,,,,,
,,,,,,,,,,,,,,,,,,,,,,,,,,,,,,,,,,,,
,,,,,,,,,,,,,,,,,,,,,,,,,,,,,,,,,,,,
,,,,,,,,,,,,,,,,,,,,,,,,,,,,,,,,,,,,
,,,,,,,,,,,,,,,,,,,,,,,,,,,,,,,,,,,,
,,,,,,,,,,,,,,,,,,,,,,,,,,,,,,,,,,,,
,,,,,,,,,,,,,,,,,,,,,,,,,,,,,,,,,,,,
,,,,,,,,,,,,,,,,,,,,,,,,,,,,,,,,,,,,
,,,,,,,,,,,,,,,,,,,,,,,,,,,,,,,,,,,,
,,,,,,,,,,,,,,,,,,,,,,,,,,,,,,,,,,,,
,,,,,,,,,,,,,,,,,,,,,,,,,,,,,,,,,,,,
,,,,,,,,,,,,,,,,,,,,,,,,,,,,,,,,,,,,
,,,,,,,,,,,,,,,,,,,,,,,,,,,,,,,,,,,,
,,,,,,,,,,,,,,,,,,,,,,,,,,,,,,,,,,,,
,,,,,,,,,,,,,,,,,,,,,,,,,,,,,,,,,,,,
,,,,,,,,,,,,,,,,,,,,,,,,,,,,,,,,,,,,
,,,,,,,,,,,,,,,,,,,,,,,,,,,,,,,,,,,,
,,,,,,,,,,,,,,,,,,,,,,,,,,,,,,,,,,,,
,,,,,,,,,,,,,,,,,,,,,,,,,,,,,,,,,,,,
,,,,,,,,,,,,,,,,,,,,,,,,,,,,,,,,,,,,
,,,,,,,,,,,,,,,,,,,,,,,,,,,,,,,,,,,,
,,,,,,,,,,,,,,,,,,,,,,,,,,,,,,,,,,,,
,,,,,,,,,,,,,,,,,,,,,,,,,,,,,,,,,,,,
,,,,,,,,,,,,,,,,,,,,,,,,,,,,,,,,,,,,
,,,,,,,,,,,,,,,,,,,,,,,,,,,,,,,,,,,,
,,,,,,,,,,,,,,,,,,,,,,,,,,,,,,,,,,,,
,,,,,,,,,,,,,,,,,,,,,,,,,,,,,,,,,,,,
,,,,,,,,,,,,,,,,,,,,,,,,,,,,,,,,,,,,
,,,,,,,,,,,,,,,,,,,,,,,,,,,,,,,,,,,,
,,,,,,,,,,,,,,,,,,,,,,,,,,,,,,,,,,,,
,,,,,,,,,,,,,,,,,,,,,,,,,,,,,,,,,,,,
,,,,,,,,,,,,,,,,,,,,,,,,,,,,,,,,,,,,
,,,,,,,,,,,,,,,,,,,,,,,,,,,,,,,,,,,,
,,,,,,,,,,,,,,,,,,,,,,,,,,,,,,,,,,,,
,,,,,,,,,,,,,,,,,,,,,,,,,,,,,,,,,,,,
,,,,,,,,,,,,,,,,,,,,,,,,,,,,,,,,,,,,
,,,,,,,,,,,,,,,,,,,,,,,,,,,,,,,,,,,,
,,,,,,,,,,,,,,,,,,,,,,,,,,,,,,,,,,,,
,,,,,,,,,,,,,,,,,,,,,,,,,,,,,,,,,,,,
,,,,,,,,,,,,,,,,,,,,,,,,,,,,,,,,,,,,
,,,,,,,,,,,,,,,,,,,,,,,,,,,,,,,,,,,,
,,,,,,,,,,,,,,,,,,,,,,,,,,,,,,,,,,,,
,,,,,,,,,,,,,,,,,,,,,,,,,,,,,,,,,,,,
,,,,,,,,,,,,,,,,,,,,,,,,,,,,,,,,,,,,
,,,,,,,,,,,,,,,,,,,,,,,,,,,,,,,,,,,,
,,,,,,,,,,,,,,,,,,,,,,,,,,,,,,,,,,,,
,,,,,,,,,,,,,,,,,,,,,,,,,,,,,,,,,,,,
,,,,,,,,,,,,,,,,,,,,,,,,,,,,,,,,,,,,
,,,,,,,,,,,,,,,,,,,,,,,,,,,,,,,,,,,,
,,,,,,,,,,,,,,,,,,,,,,,,,,,,,,,,,,,,
,,,,,,,,,,,,,,,,,,,,,,,,,,,,,,,,,,,,
,,,,,,,,,,,,,,,,,,,,,,,,,,,,,,,,,,,,
,,,,,,,,,,,,,,,,,,,,,,,,,,,,,,,,,,,,
,,,,,,,,,,,,,,,,,,,,,,,,,,,,,,,,,,,,
,,,,,,,,,,,,,,,,,,,,,,,,,,,,,,,,,,,,
,,,,,,,,,,,,,,,,,,,,,,,,,,,,,,,,,,,,
,,,,,,,,,,,,,,,,,,,,,,,,,,,,,,,,,,,,
,,,,,,,,,,,,,,,,,,,,,,,,,,,,,,,,,,,,
,,,,,,,,,,,,,,,,,,,,,,,,,,,,,,,,,,,,
,,,,,,,,,,,,,,,,,,,,,,,,,,,,,,,,,,,,
,,,,,,,,,,,,,,,,,,,,,,,,,,,,,,,,,,,,
,,,,,,,,,,,,,,,,,,,,,,,,,,,,,,,,,,,,
,,,,,,,,,,,,,,,,,,,,,,,,,,,,,,,,,,,,
,,,,,,,,,,,,,,,,,,,,,,,,,,,,,,,,,,,,
,,,,,,,,,,,,,,,,,,,,,,,,,,,,,,,,,,,,
,,,,,,,,,,,,,,,,,,,,,,,,,,,,,,,,,,,,
,,,,,,,,,,,,,,,,,,,,,,,,,,,,,,,,,,,,
,,,,,,,,,,,,,,,,,,,,,,,,,,,,,,,,,,,,
,,,,,,,,,,,,,,,,,,,,,,,,,,,,,,,,,,,,
,,,,,,,,,,,,,,,,,,,,,,,,,,,,,,,,,,,,
,,,,,,,,,,,,,,,,,,,,,,,,,,,,,,,,,,,,
,,,,,,,,,,,,,,,,,,,,,,,,,,,,,,,,,,,,
,,,,,,,,,,,,,,,,,,,,,,,,,,,,,,,,,,,,
,,,,,,,,,,,,,,,,,,,,,,,,,,,,,,,,,,,,
,,,,,,,,,,,,,,,,,,,,,,,,,,,,,,,,,,,,
,,,,,,,,,,,,,,,,,,,,,,,,,,,,,,,,,,,,
,,,,,,,,,,,,,,,,,,,,,,,,,,,,,,,,,,,,
,,,,,,,,,,,,,,,,,,,,,,,,,,,,,,,,,,,,
,,,,,,,,,,,,,,,,,,,,,,,,,,,,,,,,,,,,
,,,,,,,,,,,,,,,,,,,,,,,,,,,,,,,,,,,,
,,,,,,,,,,,,,,,,,,,,,,,,,,,,,,,,,,,,
,,,,,,,,,,,,,,,,,,,,,,,,,,,,,,,,,,,,
,,,,,,,,,,,,,,,,,,,,,,,,,,,,,,,,,,,,
,,,,,,,,,,,,,,,,,,,,,,,,,,,,,,,,,,,,
,,,,,,,,,,,,,,,,,,,,,,,,,,,,,,,,,,,,
,,,,,,,,,,,,,,,,,,,,,,,,,,,,,,,,,,,,
,,,,,,,,,,,,,,,,,,,,,,,,,,,,,,,,,,,,
,,,,,,,,,,,,,,,,,,,,,,,,,,,,,,,,,,,,
,,,,,,,,,,,,,,,,,,,,,,,,,,,,,,,,,,,,
,,,,,,,,,,,,,,,,,,,,,,,,,,,,,,,,,,,,
,,,,,,,,,,,,,,,,,,,,,,,,,,,,,,,,,,,,
,,,,,,,,,,,,,,,,,,,,,,,,,,,,,,,,,,,,
,,,,,,,,,,,,,,,,,,,,,,,,,,,,,,,,,,,,
,,,,,,,,,,,,,,,,,,,,,,,,,,,,,,,,,,,,
,,,,,,,,,,,,,,,,,,,,,,,,,,,,,,,,,,,,
,,,,,,,,,,,,,,,,,,,,,,,,,,,,,,,,,,,,
,,,,,,,,,,,,,,,,,,,,,,,,,,,,,,,,,,,,
,,,,,,,,,,,,,,,,,,,,,,,,,,,,,,,,,,,,
,,,,,,,,,,,,,,,,,,,,,,,,,,,,,,,,,,,,
,,,,,,,,,,,,,,,,,,,,,,,,,,,,,,,,,,,,
,,,,,,,,,,,,,,,,,,,,,,,,,,,,,,,,,,,,
,,,,,,,,,,,,,,,,,,,,,,,,,,,,,,,,,,,,
,,,,,,,,,,,,,,,,,,,,,,,,,,,,,,,,,,,,
,,,,,,,,,,,,,,,,,,,,,,,,,,,,,,,,,,,,
,,,,,,,,,,,,,,,,,,,,,,,,,,,,,,,,,,,,
,,,,,,,,,,,,,,,,,,,,,,,,,,,,,,,,,,,,
,,,,,,,,,,,,,,,,,,,,,,,,,,,,,,,,,,,,
,,,,,,,,,,,,,,,,,,,,,,,,,,,,,,,,,,,,
,,,,,,,,,,,,,,,,,,,,,,,,,,,,,,,,,,,,
,,,,,,,,,,,,,,,,,,,,,,,,,,,,,,,,,,,,
,,,,,,,,,,,,,,,,,,,,,,,,,,,,,,,,,,,,
,,,,,,,,,,,,,,,,,,,,,,,,,,,,,,,,,,,,
,,,,,,,,,,,,,,,,,,,,,,,,,,,,,,,,,,,,
,,,,,,,,,,,,,,,,,,,,,,,,,,,,,,,,,,,,
,,,,,,,,,,,,,,,,,,,,,,,,,,,,,,,,,,,,
,,,,,,,,,,,,,,,,,,,,,,,,,,,,,,,,,,,,
,,,,,,,,,,,,,,,,,,,,,,,,,,,,,,,,,,,,
,,,,,,,,,,,,,,,,,,,,,,,,,,,,,,,,,,,,
,,,,,,,,,,,,,,,,,,,,,,,,,,,,,,,,,,,,
,,,,,,,,,,,,,,,,,,,,,,,,,,,,,,,,,,,,
,,,,,,,,,,,,,,,,,,,,,,,,,,,,,,,,,,,,
,,,,,,,,,,,,,,,,,,,,,,,,,,,,,,,,,,,,
,,,,,,,,,,,,,,,,,,,,,,,,,,,,,,,,,,,,
,,,,,,,,,,,,,,,,,,,,,,,,,,,,,,,,,,,,
,,,,,,,,,,,,,,,,,,,,,,,,,,,,,,,,,,,,
,,,,,,,,,,,,,,,,,,,,,,,,,,,,,,,,,,,,
,,,,,,,,,,,,,,,,,,,,,,,,,,,,,,,,,,,,
,,,,,,,,,,,,,,,,,,,,,,,,,,,,,,,,,,,,
,,,,,,,,,,,,,,,,,,,,,,,,,,,,,,,,,,,,
,,,,,,,,,,,,,,,,,,,,,,,,,,,,,,,,,,,,
,,,,,,,,,,,,,,,,,,,,,,,,,,,,,,,,,,,,
,,,,,,,,,,,,,,,,,,,,,,,,,,,,,,,,,,,,
,,,,,,,,,,,,,,,,,,,,,,,,,,,,,,,,,,,,
,,,,,,,,,,,,,,,,,,,,,,,,,,,,,,,,,,,,
,,,,,,,,,,,,,,,,,,,,,,,,,,,,,,,,,,,,
,,,,,,,,,,,,,,,,,,,,,,,,,,,,,,,,,,,,
,,,,,,,,,,,,,,,,,,,,,,,,,,,,,,,,,,,,
,,,,,,,,,,,,,,,,,,,,,,,,,,,,,,,,,,,,
,,,,,,,,,,,,,,,,,,,,,,,,,,,,,,,,,,,,
,,,,,,,,,,,,,,,,,,,,,,,,,,,,,,,,,,,,
,,,,,,,,,,,,,,,,,,,,,,,,,,,,,,,,,,,,
,,,,,,,,,,,,,,,,,,,,,,,,,,,,,,,,,,,,
,,,,,,,,,,,,,,,,,,,,,,,,,,,,,,,,,,,,
,,,,,,,,,,,,,,,,,,,,,,,,,,,,,,,,,,,,
,,,,,,,,,,,,,,,,,,,,,,,,,,,,,,,,,,,,
,,,,,,,,,,,,,,,,,,,,,,,,,,,,,,,,,,,,
,,,,,,,,,,,,,,,,,,,,,,,,,,,,,,,,,,,,
,,,,,,,,,,,,,,,,,,,,,,,,,,,,,,,,,,,,
,,,,,,,,,,,,,,,,,,,,,,,,,,,,,,,,,,,,
,,,,,,,,,,,,,,,,,,,,,,,,,,,,,,,,,,,,
,,,,,,,,,,,,,,,,,,,,,,,,,,,,,,,,,,,,
,,,,,,,,,,,,,,,,,,,,,,,,,,,,,,,,,,,,
,,,,,,,,,,,,,,,,,,,,,,,,,,,,,,,,,,,,
,,,,,,,,,,,,,,,,,,,,,,,,,,,,,,,,,,,,
,,,,,,,,,,,,,,,,,,,,,,,,,,,,,,,,,,,,
,,,,,,,,,,,,,,,,,,,,,,,,,,,,,,,,,,,,
,,,,,,,,,,,,,,,,,,,,,,,,,,,,,,,,,,,,
,,,,,,,,,,,,,,,,,,,,,,,,,,,,,,,,,,,,
,,,,,,,,,,,,,,,,,,,,,,,,,,,,,,,,,,,,
,,,,,,,,,,,,,,,,,,,,,,,,,,,,,,,,,,,,
,,,,,,,,,,,,,,,,,,,,,,,,,,,,,,,,,,,,
,,,,,,,,,,,,,,,,,,,,,,,,,,,,,,,,,,,,
,,,,,,,,,,,,,,,,,,,,,,,,,,,,,,,,,,,,
,,,,,,,,,,,,,,,,,,,,,,,,,,,,,,,,,,,,
,,,,,,,,,,,,,,,,,,,,,,,,,,,,,,,,,,,,
,,,,,,,,,,,,,,,,,,,,,,,,,,,,,,,,,,,,
,,,,,,,,,,,,,,,,,,,,,,,,,,,,,,,,,,,,
,,,,,,,,,,,,,,,,,,,,,,,,,,,,,,,,,,,,
,,,,,,,,,,,,,,,,,,,,,,,,,,,,,,,,,,,,
,,,,,,,,,,,,,,,,,,,,,,,,,,,,,,,,,,,,
,,,,,,,,,,,,,,,,,,,,,,,,,,,,,,,,,,,,
,,,,,,,,,,,,,,,,,,,,,,,,,,,,,,,,,,,,
,,,,,,,,,,,,,,,,,,,,,,,,,,,,,,,,,,,,
,,,,,,,,,,,,,,,,,,,,,,,,,,,,,,,,,,,,
,,,,,,,,,,,,,,,,,,,,,,,,,,,,,,,,,,,,
,,,,,,,,,,,,,,,,,,,,,,,,,,,,,,,,,,,,
,,,,,,,,,,,,,,,,,,,,,,,,,,,,,,,,,,,,
,,,,,,,,,,,,,,,,,,,,,,,,,,,,,,,,,,,,
,,,,,,,,,,,,,,,,,,,,,,,,,,,,,,,,,,,,
,,,,,,,,,,,,,,,,,,,,,,,,,,,,,,,,,,,,
,,,,,,,,,,,,,,,,,,,,,,,,,,,,,,,,,,,,
,,,,,,,,,,,,,,,,,,,,,,,,,,,,,,,,,,,,
,,,,,,,,,,,,,,,,,,,,,,,,,,,,,,,,,,,,
,,,,,,,,,,,,,,,,,,,,,,,,,,,,,,,,,,,,
,,,,,,,,,,,,,,,,,,,,,,,,,,,,,,,,,,,,
,,,,,,,,,,,,,,,,,,,,,,,,,,,,,,,,,,,,
,,,,,,,,,,,,,,,,,,,,,,,,,,,,,,,,,,,,
,,,,,,,,,,,,,,,,,,,,,,,,,,,,,,,,,,,,
,,,,,,,,,,,,,,,,,,,,,,,,,,,,,,,,,,,,
,,,,,,,,,,,,,,,,,,,,,,,,,,,,,,,,,,,,
,,,,,,,,,,,,,,,,,,,,,,,,,,,,,,,,,,,,
,,,,,,,,,,,,,,,,,,,,,,,,,,,,,,,,,,,,
,,,,,,,,,,,,,,,,,,,,,,,,,,,,,,,,,,,,
,,,,,,,,,,,,,,,,,,,,,,,,,,,,,,,,,,,,
,,,,,,,,,,,,,,,,,,,,,,,,,,,,,,,,,,,,
,,,,,,,,,,,,,,,,,,,,,,,,,,,,,,,,,,,,
,,,,,,,,,,,,,,,,,,,,,,,,,,,,,,,,,,,,
,,,,,,,,,,,,,,,,,,,,,,,,,,,,,,,,,,,,
,,,,,,,,,,,,,,,,,,,,,,,,,,,,,,,,,,,,
,,,,,,,,,,,,,,,,,,,,,,,,,,,,,,,,,,,,
,,,,,,,,,,,,,,,,,,,,,,,,,,,,,,,,,,,,
,,,,,,,,,,,,,,,,,,,,,,,,,,,,,,,,,,,,
,,,,,,,,,,,,,,,,,,,,,,,,,,,,,,,,,,,,
,,,,,,,,,,,,,,,,,,,,,,,,,,,,,,,,,,,,
,,,,,,,,,,,,,,,,,,,,,,,,,,,,,,,,,,,,
,,,,,,,,,,,,,,,,,,,,,,,,,,,,,,,,,,,,
,,,,,,,,,,,,,,,,,,,,,,,,,,,,,,,,,,,,
,,,,,,,,,,,,,,,,,,,,,,,,,,,,,,,,,,,,
,,,,,,,,,,,,,,,,,,,,,,,,,,,,,,,,,,,,
,,,,,,,,,,,,,,,,,,,,,,,,,,,,,,,,,,,,
,,,,,,,,,,,,,,,,,,,,,,,,,,,,,,,,,,,,
,,,,,,,,,,,,,,,,,,,,,,,,,,,,,,,,,,,,
,,,,,,,,,,,,,,,,,,,,,,,,,,,,,,,,,,,,
,,,,,,,,,,,,,,,,,,,,,,,,,,,,,,,,,,,,
,,,,,,,,,,,,,,,,,,,,,,,,,,,,,,,,,,,,
,,,,,,,,,,,,,,,,,,,,,,,,,,,,,,,,,,,,
,,,,,,,,,,,,,,,,,,,,,,,,,,,,,,,,,,,,
,,,,,,,,,,,,,,,,,,,,,,,,,,,,,,,,,,,,
,,,,,,,,,,,,,,,,,,,,,,,,,,,,,,,,,,,,
,,,,,,,,,,,,,,,,,,,,,,,,,,,,,,,,,,,,
,,,,,,,,,,,,,,,,,,,,,,,,,,,,,,,,,,,,
,,,,,,,,,,,,,,,,,,,,,,,,,,,,,,,,,,,,
,,,,,,,,,,,,,,,,,,,,,,,,,,,,,,,,,,,,
,,,,,,,,,,,,,,,,,,,,,,,,,,,,,,,,,,,,
,,,,,,,,,,,,,,,,,,,,,,,,,,,,,,,,,,,,
,,,,,,,,,,,,,,,,,,,,,,,,,,,,,,,,,,,,
,,,,,,,,,,,,,,,,,,,,,,,,,,,,,,,,,,,,
,,,,,,,,,,,,,,,,,,,,,,,,,,,,,,,,,,,,
,,,,,,,,,,,,,,,,,,,,,,,,,,,,,,,,,,,,
,,,,,,,,,,,,,,,,,,,,,,,,,,,,,,,,,,,,
,,,,,,,,,,,,,,,,,,,,,,,,,,,,,,,,,,,,
,,,,,,,,,,,,,,,,,,,,,,,,,,,,,,,,,,,,
,,,,,,,,,,,,,,,,,,,,,,,,,,,,,,,,,,,,
,,,,,,,,,,,,,,,,,,,,,,,,,,,,,,,,,,,,
,,,,,,,,,,,,,,,,,,,,,,,,,,,,,,,,,,,,
,,,,,,,,,,,,,,,,,,,,,,,,,,,,,,,,,,,,
,,,,,,,,,,,,,,,,,,,,,,,,,,,,,,,,,,,,
,,,,,,,,,,,,,,,,,,,,,,,,,,,,,,,,,,,,
,,,,,,,,,,,,,,,,,,,,,,,,,,,,,,,,,,,,
,,,,,,,,,,,,,,,,,,,,,,,,,,,,,,,,,,,,
,,,,,,,,,,,,,,,,,,,,,,,,,,,,,,,,,,,,
,,,,,,,,,,,,,,,,,,,,,,,,,,,,,,,,,,,,
,,,,,,,,,,,,,,,,,,,,,,,,,,,,,,,,,,,,
,,,,,,,,,,,,,,,,,,,,,,,,,,,,,,,,,,,,
,,,,,,,,,,,,,,,,,,,,,,,,,,,,,,,,,,,,
,,,,,,,,,,,,,,,,,,,,,,,,,,,,,,,,,,,,
,,,,,,,,,,,,,,,,,,,,,,,,,,,,,,,,,,,,
,,,,,,,,,,,,,,,,,,,,,,,,,,,,,,,,,,,,
,,,,,,,,,,,,,,,,,,,,,,,,,,,,,,,,,,,,
,,,,,,,,,,,,,,,,,,,,,,,,,,,,,,,,,,,,
,,,,,,,,,,,,,,,,,,,,,,,,,,,,,,,,,,,,
,,,,,,,,,,,,,,,,,,,,,,,,,,,,,,,,,,,,
,,,,,,,,,,,,,,,,,,,,,,,,,,,,,,,,,,,,
,,,,,,,,,,,,,,,,,,,,,,,,,,,,,,,,,,,,
,,,,,,,,,,,,,,,,,,,,,,,,,,,,,,,,,,,,
,,,,,,,,,,,,,,,,,,,,,,,,,,,,,,,,,,,,
,,,,,,,,,,,,,,,,,,,,,,,,,,,,,,,,,,,,
,,,,,,,,,,,,,,,,,,,,,,,,,,,,,,,,,,,,
,,,,,,,,,,,,,,,,,,,,,,,,,,,,,,,,,,,,
,,,,,,,,,,,,,,,,,,,,,,,,,,,,,,,,,,,,
,,,,,,,,,,,,,,,,,,,,,,,,,,,,,,,,,,,,
,,,,,,,,,,,,,,,,,,,,,,,,,,,,,,,,,,,,
,,,,,,,,,,,,,,,,,,,,,,,,,,,,,,,,,,,,
,,,,,,,,,,,,,,,,,,,,,,,,,,,,,,,,,,,,
,,,,,,,,,,,,,,,,,,,,,,,,,,,,,,,,,,,,
,,,,,,,,,,,,,,,,,,,,,,,,,,,,,,,,,,,,
,,,,,,,,,,,,,,,,,,,,,,,,,,,,,,,,,,,,
,,,,,,,,,,,,,,,,,,,,,,,,,,,,,,,,,,,,
,,,,,,,,,,,,,,,,,,,,,,,,,,,,,,,,,,,,
,,,,,,,,,,,,,,,,,,,,,,,,,,,,,,,,,,,,
,,,,,,,,,,,,,,,,,,,,,,,,,,,,,,,,,,,,
,,,,,,,,,,,,,,,,,,,,,,,,,,,,,,,,,,,,
,,,,,,,,,,,,,,,,,,,,,,,,,,,,,,,,,,,,
,,,,,,,,,,,,,,,,,,,,,,,,,,,,,,,,,,,,
,,,,,,,,,,,,,,,,,,,,,,,,,,,,,,,,,,,,
,,,,,,,,,,,,,,,,,,,,,,,,,,,,,,,,,,,,
,,,,,,,,,,,,,,,,,,,,,,,,,,,,,,,,,,,,
,,,,,,,,,,,,,,,,,,,,,,,,,,,,,,,,,,,,
,,,,,,,,,,,,,,,,,,,,,,,,,,,,,,,,,,,,
,,,,,,,,,,,,,,,,,,,,,,,,,,,,,,,,,,,,
,,,,,,,,,,,,,,,,,,,,,,,,,,,,,,,,,,,,
,,,,,,,,,,,,,,,,,,,,,,,,,,,,,,,,,,,,
,,,,,,,,,,,,,,,,,,,,,,,,,,,,,,,,,,,,
,,,,,,,,,,,,,,,,,,,,,,,,,,,,,,,,,,,,
,,,,,,,,,,,,,,,,,,,,,,,,,,,,,,,,,,,,
,,,,,,,,,,,,,,,,,,,,,,,,,,,,,,,,,,,,
,,,,,,,,,,,,,,,,,,,,,,,,,,,,,,,,,,,,
,,,,,,,,,,,,,,,,,,,,,,,,,,,,,,,,,,,,
,,,,,,,,,,,,,,,,,,,,,,,,,,,,,,,,,,,,
,,,,,,,,,,,,,,,,,,,,,,,,,,,,,,,,,,,,
,,,,,,,,,,,,,,,,,,,,,,,,,,,,,,,,,,,,
,,,,,,,,,,,,,,,,,,,,,,,,,,,,,,,,,,,,
,,,,,,,,,,,,,,,,,,,,,,,,,,,,,,,,,,,,
,,,,,,,,,,,,,,,,,,,,,,,,,,,,,,,,,,,,
,,,,,,,,,,,,,,,,,,,,,,,,,,,,,,,,,,,,
,,,,,,,,,,,,,,,,,,,,,,,,,,,,,,,,,,,,
,,,,,,,,,,,,,,,,,,,,,,,,,,,,,,,,,,,,
,,,,,,,,,,,,,,,,,,,,,,,,,,,,,,,,,,,,
,,,,,,,,,,,,,,,,,,,,,,,,,,,,,,,,,,,,
,,,,,,,,,,,,,,,,,,,,,,,,,,,,,,,,,,,,
,,,,,,,,,,,,,,,,,,,,,,,,,,,,,,,,,,,,
,,,,,,,,,,,,,,,,,,,,,,,,,,,,,,,,,,,,
,,,,,,,,,,,,,,,,,,,,,,,,,,,,,,,,,,,,
,,,,,,,,,,,,,,,,,,,,,,,,,,,,,,,,,,,,
,,,,,,,,,,,,,,,,,,,,,,,,,,,,,,,,,,,,
,,,,,,,,,,,,,,,,,,,,,,,,,,,,,,,,,,,,
,,,,,,,,,,,,,,,,,,,,,,,,,,,,,,,,,,,,
,,,,,,,,,,,,,,,,,,,,,,,,,,,,,,,,,,,,
,,,,,,,,,,,,,,,,,,,,,,,,,,,,,,,,,,,,
,,,,,,,,,,,,,,,,,,,,,,,,,,,,,,,,,,,,
,,,,,,,,,,,,,,,,,,,,,,,,,,,,,,,,,,,,
,,,,,,,,,,,,,,,,,,,,,,,,,,,,,,,,,,,,
,,,,,,,,,,,,,,,,,,,,,,,,,,,,,,,,,,,,
,,,,,,,,,,,,,,,,,,,,,,,,,,,,,,,,,,,,
,,,,,,,,,,,,,,,,,,,,,,,,,,,,,,,,,,,,
,,,,,,,,,,,,,,,,,,,,,,,,,,,,,,,,,,,,
,,,,,,,,,,,,,,,,,,,,,,,,,,,,,,,,,,,,
,,,,,,,,,,,,,,,,,,,,,,,,,,,,,,,,,,,,
,,,,,,,,,,,,,,,,,,,,,,,,,,,,,,,,,,,,
,,,,,,,,,,,,,,,,,,,,,,,,,,,,,,,,,,,,
,,,,,,,,,,,,,,,,,,,,,,,,,,,,,,,,,,,,
,,,,,,,,,,,,,,,,,,,,,,,,,,,,,,,,,,,,
,,,,,,,,,,,,,,,,,,,,,,,,,,,,,,,,,,,,
,,,,,,,,,,,,,,,,,,,,,,,,,,,,,,,,,,,,
,,,,,,,,,,,,,,,,,,,,,,,,,,,,,,,,,,,,
,,,,,,,,,,,,,,,,,,,,,,,,,,,,,,,,,,,,
,,,,,,,,,,,,,,,,,,,,,,,,,,,,,,,,,,,,
,,,,,,,,,,,,,,,,,,,,,,,,,,,,,,,,,,,,
,,,,,,,,,,,,,,,,,,,,,,,,,,,,,,,,,,,,
,,,,,,,,,,,,,,,,,,,,,,,,,,,,,,,,,,,,
,,,,,,,,,,,,,,,,,,,,,,,,,,,,,,,,,,,,
,,,,,,,,,,,,,,,,,,,,,,,,,,,,,,,,,,,,
,,,,,,,,,,,,,,,,,,,,,,,,,,,,,,,,,,,,
,,,,,,,,,,,,,,,,,,,,,,,,,,,,,,,,,,,,
,,,,,,,,,,,,,,,,,,,,,,,,,,,,,,,,,,,,
,,,,,,,,,,,,,,,,,,,,,,,,,,,,,,,,,,,,
,,,,,,,,,,,,,,,,,,,,,,,,,,,,,,,,,,,,
,,,,,,,,,,,,,,,,,,,,,,,,,,,,,,,,,,,,
,,,,,,,,,,,,,,,,,,,,,,,,,,,,,,,,,,,,
,,,,,,,,,,,,,,,,,,,,,,,,,,,,,,,,,,,,
,,,,,,,,,,,,,,,,,,,,,,,,,,,,,,,,,,,,
,,,,,,,,,,,,,,,,,,,,,,,,,,,,,,,,,,,,
,,,,,,,,,,,,,,,,,,,,,,,,,,,,,,,,,,,,
,,,,,,,,,,,,,,,,,,,,,,,,,,,,,,,,,,,,
,,,,,,,,,,,,,,,,,,,,,,,,,,,,,,,,,,,,
,,,,,,,,,,,,,,,,,,,,,,,,,,,,,,,,,,,,
,,,,,,,,,,,,,,,,,,,,,,,,,,,,,,,,,,,,
,,,,,,,,,,,,,,,,,,,,,,,,,,,,,,,,,,,,
,,,,,,,,,,,,,,,,,,,,,,,,,,,,,,,,,,,,
,,,,,,,,,,,,,,,,,,,,,,,,,,,,,,,,,,,,
,,,,,,,,,,,,,,,,,,,,,,,,,,,,,,,,,,,,
,,,,,,,,,,,,,,,,,,,,,,,,,,,,,,,,,,,,
,,,,,,,,,,,,,,,,,,,,,,,,,,,,,,,,,,,,
,,,,,,,,,,,,,,,,,,,,,,,,,,,,,,,,,,,,
,,,,,,,,,,,,,,,,,,,,,,,,,,,,,,,,,,,,
,,,,,,,,,,,,,,,,,,,,,,,,,,,,,,,,,,,,
,,,,,,,,,,,,,,,,,,,,,,,,,,,,,,,,,,,,
,,,,,,,,,,,,,,,,,,,,,,,,,,,,,,,,,,,,
,,,,,,,,,,,,,,,,,,,,,,,,,,,,,,,,,,,,
,,,,,,,,,,,,,,,,,,,,,,,,,,,,,,,,,,,,
,,,,,,,,,,,,,,,,,,,,,,,,,,,,,,,,,,,,
,,,,,,,,,,,,,,,,,,,,,,,,,,,,,,,,,,,,
,,,,,,,,,,,,,,,,,,,,,,,,,,,,,,,,,,,,
,,,,,,,,,,,,,,,,,,,,,,,,,,,,,,,,,,,,
,,,,,,,,,,,,,,,,,,,,,,,,,,,,,,,,,,,,
,,,,,,,,,,,,,,,,,,,,,,,,,,,,,,,,,,,,
,,,,,,,,,,,,,,,,,,,,,,,,,,,,,,,,,,,,
,,,,,,,,,,,,,,,,,,,,,,,,,,,,,,,,,,,,
,,,,,,,,,,,,,,,,,,,,,,,,,,,,,,,,,,,,
,,,,,,,,,,,,,,,,,,,,,,,,,,,,,,,,,,,,
,,,,,,,,,,,,,,,,,,,,,,,,,,,,,,,,,,,,
,,,,,,,,,,,,,,,,,,,,,,,,,,,,,,,,,,,,
,,,,,,,,,,,,,,,,,,,,,,,,,,,,,,,,,,,,
,,,,,,,,,,,,,,,,,,,,,,,,,,,,,,,,,,,,
,,,,,,,,,,,,,,,,,,,,,,,,,,,,,,,,,,,,
,,,,,,,,,,,,,,,,,,,,,,,,,,,,,,,,,,,,
,,,,,,,,,,,,,,,,,,,,,,,,,,,,,,,,,,,,
,,,,,,,,,,,,,,,,,,,,,,,,,,,,,,,,,,,,
,,,,,,,,,,,,,,,,,,,,,,,,,,,,,,,,,,,,
,,,,,,,,,,,,,,,,,,,,,,,,,,,,,,,,,,,,
,,,,,,,,,,,,,,,,,,,,,,,,,,,,,,,,,,,,
,,,,,,,,,,,,,,,,,,,,,,,,,,,,,,,,,,,,
,,,,,,,,,,,,,,,,,,,,,,,,,,,,,,,,,,,,
,,,,,,,,,,,,,,,,,,,,,,,,,,,,,,,,,,,,
,,,,,,,,,,,,,,,,,,,,,,,,,,,,,,,,,,,,
,,,,,,,,,,,,,,,,,,,,,,,,,,,,,,,,,,,,
,,,,,,,,,,,,,,,,,,,,,,,,,,,,,,,,,,,,
,,,,,,,,,,,,,,,,,,,,,,,,,,,,,,,,,,,,
,,,,,,,,,,,,,,,,,,,,,,,,,,,,,,,,,,,,
,,,,,,,,,,,,,,,,,,,,,,,,,,,,,,,,,,,,
,,,,,,,,,,,,,,,,,,,,,,,,,,,,,,,,,,,,
,,,,,,,,,,,,,,,,,,,,,,,,,,,,,,,,,,,,
,,,,,,,,,,,,,,,,,,,,,,,,,,,,,,,,,,,,
,,,,,,,,,,,,,,,,,,,,,,,,,,,,,,,,,,,,
,,,,,,,,,,,,,,,,,,,,,,,,,,,,,,,,,,,,
,,,,,,,,,,,,,,,,,,,,,,,,,,,,,,,,,,,,
,,,,,,,,,,,,,,,,,,,,,,,,,,,,,,,,,,,,
,,,,,,,,,,,,,,,,,,,,,,,,,,,,,,,,,,,,
,,,,,,,,,,,,,,,,,,,,,,,,,,,,,,,,,,,,
,,,,,,,,,,,,,,,,,,,,,,,,,,,,,,,,,,,,
,,,,,,,,,,,,,,,,,,,,,,,,,,,,,,,,,,,,
,,,,,,,,,,,,,,,,,,,,,,,,,,,,,,,,,,,,
,,,,,,,,,,,,,,,,,,,,,,,,,,,,,,,,,,,,
,,,,,,,,,,,,,,,,,,,,,,,,,,,,,,,,,,,,
,,,,,,,,,,,,,,,,,,,,,,,,,,,,,,,,,,,,
,,,,,,,,,,,,,,,,,,,,,,,,,,,,,,,,,,,,
,,,,,,,,,,,,,,,,,,,,,,,,,,,,,,,,,,,,
,,,,,,,,,,,,,,,,,,,,,,,,,,,,,,,,,,,,
,,,,,,,,,,,,,,,,,,,,,,,,,,,,,,,,,,,,
,,,,,,,,,,,,,,,,,,,,,,,,,,,,,,,,,,,,
,,,,,,,,,,,,,,,,,,,,,,,,,,,,,,,,,,,,
,,,,,,,,,,,,,,,,,,,,,,,,,,,,,,,,,,,,
,,,,,,,,,,,,,,,,,,,,,,,,,,,,,,,,,,,,
,,,,,,,,,,,,,,,,,,,,,,,,,,,,,,,,,,,,
,,,,,,,,,,,,,,,,,,,,,,,,,,,,,,,,,,,,
,,,,,,,,,,,,,,,,,,,,,,,,,,,,,,,,,,,,
,,,,,,,,,,,,,,,,,,,,,,,,,,,,,,,,,,,,
,,,,,,,,,,,,,,,,,,,,,,,,,,,,,,,,,,,,
,,,,,,,,,,,,,,,,,,,,,,,,,,,,,,,,,,,,
,,,,,,,,,,,,,,,,,,,,,,,,,,,,,,,,,,,,
,,,,,,,,,,,,,,,,,,,,,,,,,,,,,,,,,,,,
,,,,,,,,,,,,,,,,,,,,,,,,,,,,,,,,,,,,
,,,,,,,,,,,,,,,,,,,,,,,,,,,,,,,,,,,,
,,,,,,,,,,,,,,,,,,,,,,,,,,,,,,,,,,,,
,,,,,,,,,,,,,,,,,,,,,,,,,,,,,,,,,,,,
,,,,,,,,,,,,,,,,,,,,,,,,,,,,,,,,,,,,
,,,,,,,,,,,,,,,,,,,,,,,,,,,,,,,,,,,,
,,,,,,,,,,,,,,,,,,,,,,,,,,,,,,,,,,,,
,,,,,,,,,,,,,,,,,,,,,,,,,,,,,,,,,,,,
,,,,,,,,,,,,,,,,,,,,,,,,,,,,,,,,,,,,
,,,,,,,,,,,,,,,,,,,,,,,,,,,,,,,,,,,,
,,,,,,,,,,,,,,,,,,,,,,,,,,,,,,,,,,,,
,,,,,,,,,,,,,,,,,,,,,,,,,,,,,,,,,,,,
,,,,,,,,,,,,,,,,,,,,,,,,,,,,,,,,,,,,
,,,,,,,,,,,,,,,,,,,,,,,,,,,,,,,,,,,,
,,,,,,,,,,,,,,,,,,,,,,,,,,,,,,,,,,,,
,,,,,,,,,,,,,,,,,,,,,,,,,,,,,,,,,,,,
,,,,,,,,,,,,,,,,,,,,,,,,,,,,,,,,,,,,
,,,,,,,,,,,,,,,,,,,,,,,,,,,,,,,,,,,,
,,,,,,,,,,,,,,,,,,,,,,,,,,,,,,,,,,,,
,,,,,,,,,,,,,,,,,,,,,,,,,,,,,,,,,,,,
,,,,,,,,,,,,,,,,,,,,,,,,,,,,,,,,,,,,
,,,,,,,,,,,,,,,,,,,,,,,,,,,,,,,,,,,,
,,,,,,,,,,,,,,,,,,,,,,,,,,,,,,,,,,,,
,,,,,,,,,,,,,,,,,,,,,,,,,,,,,,,,,,,,
,,,,,,,,,,,,,,,,,,,,,,,,,,,,,,,,,,,,
,,,,,,,,,,,,,,,,,,,,,,,,,,,,,,,,,,,,
,,,,,,,,,,,,,,,,,,,,,,,,,,,,,,,,,,,,
,,,,,,,,,,,,,,,,,,,,,,,,,,,,,,,,,,,,
,,,,,,,,,,,,,,,,,,,,,,,,,,,,,,,,,,,,
,,,,,,,,,,,,,,,,,,,,,,,,,,,,,,,,,,,,
,,,,,,,,,,,,,,,,,,,,,,,,,,,,,,,,,,,,
,,,,,,,,,,,,,,,,,,,,,,,,,,,,,,,,,,,,
,,,,,,,,,,,,,,,,,,,,,,,,,,,,,,,,,,,,
,,,,,,,,,,,,,,,,,,,,,,,,,,,,,,,,,,,,
,,,,,,,,,,,,,,,,,,,,,,,,,,,,,,,,,,,,
,,,,,,,,,,,,,,,,,,,,,,,,,,,,,,,,,,,,
,,,,,,,,,,,,,,,,,,,,,,,,,,,,,,,,,,,,
,,,,,,,,,,,,,,,,,,,,,,,,,,,,,,,,,,,,
,,,,,,,,,,,,,,,,,,,,,,,,,,,,,,,,,,,,
,,,,,,,,,,,,,,,,,,,,,,,,,,,,,,,,,,,,
,,,,,,,,,,,,,,,,,,,,,,,,,,,,,,,,,,,,
,,,,,,,,,,,,,,,,,,,,,,,,,,,,,,,,,,,,
,,,,,,,,,,,,,,,,,,,,,,,,,,,,,,,,,,,,
,,,,,,,,,,,,,,,,,,,,,,,,,,,,,,,,,,,,
,,,,,,,,,,,,,,,,,,,,,,,,,,,,,,,,,,,,
,,,,,,,,,,,,,,,,,,,,,,,,,,,,,,,,,,,,
,,,,,,,,,,,,,,,,,,,,,,,,,,,,,,,,,,,,
,,,,,,,,,,,,,,,,,,,,,,,,,,,,,,,,,,,,
,,,,,,,,,,,,,,,,,,,,,,,,,,,,,,,,,,,,
,,,,,,,,,,,,,,,,,,,,,,,,,,,,,,,,,,,,
,,,,,,,,,,,,,,,,,,,,,,,,,,,,,,,,,,,,
,,,,,,,,,,,,,,,,,,,,,,,,,,,,,,,,,,,,
,,,,,,,,,,,,,,,,,,,,,,,,,,,,,,,,,,,,
,,,,,,,,,,,,,,,,,,,,,,,,,,,,,,,,,,,,
,,,,,,,,,,,,,,,,,,,,,,,,,,,,,,,,,,,,
,,,,,,,,,,,,,,,,,,,,,,,,,,,,,,,,,,,,
,,,,,,,,,,,,,,,,,,,,,,,,,,,,,,,,,,,,
,,,,,,,,,,,,,,,,,,,,,,,,,,,,,,,,,,,,
,,,,,,,,,,,,,,,,,,,,,,,,,,,,,,,,,,,,
,,,,,,,,,,,,,,,,,,,,,,,,,,,,,,,,,,,,
,,,,,,,,,,,,,,,,,,,,,,,,,,,,,,,,,,,,
,,,,,,,,,,,,,,,,,,,,,,,,,,,,,,,,,,,,
,,,,,,,,,,,,,,,,,,,,,,,,,,,,,,,,,,,,
,,,,,,,,,,,,,,,,,,,,,,,,,,,,,,,,,,,,
,,,,,,,,,,,,,,,,,,,,,,,,,,,,,,,,,,,,
,,,,,,,,,,,,,,,,,,,,,,,,,,,,,,,,,,,,
,,,,,,,,,,,,,,,,,,,,,,,,,,,,,,,,,,,,
,,,,,,,,,,,,,,,,,,,,,,,,,,,,,,,,,,,,
,,,,,,,,,,,,,,,,,,,,,,,,,,,,,,,,,,,,
,,,,,,,,,,,,,,,,,,,,,,,,,,,,,,,,,,,,
,,,,,,,,,,,,,,,,,,,,,,,,,,,,,,,,,,,,
,,,,,,,,,,,,,,,,,,,,,,,,,,,,,,,,,,,,
,,,,,,,,,,,,,,,,,,,,,,,,,,,,,,,,,,,,
,,,,,,,,,,,,,,,,,,,,,,,,,,,,,,,,,,,,
,,,,,,,,,,,,,,,,,,,,,,,,,,,,,,,,,,,,
,,,,,,,,,,,,,,,,,,,,,,,,,,,,,,,,,,,,
,,,,,,,,,,,,,,,,,,,,,,,,,,,,,,,,,,,,
,,,,,,,,,,,,,,,,,,,,,,,,,,,,,,,,,,,,
,,,,,,,,,,,,,,,,,,,,,,,,,,,,,,,,,,,,
,,,,,,,,,,,,,,,,,,,,,,,,,,,,,,,,,,,,
,,,,,,,,,,,,,,,,,,,,,,,,,,,,,,,,,,,,
,,,,,,,,,,,,,,,,,,,,,,,,,,,,,,,,,,,,
,,,,,,,,,,,,,,,,,,,,,,,,,,,,,,,,,,,,
,,,,,,,,,,,,,,,,,,,,,,,,,,,,,,,,,,,,
,,,,,,,,,,,,,,,,,,,,,,,,,,,,,,,,,,,,
,,,,,,,,,,,,,,,,,,,,,,,,,,,,,,,,,,,,
,,,,,,,,,,,,,,,,,,,,,,,,,,,,,,,,,,,,
,,,,,,,,,,,,,,,,,,,,,,,,,,,,,,,,,,,,
,,,,,,,,,,,,,,,,,,,,,,,,,,,,,,,,,,,,
,,,,,,,,,,,,,,,,,,,,,,,,,,,,,,,,,,,,
,,,,,,,,,,,,,,,,,,,,,,,,,,,,,,,,,,,,
,,,,,,,,,,,,,,,,,,,,,,,,,,,,,,,,,,,,
,,,,,,,,,,,,,,,,,,,,,,,,,,,,,,,,,,,,
,,,,,,,,,,,,,,,,,,,,,,,,,,,,,,,,,,,,
,,,,,,,,,,,,,,,,,,,,,,,,,,,,,,,,,,,,
,,,,,,,,,,,,,,,,,,,,,,,,,,,,,,,,,,,,
,,,,,,,,,,,,,,,,,,,,,,,,,,,,,,,,,,,,
,,,,,,,,,,,,,,,,,,,,,,,,,,,,,,,,,,,,
,,,,,,,,,,,,,,,,,,,,,,,,,,,,,,,,,,,,
,,,,,,,,,,,,,,,,,,,,,,,,,,,,,,,,,,,,
,,,,,,,,,,,,,,,,,,,,,,,,,,,,,,,,,,,,
,,,,,,,,,,,,,,,,,,,,,,,,,,,,,,,,,,,,
,,,,,,,,,,,,,,,,,,,,,,,,,,,,,,,,,,,,
,,,,,,,,,,,,,,,,,,,,,,,,,,,,,,,,,,,,
,,,,,,,,,,,,,,,,,,,,,,,,,,,,,,,,,,,,
,,,,,,,,,,,,,,,,,,,,,,,,,,,,,,,,,,,,
,,,,,,,,,,,,,,,,,,,,,,,,,,,,,,,,,,,,
,,,,,,,,,,,,,,,,,,,,,,,,,,,,,,,,,,,,
,,,,,,,,,,,,,,,,,,,,,,,,,,,,,,,,,,,,
,,,,,,,,,,,,,,,,,,,,,,,,,,,,,,,,,,,,
,,,,,,,,,,,,,,,,,,,,,,,,,,,,,,,,,,,,
,,,,,,,,,,,,,,,,,,,,,,,,,,,,,,,,,,,,
,,,,,,,,,,,,,,,,,,,,,,,,,,,,,,,,,,,,
,,,,,,,,,,,,,,,,,,,,,,,,,,,,,,,,,,,,
,,,,,,,,,,,,,,,,,,,,,,,,,,,,,,,,,,,,
,,,,,,,,,,,,,,,,,,,,,,,,,,,,,,,,,,,,
,,,,,,,,,,,,,,,,,,,,,,,,,,,,,,,,,,,,
,,,,,,,,,,,,,,,,,,,,,,,,,,,,,,,,,,,,
,,,,,,,,,,,,,,,,,,,,,,,,,,,,,,,,,,,,
,,,,,,,,,,,,,,,,,,,,,,,,,,,,,,,,,,,,
,,,,,,,,,,,,,,,,,,,,,,,,,,,,,,,,,,,,
,,,,,,,,,,,,,,,,,,,,,,,,,,,,,,,,,,,,
,,,,,,,,,,,,,,,,,,,,,,,,,,,,,,,,,,,,
,,,,,,,,,,,,,,,,,,,,,,,,,,,,,,,,,,,,
,,,,,,,,,,,,,,,,,,,,,,,,,,,,,,,,,,,,
,,,,,,,,,,,,,,,,,,,,,,,,,,,,,,,,,,,,
,,,,,,,,,,,,,,,,,,,,,,,,,,,,,,,,,,,,
,,,,,,,,,,,,,,,,,,,,,,,,,,,,,,,,,,,,
,,,,,,,,,,,,,,,,,,,,,,,,,,,,,,,,,,,,
,,,,,,,,,,,,,,,,,,,,,,,,,,,,,,,,,,,,
,,,,,,,,,,,,,,,,,,,,,,,,,,,,,,,,,,,,
,,,,,,,,,,,,,,,,,,,,,,,,,,,,,,,,,,,,
,,,,,,,,,,,,,,,,,,,,,,,,,,,,,,,,,,,,
,,,,,,,,,,,,,,,,,,,,,,,,,,,,,,,,,,,,
,,,,,,,,,,,,,,,,,,,,,,,,,,,,,,,,,,,,
,,,,,,,,,,,,,,,,,,,,,,,,,,,,,,,,,,,,
,,,,,,,,,,,,,,,,,,,,,,,,,,,,,,,,,,,,
,,,,,,,,,,,,,,,,,,,,,,,,,,,,,,,,,,,,
,,,,,,,,,,,,,,,,,,,,,,,,,,,,,,,,,,,,
,,,,,,,,,,,,,,,,,,,,,,,,,,,,,,,,,,,,
,,,,,,,,,,,,,,,,,,,,,,,,,,,,,,,,,,,,
,,,,,,,,,,,,,,,,,,,,,,,,,,,,,,,,,,,,
,,,,,,,,,,,,,,,,,,,,,,,,,,,,,,,,,,,,
