Ord_Num,Ord_Date,Mfr_Name,Mfr_Part_No,Contractor_Part_No,UPC-A,Prod_Descr,Subcategory ,UOI,Qty,Items_Sold,BPA_Price,BPA_Ext_Price,Dbt_Crt_Ind,MAS_Price,MAS_Ext_Price,Disc_ Amt,Cust_Agency,Sub_Agency,Mkt_Basket_Flag,AbilityOne_Flag,Berry_Amend_Flag,CPG_Ind,BioPreferred_Ind,ENERGYSTAR_Ind,WaterSense_Ind,Sales_Ch,Pay_Method,Dlvry_Method,Ship_Wt,To_Zip_Code,From_Zip_Code,Frgt_Charge,Suppl_Fee,Fulfill_Date,Contr_Name,Contr_No
4696,11/18/2014,RAYOVAC,620-ALAA-48,620-ALAA-48,000000000000,AA ALKALINA BATTERY RECLOSALBE 48-PACK PRICE IS FOR 48EA/PK,Hardware,EA,2, 48EA/PK,16.57,33.14,D,19.49,38.98,15%,Department of Agriculture,,No,No,No,No,No,No,No,GSA Advantage,Government SmartPay Card,Standard,1,93546,,0.00,0.00,11/20/2014,MJL Enterprises,GS23FBA007
4698,11/18/2014,RAYOVAC,620-ALAAA-24,620-ALAAA-24,000000000000,ALK AAA CONTRACTOR PRICE IS FOR 24EA/PK,Hardware,EA,4, 24EA/PK,8.95,35.80,d,10.53,42.12,15%,Department of Agriculture,,No,No,No,No,No,No,No,GSA Advantage,Government SmartPay Card,Standard,1,81122,,0.00,0.00,11/20/2014,MJL Enterprises,GS23FBA007
4646,11/14/2014,3M ABRASIVE,405-048011-04029,405-048011-04029,000000000000,3M 7447 PAD PRICE IS FOR 20 EA,Hardware,EA,6, 20 EA,18.88,113.28,d,22.22,133.32,15%,Department of Commerce,,No,No,No,No,No,No,No,GSA Advantage,Government SmartPay Card,Standard,1,30197,,0.00,0.00,11/17/2014,MJL Enterprises,GS23FBA007
4665,11/14/2014,CREWS,135-TC110,135-TC110,000000000000,CR TC110 BLACK/CLEAR ADJ-CTDCR TC110 PRICE IS FOR 1 EA,Hardware,EA,24, 1 EA,1.18,28.32,d,1.39,33.36,15%,Department of Commerce,,No,No,No,No,No,No,No,GSA Advantage,Government SmartPay Card,Standard,1,20899,,0.00,0.00,11/17/2014,MJL Enterprises,GS23FBA007
4622,11/6/2014,RAYOVAC,620-ALAA-48,620-ALAA-48,000000000000,AA ALKALINA BATTERY RECLOSALBE 48-PACK PRICE IS FOR 48EA/PK,Hardware,EA,2, 48EA/PK,16.57,33.14,D,19.49,38.98,15%,Department of Commerce,,No,No,No,No,No,No,No,GSA Advantage,Government SmartPay Card,Standard,1,64131,,0.00,0.00,11/11/2014,MJL Enterprises,GS23FBA007
4688,11/17/2014,RAYOVAC,620-ALAAA-24,620-ALAAA-24,000000000000,ALK AAA CONTRACTOR PRICE IS FOR 24EA/PK,Hardware,EA,3, 24EA/PK,8.95,26.85,d,10.53,31.59,15%,Department of Commerce,,No,No,No,No,No,No,No,GSA Advantage,Government SmartPay Card,Standard,1,02536,,0.00,0.00,11/18/2014,MJL Enterprises,GS23FBA007
4645,11/14/2014,RAYOVAC,620-ALAA-48,620-ALAA-48,000000000000,AA ALKALINA BATTERY RECLOSALBE 48-PACK PRICE IS FOR 48EA/PK,Hardware,EA,2, 48EA/PK,16.57,33.14,D,19.49,38.98,15%,Department of Homeland Security,,No,No,No,No,No,No,No,GSA Advantage,Government SmartPay Card,Standard,1,21226,,0.00,0.00,11/14/2014,MJL Enterprises,GS23FBA007
4611,11/5/2014,3M OH/ESD,142-8293,142-8293,000000000000,P100 MAINTENANCE-FREE PARTICULATE RESPIRATOR PRICE IS FOR 1 EA,Hardware,EA,20, 1 EA,8.41,168.20,d,9.89,197.80,15%,Department of Justice,,No,No,No,No,No,No,No,GSA Advantage,Government SmartPay Card,Standard,1,20774,,0.00,0.00,11/06/2014,MJL Enterprises,GS23FBA007
4689,11/17/2014,RAYOVAC,620-ALAAA-24,620-ALAAA-24,000000000000,ALK AAA CONTRACTOR PRICE IS FOR 24EA/PK,Hardware,EA,4, 24EA/PK,8.95,35.80,d,10.53,42.12,15%,Department of Labor,,No,No,No,No,No,No,No,GSA Advantage,Government SmartPay Card,Standard,1,20210,,0.00,0.00,11/18/2014,MJL Enterprises,GS23FBA007
4718,11/19/2014,COOPER HAND TOOLS NICHOLSON,183-03762N,183-03762N,000000000000,"12""FLAT BASTARD FILE PRICE IS FOR 1 EA",Hardware,EA,12, 1 EA,10.95,131.40,d,12.88,154.56,15%,Department of State,,No,No,No,No,No,No,No,GSA Advantage,Government SmartPay Card,Standard,1,22153,,0.00,0.00,11/24/2014,MJL Enterprises,GS23FBA007
4561,10/22/2014,3M OH/ESD,142-FF-402,142-FF-402,000000000000,FULL FACEPIECE FF-402- MEDIUM PRICE IS FOR 4EA/CA,Hardware,EA,2, 4EA/CA,689.81,"1,379.62",D,811.54,"1,623.08",15%,Department of the Air Force,,No,No,No,No,No,No,No,GSA Advantage,Government SmartPay Card,Standard,1,73145,,0.00,0.00,11/05/2014,MJL Enterprises,GS23FBA007
4561,10/22/2014,3M OH/ESD,142-FF-403,142-FF-403,000000000000,FULL FACEPIECE FF-403- LARGE PRICE IS FOR 4EA/CA,Hardware,EA,10, 4EA/CA,689.81,"6,898.10",d,811.54,"8,115.40",15%,Department of the Air Force,,No,No,No,No,No,No,No,GSA Advantage,Government SmartPay Card,Standard,1,73145,,0.00,0.00,11/05/2014,MJL Enterprises,GS23FBA007
4654,11/14/2014,JACKSON SAFETY,138-20470,138-20470,000000000000,NEMESIS VL SAFETY GLASSES GUNMETAL FRAME CLEAR L PRICE IS FOR 1 PR,Hardware,EA,36, 1 PR,3.85,138.60,d,4.53,163.08,15%,Department of the Air Force,,No,No,No,No,No,No,No,GSA Advantage,Government SmartPay Card,Standard,1,84056,,0.00,0.00,11/17/2014,MJL Enterprises,GS23FBA007
4654,11/14/2014,JACKSON SAFETY,138-20380,138-20380,000000000000,SPEC NEMESIS CSA SMK/BLK3013298 PRICE IS FOR 1 EA,Hardware,EA,48, 1 EA,4.64,222.72,d,5.46,262.08,15%,Department of the Air Force,,No,No,No,No,No,No,No,GSA Advantage,Government SmartPay Card,Standard,1,84056,,0.00,0.00,11/17/2014,MJL Enterprises,GS23FBA007
4702,11/19/2014,JACKSON SAFETY,138-25704,138-25704,000000000000,NEMESIS VL SAFETY GLASSES GUNMETAL FRAME SMOKE L PRICE IS FOR 1 PR,Hardware,EA,24, 1 PR,3.85,92.40,d,4.53,108.72,15%,Department of the Air Force,,No,No,No,No,No,No,No,GSA Advantage,Government SmartPay Card,Standard,1,55811,,0.00,0.00,11/20/2014,MJL Enterprises,GS23FBA007
4596,11/3/2014,JACKSON SAFETY,138-18629,138-18629,000000000000,FULL FACE FACESHIELD BLUE FRAME ANTI FOG CLEAR L PRICE IS FOR 1 EA,Hardware,EA,30, 1 EA,15.3,459.00,d,18,540.00,15%,Department of the Air Force,,No,No,No,No,No,No,No,GSA Advantage,Government SmartPay Card,Standard,1,79607,,0.00,0.00,11/05/2014,MJL Enterprises,GS23FBA007
4700,11/19/2014,JACKSON SAFETY,138-29080,138-29080,000000000000,34-65 IRUV 5.0 FACESHIELD  3002810 PRICE IS FOR 1 EA,Hardware,EA,2, 1 EA,13.33,26.66,D,15.68,31.36,15%,Department of the Air Force,,No,No,No,No,No,No,No,GSA Advantage,Government SmartPay Card,Standard,1,80916,,0.00,0.00,11/20/2014,MJL Enterprises,GS23FBA007
4674,11/17/2014,CREWS,135-ST110,135-ST110,000000000000,STORM BLACK FRAME CLEARLENS SAFETY GLASS PRICE IS FOR 1 EA,Hardware,EA,16, 1 EA,2.7,43.20,d,3.18,50.88,15%,Department of the Air Force,,No,No,No,No,No,No,No,GSA Advantage,Government SmartPay Card,Standard,1,23453,,0.00,0.00,11/19/2014,MJL Enterprises,GS23FBA007
4655,11/14/2014,WEILER,804-44167,804-44167,000000000000,BH-37-SS 3X7 SS WIRE SCRATCH BRUSH PRICE IS FOR 1 EA,Hardware,EA,36, 1 EA,1.09,39.24,d,1.29,46.44,16%,Department of the Air Force,,No,No,No,No,No,No,No,GSA Advantage,Government SmartPay Card,Standard,1,73145,,0.00,0.00,11/14/2014,MJL Enterprises,GS23FBA007
4612,11/5/2014,COLEMAN CABLE,172-01688,172-01688,000000000000,50' YEL POLAR/SOLAR PLUSEXT. CORD 12/3 SJEOW- PRICE IS FOR 1 EA,Hardware,EA,1, 1 EA,46.03,46.03,D,54.16,54.16,15%,Department of the Air Force,,No,No,No,No,No,No,No,GSA Advantage,Government SmartPay Card,Standard,1,01022,,0.00,0.00,11/13/2014,MJL Enterprises,GS23FBA007
4680,11/17/2014,RAYOVAC,620-ALAAA-24,620-ALAAA-24,000000000000,ALK AAA CONTRACTOR PRICE IS FOR 24EA/PK,Hardware,EA,20, 24EA/PK,8.95,179.00,d,10.53,210.60,15%,Department of the Air Force,,No,No,No,No,No,No,No,GSA Advantage,Government SmartPay Card,Standard,1,93524,,0.00,0.00,11/17/2014,MJL Enterprises,GS23FBA007
4660,11/14/2014,RAYOVAC,620-ALD-12,620-ALD-12,000000000000,D ALKALINA BATTERY RECLOSABLE 12-PACK PRICE IS FOR 12EA/PK,Hardware,EA,3, 12EA/PK,11.62,34.86,d,13.67,41.01,15%,Department of the Air Force,,No,No,No,No,No,No,No,GSA Advantage,Government SmartPay Card,Standard,1,87117,,0.00,0.00,11/14/2014,MJL Enterprises,GS23FBA007
4659,11/14/2014,C.S. OSBORNE,565-26-E,565-26-E,000000000000,68340 COTTER PIN EXTRACTOR PRICE IS FOR 1 EA,Hardware,EA,2, 1 EA,15.3,30.60,D,18.01,36.02,15%,Department of the Air Force,,No,No,No,No,No,No,No,GSA Advantage,Government SmartPay Card,Standard,1,84056,,0.00,0.00,11/17/2014,MJL Enterprises,GS23FBA007
4576,10/16/2014,3M OH/ESD,142-8200,142-8200,000000000000,3M PARTICULATE RESPIRATOR 8200 N95 PRICE IS FOR 20EA/BX,Hardware,EA,3, 20EA/BX,9.41,28.23,d,11.07,33.21,15%,Department of the Air Force,,No,No,No,No,No,No,No,GSA Advantage,Government SmartPay Card,Standard,1,32403,,0.00,0.00,10/30/2014,MJL Enterprises,GS23FBA007
4590,10/30/2014,NORTH SAFETY,068-SSG/10,068-SSG/10,000000000000,"SILVER SHIELD UNIQUE FLEXIBLE GLOVE LENGTH 14.5"" PRICE IS FOR 10PR/PK",Hardware,EA,6, 10PR/PK,44.05,264.30,d,51.82,310.92,15%,Department of the Air Force,,No,No,No,No,No,No,No,GSA Advantage,Government SmartPay Card,Standard,1,31098,,0.00,0.00,11/03/2014,MJL Enterprises,GS23FBA007
4592,10/30/2014,3M OH/ESD,142-8240,142-8240,000000000000,3M 8240 R95 RESP (20/BOX) PRICE IS FOR 1 BX,Hardware,EA,3, 1 BX,26.91,80.73,d,31.66,94.98,15%,Department of the Air Force,,No,No,No,No,No,No,No,GSA Advantage,Government SmartPay Card,Standard,1,58705,,0.00,0.00,11/03/2014,MJL Enterprises,GS23FBA007
4583,10/30/2014,UVEX BY SPERIAN,763-S501,763-S501,000000000000,BLACK UNIVERSAL SAFTEYHANG CORD PRICE IS FOR 1 EA,Hardware,EA,40, 1 EA,1.77,70.80,d,2.09,83.60,15%,Department of the Air Force,,No,No,No,No,No,No,No,GSA Advantage,Government SmartPay Card,Standard,1,31098,,0.00,0.00,11/03/2014,MJL Enterprises,GS23FBA007
4627,11/6/2014,DEWALT,115-DW908,115-DW908,000000000000,18.0VOLT H.D. CORDLESS PIVOTING HEAD FLASHL PRICE IS FOR 1 EA,Hardware,EA,2, 1 EA,27.56,55.12,D,32.42,64.84,15%,Department of the Air Force,,No,No,No,No,No,No,No,GSA Advantage,Government SmartPay Card,Standard,1,46971,,0.00,0.00,11/10/2014,MJL Enterprises,GS23FBA007
4634,11/6/2014,RAYOVAC,620-ALAA-48,620-ALAA-48,000000000000,AA ALKALINA BATTERY RECLOSALBE 48-PACK PRICE IS FOR 48EA/PK,Hardware,EA,2, 48EA/PK,16.57,33.14,D,19.49,38.98,15%,Department of the Air Force,,No,No,No,No,No,No,No,GSA Advantage,Government SmartPay Card,Standard,1,44473,,0.00,0.00,11/06/2014,MJL Enterprises,GS23FBA007
4686,11/17/2014,MAGNOLIA BRUSH,455-3033,455-3033,000000000000,"10"" GREEN FLAGGED NYLONMOBILE HOME PRICE IS FOR 1 EA",Hardware,EA,36, 1 EA,11.52,414.72,d,13.55,487.80,15%,Department of the Air Force,,No,No,No,No,No,No,No,GSA Advantage,Government SmartPay Card,Standard,1,14304,,0.00,0.00,11/18/2014,MJL Enterprises,GS23FBA007
4685,11/17/2014,PRESCO,764-FLAG-RED,764-FLAG-RED,000000000000,1-3/16X300'UT-800 FLAGGING TAPE RED PRICE IS FOR 12ROL/CTN,Paint,EA,2, 12ROL/CTN,15.9,31.80,D,18.7,37.40,15%,Department of the Air Force,,No,No,No,No,No,No,No,GSA Advantage,Government SmartPay Card,Standard,1,88103,,0.00,0.00,11/18/2014,MJL Enterprises,GS23FBA007
4685,11/17/2014,PRESCO,764-FLAG-YELLOW,764-FLAG-YELLOW,000000000000,1-3/16X300'UT-800 FLAGGING TAPE YELLOW PRICE IS FOR 12ROL/CTN,Paint,EA,2, 12ROL/CTN,16.58,33.16,D,19.51,39.02,15%,Department of the Air Force,,No,No,No,No,No,No,No,GSA Advantage,Government SmartPay Card,Standard,1,88103,,0.00,0.00,11/18/2014,MJL Enterprises,GS23FBA007
4685,11/17/2014,PRESCO,764-FLAG-BLUE,764-FLAG-BLUE,000000000000,1-3/16X300'UT-800 FLAGGIG TAPE BLUE PRICE IS FOR 12ROL/CTN,Paint,EA,2, 12ROL/CTN,15.9,31.80,D,18.7,37.40,15%,Department of the Air Force,,No,No,No,No,No,No,No,GSA Advantage,Government SmartPay Card,Standard,1,88103,,0.00,0.00,11/18/2014,MJL Enterprises,GS23FBA007
4670,11/14/2014,JACKSON PROFESSIONAL TOOLS,027-1640000,027-1640000,000000000000,"ARCTIC BLAST 24"" ALUM PUSHER WOOD HDL ASBLD PRICE IS FOR 1 EA",Hardware,EA,4, 1 EA,22.97,91.88,d,27.02,108.08,15%,Department of the Air Force,,No,No,No,No,No,No,No,GSA Advantage,Government SmartPay Card,Standard,1,08641,,0.00,0.00,11/17/2014,MJL Enterprises,GS23FBA007
4678,11/17/2014,COLEMAN CABLE,172-02588-0002,172-02588-0002,000000000000,50' YELLOW EXTENSION CORD W/LIGHTED END PRICE IS FOR 1 EA,Hardware,EA,14, 1 EA,35.4,495.60,d,41.65,583.10,15%,Department of the Air Force,,No,No,No,No,No,No,No,GSA Advantage,Government SmartPay Card,Standard,1,39180,,0.00,0.00,11/18/2014,MJL Enterprises,GS23FBA007
4587,10/30/2014,WEILER,804-13245,804-13245,000000000000,"CRA-2.014 5/8-113"" DIA CRI PRICE IS FOR 1 EA",Hardware,EA,3, 1 EA,12.48,37.44,d,14.69,44.07,15%,Department of the Navy,,No,No,No,No,No,No,No,GSA Advantage,Government SmartPay Card,Standard,1,20375,,0.00,0.00,10/31/2014,MJL Enterprises,GS23FBA007
4591,10/30/2014,KIMBERLY-CLARK PROFESSIONAL,412-01840,412-01840,000000000000,MULTIFOLD TOWELS PRICE IS FOR 1 CA,Hardware,EA,1, 1 CA,43.76,43.76,D,51.49,51.49,15%,Department of the Navy,,No,No,No,No,No,No,No,GSA Advantage,Government SmartPay Card,Standard,1,47522,,0.00,0.00,11/03/2014,MJL Enterprises,GS23FBA007
4589,10/30/2014,BAND-IT,080-C00169,080-C00169,000000000000,THE BANDIT TOOL FOR CLMP& BUCKLES- PRICE IS FOR 1 EA,Hardware,EA,2, 1 EA,96.85,193.70,D,113.94,227.88,15%,Department of the Navy,,No,No,No,No,No,No,No,GSA Advantage,Government SmartPay Card,Standard,1,92136,,0.00,0.00,11/03/2014,MJL Enterprises,GS23FBA007
4589,10/30/2014,BAND-IT,080-C25499,080-C25499,000000000000,"1/2"" SS BUCKLE FOR C204EDP#13254 PRICE IS FOR 100EA/BOX",Hardware,EA,2, 100EA/BOX,51.77,103.54,D,60.9,121.80,15%,Department of the Navy,,No,No,No,No,No,No,No,GSA Advantage,Government SmartPay Card,Standard,1,92136,,0.00,0.00,11/03/2014,MJL Enterprises,GS23FBA007
4677,11/17/2014,EAGLE MFG,258-6010,258-6010,000000000000,60-GAL.YELLOW SAFETY STORAGE CABINET 2-DOOR SELF PRICE IS FOR 1 EA,Hardware,EA,2, 1 EA,1269.23,"2,538.46",D,1493.22,"2,986.44",15%,Department of Veterans Affairs,,No,No,No,No,No,No,No,GSA Advantage,Government SmartPay Card,Standard,1,49037,,0.00,0.00,11/18/2014,MJL Enterprises,GS23FBA007
4503,10/2/2014,JACKSON PROFESSIONAL TOOLS,027-1639300,027-1639300,000000000000,"24"" SNO-PUSHER WITH WOODHANDLE & STEEL BLADE PRICE IS FOR 1 EA",Hardware,EA,12, 1 EA,21.21,254.52,d,24.95,299.40,15%,Department of Veterans Affairs,,No,No,No,No,No,No,No,GSA Advantage,Government SmartPay Card,Standard,1,80236,,0.00,0.00,10/30/2014,MJL Enterprises,GS23FBA007
4588,10/30/2014,COLEMAN CABLE,172-01287,172-01287,000000000000,16/3 25' SJEOW POLAR/SOLAR EXTENSION CORD PRICE IS FOR 1 EA,Hardware,EA,10, 1 EA,15.84,158.40,d,18.64,186.40,15%,Department of Veterans Affairs,,No,No,No,No,No,No,No,GSA Advantage,Government SmartPay Card,Standard,1,19144,,0.00,0.00,11/03/2014,MJL Enterprises,GS23FBA007
4617,11/5/2014,ANCHOR BRAND,100-ER70S-6-035X44,100-ER70S-6-035X44,000000000000,ANCHOR ER70S-6 .035X44 (44# SPOOL-I) PRICE IS FOR 44LB/SPL,Hardware,EA,1, 44LB/SPL,53.12,53.12,D,62.5,62.50,15%,Department of Veterans Affairs,,No,No,No,No,No,No,No,GSA Advantage,Government SmartPay Card,Standard,1,66622,,0.00,0.00,11/13/2014,MJL Enterprises,GS23FBA007
4580,10/29/2014,WEILER,804-13286,804-13286,000000000000,SRA-2 .020 5/8-112 3/4IN DIA PRICE IS FOR 1 EA,Hardware,EA,24, 1 EA,13.67,328.08,d,16.08,385.92,15%,Independent U.S. Government Offices,Broadcasting Board of Governors,No,No,No,No,No,No,No,GSA Advantage,Government SmartPay Card,Standard,1,20151,,0.00,0.00,10/31/2014,MJL Enterprises,GS23FBA007
4635,11/6/2014,RAYOVAC,620-ALAA-48,620-ALAA-48,000000000000,AA ALKALINA BATTERY RECLOSALBE 48-PACK PRICE IS FOR 48EA/PK,Hardware,EA,2, 48EA/PK,16.57,33.14,D,19.49,38.98,15%,Office of the Secretary of Defense,,No,No,No,No,No,No,No,GSA Advantage,Government SmartPay Card,Standard,1,08640,,0.00,0.00,11/11/2014,MJL Enterprises,GS23FBA007
4652,11/14/2014,MAGNOLIA BRUSH,455-20GALLON-W/LID,455-20GALLON-W/LID,000000000000,20 GALLON GALVANIZED TRASH CAN WITH LID PRICE IS FOR 1 CAN,Hardware,EA,4, 1 CAN,19.19,76.76,d,22.57,90.28,15%,Department of the Army,,No,No,No,No,No,No,No,GSA Advantage,Government SmartPay Card,Standard,1,07806,,0.00,0.00,11/17/2014,MJL Enterprises,GS23FBA007
4652,11/14/2014,JACKSON SAFETY,138-20470,138-20470,000000000000,NEMESIS VL SAFETY GLASSES GUNMETAL FRAME CLEAR L PRICE IS FOR 1 PR,Hardware,EA,25, 1 PR,3.85,96.25,d,4.53,113.25,15%,Department of the Army,,No,No,No,No,No,No,No,GSA Advantage,Government SmartPay Card,Standard,1,07806,,0.00,0.00,11/17/2014,MJL Enterprises,GS23FBA007
4593,10/30/2014,CREWS,135-CL110,135-CL110,000000000000,CHECKLITE SAFETY GLASSESCLEAR LENS PRICE IS FOR 1 PR,Hardware,EA,30, 1 PR,0.86,25.80,d,1.01,30.30,15%,Department of the Army,,No,No,No,No,No,No,No,GSA Advantage,Government SmartPay Card,Standard,1,43452,,0.00,0.00,11/03/2014,MJL Enterprises,GS23FBA007
4593,10/30/2014,CREWS,135-CL112,135-CL112,000000000000,CHECKLITE SAFETY GLASSESGREY LENS PRICE IS FOR 1 PR,Hardware,EA,30, 1 PR,0.86,25.80,d,1.01,30.30,15%,Department of the Army,,No,No,No,No,No,No,No,GSA Advantage,Government SmartPay Card,Standard,1,43452,,0.00,0.00,11/03/2014,MJL Enterprises,GS23FBA007
4625,11/6/2014,CREWS,135-TM14G,135-TM14G,000000000000,TREMOR SILVER FRAME GREEN MIRROR LENS PRICE IS FOR 1 EA,Hardware,EA,10, 1 EA,5.88,58.80,d,6.92,69.20,15%,Department of the Army,,No,No,No,No,No,No,No,GSA Advantage,Government SmartPay Card,Standard,1,98901,,0.00,0.00,11/07/2014,MJL Enterprises,GS23FBA007
4630,11/6/2014,3M ABRASIVE,405-051115-03681,405-051115-03681,000000000000,"SCOTCH-BLUE #2090 PAINTERS 1""X60YD TAPE PRICE IS FOR 1 RL",Paint,EA,7, 1 RL,4.1,28.70,d,4.82,33.74,15%,Department of the Army,,No,No,No,No,No,No,No,GSA Advantage,Government SmartPay Card,Standard,1,61299,,0.00,0.00,11/07/2014,MJL Enterprises,GS23FBA007
4713,11/20/2014,RAYOVAC,620-ALAA-48,620-ALAA-48,000000000000,AA ALKALINA BATTERY RECLOSALBE 48-PACK PRICE IS FOR 48EA/PK,Hardware,EA,2, 48EA/PK,16.57,33.14,D,19.49,38.98,15%,Department of the Army,,No,No,No,No,No,No,No,GSA Advantage,Government SmartPay Card,Standard,1,71459,,0.00,0.00,11/21/2014,MJL Enterprises,GS23FBA007
4615,11/5/2014,3M ELECTRICAL,500-10869,500-10869,000000000000,35 3/4X66 ORANGE VINYL COLOR CODING TAPE PRICE IS FOR 1 ROL,Paint,EA,12, 1 ROL,4.15,49.80,d,4.88,58.56,15%,Department of the Navy,,No,No,No,No,No,No,No,GSA Advantage,Government SmartPay Card,Standard,1,20375,,0.00,0.00,11/11/2014,MJL Enterprises,GS23FBA007
4562,10/22/2014,C.H. HANSON,337-10113,337-10113,000000000000,"3"" 77PC LETTER & NUMBER PRICE IS FOR 1 SET",Paint,EA,1, 1 SET,100.3,100.30,D,118,118.00,15%,Department of the Navy,,No,No,No,No,No,No,No,GSA Advantage,Government SmartPay Card,Standard,1,92135,,0.00,0.00,11/14/2014,MJL Enterprises,GS23FBA007
4585,10/30/2014,JACKSON SAFETY,138-20470,138-20470,000000000000,NEMESIS VL SAFETY GLASSES GUNMETAL FRAME CLEAR L PRICE IS FOR 1 PR,Hardware,EA,48, 1 PR,3.85,184.80,d,4.53,217.44,15%,Department of the Navy,,No,No,No,No,No,No,No,GSA Advantage,Government SmartPay Card,Standard,1,93043,,0.00,0.00,11/03/2014,MJL Enterprises,GS23FBA007
4616,11/5/2014,UVEX BY SPERIAN,763-S360,763-S360,000000000000,UVEX CLASSIC 9305 SAFETYGOGGLE CLEAR BODY- PRICE IS FOR 1 EA,Hardware,EA,150, 1 EA,5.35,802.50,d,6.29,943.50,15%,Department of the Navy,,No,No,No,No,No,No,No,GSA Advantage,Government SmartPay Card,Standard,1,28547,,0.00,0.00,11/11/2014,MJL Enterprises,GS23FBA007
4618,11/5/2014,JACKSON SAFETY,138-28633,138-28633,000000000000,JA 34-65 VISOR BULK 3002838 PRICE IS FOR 1 EA,Hardware,EA,10, 1 EA,13.3,133.00,d,15.64,156.40,15%,Department of the Navy,,No,No,No,No,No,No,No,GSA Advantage,Government SmartPay Card,Standard,1,36652,,0.00,0.00,11/07/2014,MJL Enterprises,GS23FBA007
4620,11/5/2014,KLEIN TOOLS,409-69410,409-69410,000000000000,REPLACEMENT TEST LEAD SET PRICE IS FOR 1 EA,Hardware,EA,3, 1 EA,11.43,34.29,d,13.45,40.35,15%,Department of the Navy,,No,No,No,No,No,No,No,GSA Advantage,Government SmartPay Card,Standard,1,98312,,0.00,0.00,11/12/2014,MJL Enterprises,GS23FBA007
4676,11/17/2014,JOHNSON DIVERSEY,395-5763074,395-5763074,000000000000,C-PLEDGE FURN POLISH 13.8 OZ CAN PRICE IS FOR 6CN/CA,Hardware,EA,2, 6CN/CA,36.51,73.02,D,42.95,85.90,15%,Department of the Navy,,No,No,No,No,No,No,No,GSA Advantage,Government SmartPay Card,Standard,1,91932,,0.00,0.00,11/17/2014,MJL Enterprises,GS23FBA007
4703,11/19/2014,RAYOVAC,620-ALAAA-24,620-ALAAA-24,000000000000,ALK AAA CONTRACTOR PRICE IS FOR 24EA/PK,Hardware,EA,3, 24EA/PK,8.95,26.85,d,10.53,31.59,15%,Department of the Navy,,No,No,No,No,No,No,No,GSA Advantage,Government SmartPay Card,Standard,1,23511,,0.00,0.00,11/21/2014,MJL Enterprises,GS23FBA007
4657,11/14/2014,ANCHOR BRAND,101-AB-G250-5,101-AB-G250-5,000000000000,DWOS ANCHOR G250-5 GOGGLE PRICE IS FOR 1 EA,Hardware,EA,6, 1 EA,16.12,96.72,d,18.97,113.82,15%,Department of the Navy,,No,No,No,No,No,No,No,GSA Advantage,Government SmartPay Card,Standard,1,92136,,0.00,0.00,11/14/2014,MJL Enterprises,GS23FBA007
4575,10/16/2014,COOPER HAND TOOLS CAMPBELL,193-5410435,193-5410435,000000000000,"419 1/4"" 1/2T ANCHOR SHACKLE W/SCREW PIN CARBON PRICE IS FOR 1 EA",Hardware,EA,12, 1 EA,3.72,44.64,d,4.38,52.56,15%,"Other, not listed",,No,No,No,No,No,No,No,Phone,Government SmartPay Card,Standard,1,88342,,0.00,0.00,10/30/2014,MJL Enterprises,GS23FBA007
4575,10/16/2014,COOPER HAND TOOLS CAMPBELL,193-6990334,193-6990334,000000000000,"3/16"" 1000-G WIRE ROPE CLIP FORGED CARB PRICE IS FOR 1 EA",Hardware,EA,24, 1 EA,2.02,48.48,d,2.37,56.88,15%,"Other, not listed",,No,No,No,No,No,No,No,Phone,Government SmartPay Card,Standard,1,88342,,0.00,0.00,10/30/2014,MJL Enterprises,GS23FBA007
4465,9/29/2014,NORTH SAFETY,068-122010X,068-122010X,000000000000,(50/CTN) IVYX TOWELETTES PRICE IS FOR 1 CT,Hardware,EA,8, 1 CT,36.12,288.96,d,42.49,339.92,15%,Department of the Army,Corps of Engineers,No,No,No,No,No,No,No,GSA Advantage,Government SmartPay Card,Standard,1,76712,,0.00,0.00,10/29/2014,MJL Enterprises,GS23FBA007
4465,9/29/2014,NORTH SAFETY,068-122015X,068-122015X,000000000000,IVYX CLEANSER TOWELETTESCT/50 PRICE IS FOR 1 CT,Hardware,EA,8, 1 CT,36.79,294.32,d,43.28,346.24,15%,Department of the Army,Corps of Engineers,No,No,No,No,No,No,No,GSA Advantage,Government SmartPay Card,Standard,1,76712,,0.00,0.00,10/29/2014,MJL Enterprises,GS23FBA007
4532,10/9/2014,JACKSON SAFETY,138-19955,138-19955,000000000000,SW MAGNUM 3G BLK/SMK FOGLESS PRICE IS FOR 1 EA,Hardware,EA,72, 1 EA,6.54,470.88,d,7.69,553.68,15%,Department of the Army,Corps of Engineers,No,No,No,No,No,No,No,GSA Advantage,Government SmartPay Card,Standard,1,40212,,0.00,0.00,10/15/2014,MJL Enterprises,GS23FBA007
4602,11/4/2014,JACKSON SAFETY,138-20470,138-20470,000000000000,NEMESIS VL SAFETY GLASSES GUNMETAL FRAME CLEAR L PRICE IS FOR 1 PR,Hardware,EA,36, 1 PR,3.85,138.60,d,4.53,163.08,15%,Department of the Army,Corps of Engineers,No,No,No,No,No,No,No,GSA Advantage,Government SmartPay Card,Standard,1,98813,,0.00,0.00,11/05/2014,MJL Enterprises,GS23FBA007
4715,11/20/2014,NORTH SAFETY,068-770030L,068-770030L,000000000000,7700 SERIES SILICONE HALF MASK RESPIRATOR LARGE PRICE IS FOR 1 EA,Hardware,EA,4, 1 EA,21.01,84.04,d,24.72,98.88,15%,Department of the Army,Corps of Engineers,No,No,No,No,No,No,No,GSA Advantage,Government SmartPay Card,Standard,1,98813,,0.00,0.00,11/21/2014,MJL Enterprises,GS23FBA007
4661,11/14/2014,NORTH SAFETY,068-242020,068-242020,000000000000,EMERGENCY EYE WASH STATION PRICE IS FOR 1 EA,Hardware,EA,3, 1 EA,54.75,164.25,d,64.41,193.23,15%,Department of the Air Force,,No,No,No,No,No,No,No,GSA Advantage,Government SmartPay Card,Standard,1,04106,,0.00,0.00,11/14/2014,MJL Enterprises,GS23FBA007
4605,11/4/2014,COOPER HAND TOOLS CAMPBELL,193-4503515,193-4503515,000000000000,"473 3/8"" 7100# CLEVIS GRAB HOOK ALLOY PAINT PRICE IS FOR 1 EA",Hardware,EA,6, 1 EA,9.79,58.74,d,11.52,69.12,15%,Department of the Air Force,,No,No,No,No,No,No,No,GSA Advantage,Government SmartPay Card,Standard,1,17003,,0.00,0.00,11/05/2014,MJL Enterprises,GS23FBA007
4662,11/14/2014,COOPER HAND TOOLS CAMPBELL,193-4500624,193-4500624,000000000000,"3/8"" CLEVIS GRAB HOOKBLU-KROME PRICE IS FOR 1 EA",Hardware,EA,9, 1 EA,7.41,66.69,d,8.72,78.48,15%,Department of the Air Force,,No,No,No,No,No,No,No,GSA Advantage,Government SmartPay Card,Standard,1,58102,,0.00,0.00,11/17/2014,MJL Enterprises,GS23FBA007
4679,11/17/2014,JACKSON SAFETY,138-20470,138-20470,000000000000,NEMESIS VL SAFETY GLASSES GUNMETAL FRAME CLEAR L PRICE IS FOR 1 PR,Hardware,EA,100, 1 PR,3.85,385.00,d,4.53,453.00,15%,Department of the Air Force,,No,No,No,No,No,No,No,GSA Advantage,Government SmartPay Card,Standard,1,53704,,0.00,0.00,11/18/2014,MJL Enterprises,GS23FBA007
4650,11/14/2014,RAYOVAC,620-ALC-12F,620-ALC-12F,000000000000,C ALKALINE BATTERY CONTRACTOR 12-PACK PRICE IS FOR 12EA/PK,Hardware,EA,4, 12EA/PK,8.77,35.08,d,10.32,41.28,15%,Department of Agriculture,Agricultural Research Service,No,No,No,No,No,No,No,GSA Advantage,Government SmartPay Card,Standard,1,73036,,0.00,0.00,11/17/2014,MJL Enterprises,GS23FBA007
4650,11/14/2014,RAYOVAC,620-AL-AA,620-AL-AA,000000000000,00043 AA INDUSTRIALALKALINE BA PRICE IS FOR 8EA/PAK,Hardware,EA,6, 8EA/PAK,2.61,15.66,d,3.07,18.42,15%,Department of Agriculture,Agricultural Research Service,No,No,No,No,No,No,No,GSA Advantage,Government SmartPay Card,Standard,1,73036,,0.00,0.00,11/17/2014,MJL Enterprises,GS23FBA007
4671,11/14/2014,DUPONT,251-FC450S,251-FC450S,000000000000,"TYVEK FC SHOE COVER - 5""SHOE COVER PRICE IS FOR 200EA/CA",Hardware,EA,1, 200EA/CA,82.72,82.72,D,97.31,97.31,15%,Department of Agriculture,Animal and Plant Health Inspection Service (DHS Code 7053),No,No,No,No,No,No,No,GSA Advantage,Government SmartPay Card,Standard,1,63552,,0.00,0.00,11/17/2014,MJL Enterprises,GS23FBA007
4599,11/3/2014,FIBRE-METAL,280-FM500DCCL,280-FM500DCCL,000000000000,DUAL CROWN HIGH PERF FACESHIELDS PRICE IS FOR 1 EA,Hardware,EA,3, 1 EA,31.96,95.88,d,37.6,112.80,15%,Department of Agriculture,Animal and Plant Health Inspection Service (DHS Code 7053),No,No,No,No,No,No,No,GSA Advantage,Government SmartPay Card,Standard,1,50010,,0.00,0.00,11/18/2014,MJL Enterprises,GS23FBA007
4629,11/6/2014,RAYOVAC,620-ALAA-48,620-ALAA-48,000000000000,AA ALKALINA BATTERY RECLOSALBE 48-PACK PRICE IS FOR 48EA/PK,Hardware,EA,15, 48EA/PK,16.57,248.55,d,19.49,292.35,15%,Department of Justice,Bureau of Prisons,No,No,No,No,No,No,No,GSA Advantage,Government SmartPay Card,Standard,1,55902,,0.00,0.00,11/11/2014,MJL Enterprises,GS23FBA007
4581,10/30/2014,RAYOVAC,620-ALAA-48,620-ALAA-48,000000000000,AA ALKALINA BATTERY RECLOSALBE 48-PACK PRICE IS FOR 48EA/PK,Hardware,EA,1, 48EA/PK,16.57,16.57,D,19.49,19.49,15%,Department of the Interior,Bureau of Reclamation,No,No,No,No,No,No,No,GSA Advantage,Government SmartPay Card,Standard,1,89701,,0.00,0.00,11/03/2014,MJL Enterprises,GS23FBA007
4581,10/30/2014,RAYOVAC,620-ALAAA-24,620-ALAAA-24,000000000000,ALK AAA CONTRACTOR PRICE IS FOR 24EA/PK,Hardware,EA,2, 24EA/PK,8.95,17.90,D,10.53,21.06,15%,Department of the Interior,Bureau of Reclamation,No,No,No,No,No,No,No,GSA Advantage,Government SmartPay Card,Standard,1,89701,,0.00,0.00,11/03/2014,MJL Enterprises,GS23FBA007
4608,11/5/2014,RAYOVAC,620-ALD-12,620-ALD-12,000000000000,D ALKALINA BATTERY RECLOSABLE 12-PACK PRICE IS FOR 12EA/PK,Hardware,EA,4, 12EA/PK,11.62,46.48,d,13.67,54.68,15%,Department of the Interior,Bureau of Reclamation,No,No,No,No,No,No,No,GSA Advantage,Government SmartPay Card,Standard,1,83702,,0.00,0.00,11/06/2014,MJL Enterprises,GS23FBA007
4614,11/5/2014,CREWS,135-ST110,135-ST110,000000000000,STORM BLACK FRAME CLEARLENS SAFETY GLASS PRICE IS FOR 1 EA,Hardware,EA,24, 1 EA,2.7,64.80,d,3.18,76.32,15%,Department of the Interior,Bureau of Reclamation,No,No,No,No,No,No,No,GSA Advantage,Government SmartPay Card,Standard,1,98823,,0.00,0.00,11/06/2014,MJL Enterprises,GS23FBA007
4644,11/14/2014,MAGNOLIA BRUSH,455-4606,455-4606,000000000000,"6"" WINDOW SQUEEGEE REQ.5T-HDL 2FO2B1D OR PRICE IS FOR 1 EA",Hardware,EA,12, 1 EA,6.28,75.36,d,7.39,88.68,15%,Department of the Interior,Bureau of Reclamation,No,No,No,No,No,No,No,GSA Advantage,Government SmartPay Card,Standard,1,84023,,0.00,0.00,11/14/2014,MJL Enterprises,GS23FBA007
4691,11/17/2014,GOJO,315-5361-02,315-5361-02,000000000000,GOJO PREM FOAM HAND WSHSKIN COND 1.2 ML REF PRICE IS FOR 1 EA,Hardware,EA,2, 1 EA,24.73,49.46,D,29.09,58.18,15%,Department of the Interior,Bureau of Reclamation,No,No,No,No,No,No,No,GSA Advantage,Government SmartPay Card,Standard,1,87801,,0.00,0.00,11/18/2014,MJL Enterprises,GS23FBA007
4691,11/17/2014,CREWS,135-FF222,135-FF222,000000000000,TRANSLUCENT BROWN FRAME-WHT RUBBER- GREY LENS PRICE IS FOR 1 EA,Hardware,EA,10, 1 EA,9.99,99.90,d,11.76,117.60,15%,Department of the Interior,Bureau of Reclamation,No,No,No,No,No,No,No,GSA Advantage,Government SmartPay Card,Standard,1,87801,,0.00,0.00,11/18/2014,MJL Enterprises,GS23FBA007
4691,11/17/2014,CREWS,135-FF212,135-FF212,000000000000,BLACK FRAME- BLACK RUBBER- GREY LENS PRICE IS FOR 1 EA,Hardware,EA,12, 1 EA,9.99,119.88,d,11.75,141.00,15%,Department of the Interior,Bureau of Reclamation,No,No,No,No,No,No,No,GSA Advantage,Government SmartPay Card,Standard,1,87801,,0.00,0.00,11/18/2014,MJL Enterprises,GS23FBA007
4281,9/5/2014,CREWS,135-PA117,135-PA117,000000000000,BLACK FRAME- SILVER MIRROR LENS PRICE IS FOR 1 PR,Hardware,EA,10, 1 PR,4.54,45.40,d,5.34,53.40,15%,Department of Agriculture,Forest Service,No,No,No,No,No,No,No,GSA Advantage,Government SmartPay Card,Standard,1,76234,,0.00,0.00,10/30/2014,MJL Enterprises,GS23FBA007
4633,11/6/2014,KIMBERLY-CLARK PROFESSIONAL,412-41041,412-41041,000000000000,WYPALL X80 BLUE WIPER 160 SHEETS PER BOX PRICE IS FOR 1 BOX,Hardware,EA,10, 1 BOX,23.66,236.60,d,27.84,278.40,15%,Department of Agriculture,Forest Service,No,No,No,No,No,No,No,GSA Advantage,Government SmartPay Card,Standard,1,63960,,0.00,0.00,11/11/2014,MJL Enterprises,GS23FBA007
4647,11/14/2014,RAYOVAC,620-ALAA-48,620-ALAA-48,000000000000,AA ALKALINA BATTERY RECLOSALBE 48-PACK PRICE IS FOR 48EA/PK,Hardware,EA,10, 48EA/PK,16.57,165.70,d,19.49,194.90,15%,Department of Agriculture,Forest Service,No,No,No,No,No,No,No,GSA Advantage,Government SmartPay Card,Standard,1,63901,,0.00,0.00,11/14/2014,MJL Enterprises,GS23FBA007
4558,10/21/2014,CREWS,135-9810,135-9810,000000000000,CR 9810 SPEC/CLEAR BULK PRICE IS FOR 1 EA,Hardware,EA,150, 1 EA,1.69,253.50,d,1.99,298.50,15%,Department of Homeland Security,Immigration and Customs Enforcement,No,No,No,No,No,No,No,GSA Advantage,Government SmartPay Card,Standard,1,07114,,0.00,0.00,10/22/2014,MJL Enterprises,GS23FBA007
4642,11/14/2014,CREWS,135-9810,135-9810,000000000000,CR 9810 SPEC/CLEAR BULK PRICE IS FOR 1 EA,Hardware,EA,100, 1 EA,1.69,169.00,d,1.99,199.00,15%,Department of Homeland Security,Immigration and Customs Enforcement,No,No,No,No,No,No,No,GSA Advantage,Government SmartPay Card,Standard,1,07114,,0.00,0.00,11/13/2014,MJL Enterprises,GS23FBA007
4664,11/14/2014,CREWS,135-CL110,135-CL110,000000000000,CHECKLITE SAFETY GLASSESCLEAR LENS PRICE IS FOR 1 PR,Hardware,EA,30, 1 PR,0.86,25.80,d,1.01,30.30,15%,Department of Homeland Security,Immigration and Customs Enforcement,No,No,No,No,No,No,No,GSA Advantage,Government SmartPay Card,Standard,1,81303,,0.00,0.00,11/17/2014,MJL Enterprises,GS23FBA007
4669,11/14/2014,RAYOVAC,620-ALAA-48,620-ALAA-48,000000000000,AA ALKALINA BATTERY RECLOSALBE 48-PACK PRICE IS FOR 48EA/PK,Hardware,EA,2, 48EA/PK,16.57,33.14,D,19.49,38.98,15%,Department of Commerce,National Oceanic Atmospheric Administration,No,No,No,No,No,No,No,GSA Advantage,Government SmartPay Card,Standard,1,64131,,0.00,0.00,11/17/2014,MJL Enterprises,GS23FBA007
4669,11/14/2014,RAYOVAC,620-ALC-12F,620-ALC-12F,000000000000,C ALKALINE BATTERY CONTRACTOR 12-PACK PRICE IS FOR 12EA/PK,Hardware,EA,4, 12EA/PK,8.77,35.08,d,10.32,41.28,15%,Department of Commerce,National Oceanic Atmospheric Administration,No,No,No,No,No,No,No,GSA Advantage,Government SmartPay Card,Standard,1,64131,,0.00,0.00,11/17/2014,MJL Enterprises,GS23FBA007
4669,11/14/2014,RAYOVAC,620-ALD-12,620-ALD-12,000000000000,D ALKALINA BATTERY RECLOSABLE 12-PACK PRICE IS FOR 12EA/PK,Hardware,EA,4, 12EA/PK,11.62,46.48,d,13.67,54.68,15%,Department of Commerce,National Oceanic Atmospheric Administration,No,No,No,No,No,No,No,GSA Advantage,Government SmartPay Card,Standard,1,64131,,0.00,0.00,11/17/2014,MJL Enterprises,GS23FBA007
4669,11/14/2014,RAYOVAC,620-ALAAA-24,620-ALAAA-24,000000000000,ALK AAA CONTRACTOR PRICE IS FOR 24EA/PK,Hardware,EA,4, 24EA/PK,8.95,35.80,d,10.53,42.12,15%,Department of Commerce,National Oceanic Atmospheric Administration,No,No,No,No,No,No,No,GSA Advantage,Government SmartPay Card,Standard,1,64131,,0.00,0.00,11/17/2014,MJL Enterprises,GS23FBA007
4669,11/14/2014,RAYOVAC,620-AL9V-8,620-AL9V-8,000000000000,RAYOVAC ALKALINE 9V SIZERECLOSABLE 8 PACK PRICE IS FOR 8EA/PK,Hardware,EA,12, 8EA/PK,6.18,74.16,d,12.97,155.64,52%,Department of Commerce,National Oceanic Atmospheric Administration,No,No,No,No,No,No,No,GSA Advantage,Government SmartPay Card,Standard,1,64131,,0.00,0.00,11/17/2014,MJL Enterprises,GS23FBA007
4682,11/17/2014,RAYOVAC,620-ALAAA-24,620-ALAAA-24,000000000000,ALK AAA CONTRACTOR PRICE IS FOR 24EA/PK,Hardware,EA,3, 24EA/PK,8.95,26.85,d,10.53,31.59,15%,Department of the Interior,National Park Service,No,No,No,No,No,No,No,GSA Advantage,Government SmartPay Card,Standard,1,95318,,0.00,0.00,11/18/2014,MJL Enterprises,GS23FBA007
4594,10/31/2014,RAYOVAC,620-ALAAA-24,620-ALAAA-24,000000000000,ALK AAA CONTRACTOR PRICE IS FOR 24EA/PK,Hardware,EA,4, 24EA/PK,8.95,35.80,d,10.53,42.12,15%,Department of the Interior,National Park Service,No,No,No,No,No,No,No,GSA Advantage,Government SmartPay Card,Standard,1,95318,,0.00,0.00,11/03/2014,MJL Enterprises,GS23FBA007
4623,11/6/2014,RAYOVAC,620-ALAA-48,620-ALAA-48,000000000000,AA ALKALINA BATTERY RECLOSALBE 48-PACK PRICE IS FOR 48EA/PK,Hardware,EA,5, 48EA/PK,16.57,82.85,d,19.49,97.45,15%,Department of the Interior,National Park Service,No,No,No,No,No,No,No,GSA Advantage,Government SmartPay Card,Standard,1,31558,,0.00,0.00,11/11/2014,MJL Enterprises,GS23FBA007
4554,10/20/2014,PRESCO,764-4530PG,764-4530PG,000000000000,"4""X5"" 30""WIRE PINK-GLOSTAKE FLAG PRICE IS FOR 100EA/BDL",Hardware,EA,10, 100EA/BDL,8.66,86.60,d,10.18,101.80,15%,Department of Agriculture,Natural Resources Conservation Service,No,No,No,No,No,No,No,GSA Advantage,Government SmartPay Card,Standard,1,68620,,0.00,0.00,10/30/2014,MJL Enterprises,GS23FBA007
4584,10/30/2014,ANCHOR BRAND,101-AC410,101-AC410,000000000000,DWOS CLR DUAL LENS  HYBRID NON-SLIP TEMPLES TPR PRICE IS FOR 12EA/BX,Hardware,EA,1, 12EA/BX,40.11,40.11,D,47.18,47.18,15%,Department of Homeland Security,United States Coast Guard,No,No,No,No,No,No,No,GSA Advantage,Government SmartPay Card,Standard,1,02542,,0.00,0.00,11/03/2014,MJL Enterprises,GS23FBA007
4598,11/3/2014,RAYOVAC,620-ALAAA-24,620-ALAAA-24,000000000000,ALK AAA CONTRACTOR PRICE IS FOR 24EA/PK,Hardware,EA,6, 24EA/PK,8.95,53.70,d,10.53,63.18,15%,Department of Homeland Security,United States Coast Guard,No,No,No,No,No,No,No,GSA Advantage,Government SmartPay Card,Standard,1,02542,,0.00,0.00,11/04/2014,MJL Enterprises,GS23FBA007
4600,11/3/2014,JACKSON SAFETY,138-28624,138-28624,000000000000,NEMESIS RX 2.00 DIOPTERGLASS BLACK FRAME 3013307 PRICE IS FOR 1 PR,Hardware,EA,30, 1 PR,7,210.00,d,8.79,263.70,20%,Department of Homeland Security,United States Coast Guard,No,No,No,No,No,No,No,GSA Advantage,Government SmartPay Card,Standard,1,27909,,0.00,0.00,11/06/2014,MJL Enterprises,GS23FBA007
4600,11/3/2014,JACKSON SAFETY,138-28621,138-28621,000000000000,NEMESIS RX 1.50 DIOPTERGLASS BLACK FRAME 3013306 PRICE IS FOR 1 PR,Hardware,EA,30, 1 PR,7,210.00,d,8.79,263.70,20%,Department of Homeland Security,United States Coast Guard,No,No,No,No,No,No,No,GSA Advantage,Government SmartPay Card,Standard,1,27909,,0.00,0.00,11/06/2014,MJL Enterprises,GS23FBA007
4609,11/5/2014,RAYOVAC,620-ALAA-48,620-ALAA-48,000000000000,AA ALKALINA BATTERY RECLOSALBE 48-PACK PRICE IS FOR 48EA/PK,Hardware,EA,3, 48EA/PK,16.57,49.71,d,19.49,58.47,15%,Department of Homeland Security,United States Coast Guard,No,No,No,No,No,No,No,GSA Advantage,Government SmartPay Card,Standard,1,02543,,0.00,0.00,11/06/2014,MJL Enterprises,GS23FBA007
4643,11/14/2014,3M OH/ESD,142-8210,142-8210,000000000000,N95 MAINT. FREE PARTICULATE RESPIRATOR RED PRICE IS FOR 20EA/BOX,Hardware,EA,2, 20EA/BOX,15.18,30.36,D,17.86,35.72,15%,Department of Homeland Security,United States Coast Guard,No,No,No,No,No,No,No,GSA Advantage,Government SmartPay Card,Standard,1,10305,,0.00,0.00,11/13/2014,MJL Enterprises,GS23FBA007
4673,11/13/2014,3M OH/ESD,142-6300,142-6300,000000000000,LARGE RESPIRATOR FACEPIECE ONLY 21619 PRICE IS FOR 1 EA,Hardware,EA,10, 1 EA,10.54,105.40,d,12.4,124.00,15%,Department of Homeland Security,United States Coast Guard,No,No,No,No,No,No,No,GSA Advantage,Government SmartPay Card,Standard,1,28512,,0.00,0.00,11/17/2014,MJL Enterprises,GS23FBA007
4673,11/13/2014,3M OH/ESD,142-6200,142-6200,000000000000,MEDIUM RESPIRATOR FACEPIECE ONLY 21618 PRICE IS FOR 1 EA,Hardware,EA,10, 1 EA,10.54,105.40,d,12.4,124.00,15%,Department of Homeland Security,United States Coast Guard,No,No,No,No,No,No,No,GSA Advantage,Government SmartPay Card,Standard,1,28512,,0.00,0.00,11/17/2014,MJL Enterprises,GS23FBA007
4693,11/18/2014,RAYOVAC,620-ALAA-48,620-ALAA-48,000000000000,AA ALKALINA BATTERY RECLOSALBE 48-PACK PRICE IS FOR 48EA/PK,Hardware,EA,5, 48EA/PK,16.57,82.85,d,19.49,97.45,15%,Department of Homeland Security,United States Coast Guard,No,No,No,No,No,No,No,GSA Advantage,Government SmartPay Card,Standard,1,06320,,0.00,0.00,11/20/2014,MJL Enterprises,GS23FBA007
4695,11/18/2014,3M ELECTRICAL,500-06133,500-06133,000000000000,"3/4""X52' 33+ SUPER VINYLELECTRICAL PRICE IS FOR 1 ROL",Paint,EA,10, 1 ROL,3.86,38.60,d,4.55,45.50,15%,Department of Homeland Security,United States Coast Guard,No,No,No,No,No,No,No,GSA Advantage,Government SmartPay Card,Standard,1,70091,,0.00,0.00,11/20/2014,MJL Enterprises,GS23FBA007
4710,11/19/2014,JACKSON SAFETY,138-18625,138-18625,000000000000,MONOGOGGLE BLUE FRAME ANTIFOG SMOKE LENS 3010335 PRICE IS FOR 1 PR,Hardware,EA,5, 1 PR,8.65,43.25,d,10.17,50.85,15%,Department of Homeland Security,United States Coast Guard,No,No,No,No,No,No,No,GSA Advantage,Government SmartPay Card,Standard,1,92101,,0.00,0.00,11/21/2014,MJL Enterprises,GS23FBA007
4710,11/19/2014,JACKSON SAFETY,138-18624,138-18624,000000000000,MONOGOGGLE BLUE FRAME ANTI FOG CLR LENS 3010334 PRICE IS FOR 1 PR,Hardware,EA,10, 1 PR,8.65,86.50,d,10.17,101.70,15%,Department of Homeland Security,United States Coast Guard,No,No,No,No,No,No,No,GSA Advantage,Government SmartPay Card,Standard,1,92101,,0.00,0.00,11/21/2014,MJL Enterprises,GS23FBA007
4656,11/14/2014,JACKSON SAFETY,138-20525,138-20525,000000000000,WILDCAT SAFETY GOGGLE CLEAR ANTIFOG LENS 3013710 PRICE IS FOR 1 PR,Hardware,EA,10, 1 PR,8.65,86.50,d,10.96,109.60,21%,Department of the Air Force,,No,No,No,No,No,No,No,GSA Advantage,Government SmartPay Card,Standard,1,89502,,0.00,0.00,11/19/2014,MJL Enterprises,GS23FBA007
,,,,,,,,,,,,,,,,,,,,,,,,,,,,,,,,,,,,
,,,,,,,,,,,,,,,,,,,,,,,,,,,,,,,,,,,,
,,,,,,,,,,,,,,,,,,,,,,,,,,,,,,,,,,,,
,,,,,,,,,,,,,,,,,,,,,,,,,,,,,,,,,,,,
,,,,,,,,,,,,,,,,,,,,,,,,,,,,,,,,,,,,
,,,,,,,,,,,,,,,,,,,,,,,,,,,,,,,,,,,,
,,,,,,,,,,,,,,,,,,,,,,,,,,,,,,,,,,,,
,,,,,,,,,,,,,,,,,,,,,,,,,,,,,,,,,,,,
,,,,,,,,,,,,,,,,,,,,,,,,,,,,,,,,,,,,
,,,,,,,,,,,,,,,,,,,,,,,,,,,,,,,,,,,,
,,,,,,,,,,,,,,,,,,,,,,,,,,,,,,,,,,,,
,,,,,,,,,,,,,,,,,,,,,,,,,,,,,,,,,,,,
,,,,,,,,,,,,,,,,,,,,,,,,,,,,,,,,,,,,
,,,,,,,,,,,,,,,,,,,,,,,,,,,,,,,,,,,,
,,,,,,,,,,,,,,,,,,,,,,,,,,,,,,,,,,,,
,,,,,,,,,,,,,,,,,,,,,,,,,,,,,,,,,,,,
,,,,,,,,,,,,,,,,,,,,,,,,,,,,,,,,,,,,
,,,,,,,,,,,,,,,,,,,,,,,,,,,,,,,,,,,,
,,,,,,,,,,,,,,,,,,,,,,,,,,,,,,,,,,,,
,,,,,,,,,,,,,,,,,,,,,,,,,,,,,,,,,,,,
,,,,,,,,,,,,,,,,,,,,,,,,,,,,,,,,,,,,
,,,,,,,,,,,,,,,,,,,,,,,,,,,,,,,,,,,,
,,,,,,,,,,,,,,,,,,,,,,,,,,,,,,,,,,,,
,,,,,,,,,,,,,,,,,,,,,,,,,,,,,,,,,,,,
,,,,,,,,,,,,,,,,,,,,,,,,,,,,,,,,,,,,
,,,,,,,,,,,,,,,,,,,,,,,,,,,,,,,,,,,,
,,,,,,,,,,,,,,,,,,,,,,,,,,,,,,,,,,,,
,,,,,,,,,,,,,,,,,,,,,,,,,,,,,,,,,,,,
,,,,,,,,,,,,,,,,,,,,,,,,,,,,,,,,,,,,
,,,,,,,,,,,,,,,,,,,,,,,,,,,,,,,,,,,,
,,,,,,,,,,,,,,,,,,,,,,,,,,,,,,,,,,,,
,,,,,,,,,,,,,,,,,,,,,,,,,,,,,,,,,,,,
,,,,,,,,,,,,,,,,,,,,,,,,,,,,,,,,,,,,
,,,,,,,,,,,,,,,,,,,,,,,,,,,,,,,,,,,,
,,,,,,,,,,,,,,,,,,,,,,,,,,,,,,,,,,,,
,,,,,,,,,,,,,,,,,,,,,,,,,,,,,,,,,,,,
,,,,,,,,,,,,,,,,,,,,,,,,,,,,,,,,,,,,
,,,,,,,,,,,,,,,,,,,,,,,,,,,,,,,,,,,,
,,,,,,,,,,,,,,,,,,,,,,,,,,,,,,,,,,,,
,,,,,,,,,,,,,,,,,,,,,,,,,,,,,,,,,,,,
,,,,,,,,,,,,,,,,,,,,,,,,,,,,,,,,,,,,
,,,,,,,,,,,,,,,,,,,,,,,,,,,,,,,,,,,,
,,,,,,,,,,,,,,,,,,,,,,,,,,,,,,,,,,,,
,,,,,,,,,,,,,,,,,,,,,,,,,,,,,,,,,,,,
,,,,,,,,,,,,,,,,,,,,,,,,,,,,,,,,,,,,
,,,,,,,,,,,,,,,,,,,,,,,,,,,,,,,,,,,,
,,,,,,,,,,,,,,,,,,,,,,,,,,,,,,,,,,,,
,,,,,,,,,,,,,,,,,,,,,,,,,,,,,,,,,,,,
,,,,,,,,,,,,,,,,,,,,,,,,,,,,,,,,,,,,
,,,,,,,,,,,,,,,,,,,,,,,,,,,,,,,,,,,,
,,,,,,,,,,,,,,,,,,,,,,,,,,,,,,,,,,,,
,,,,,,,,,,,,,,,,,,,,,,,,,,,,,,,,,,,,
,,,,,,,,,,,,,,,,,,,,,,,,,,,,,,,,,,,,
,,,,,,,,,,,,,,,,,,,,,,,,,,,,,,,,,,,,
,,,,,,,,,,,,,,,,,,,,,,,,,,,,,,,,,,,,
,,,,,,,,,,,,,,,,,,,,,,,,,,,,,,,,,,,,
,,,,,,,,,,,,,,,,,,,,,,,,,,,,,,,,,,,,
,,,,,,,,,,,,,,,,,,,,,,,,,,,,,,,,,,,,
,,,,,,,,,,,,,,,,,,,,,,,,,,,,,,,,,,,,
,,,,,,,,,,,,,,,,,,,,,,,,,,,,,,,,,,,,
,,,,,,,,,,,,,,,,,,,,,,,,,,,,,,,,,,,,
,,,,,,,,,,,,,,,,,,,,,,,,,,,,,,,,,,,,
,,,,,,,,,,,,,,,,,,,,,,,,,,,,,,,,,,,,
,,,,,,,,,,,,,,,,,,,,,,,,,,,,,,,,,,,,
,,,,,,,,,,,,,,,,,,,,,,,,,,,,,,,,,,,,
,,,,,,,,,,,,,,,,,,,,,,,,,,,,,,,,,,,,
,,,,,,,,,,,,,,,,,,,,,,,,,,,,,,,,,,,,
,,,,,,,,,,,,,,,,,,,,,,,,,,,,,,,,,,,,
,,,,,,,,,,,,,,,,,,,,,,,,,,,,,,,,,,,,
,,,,,,,,,,,,,,,,,,,,,,,,,,,,,,,,,,,,
,,,,,,,,,,,,,,,,,,,,,,,,,,,,,,,,,,,,
,,,,,,,,,,,,,,,,,,,,,,,,,,,,,,,,,,,,
,,,,,,,,,,,,,,,,,,,,,,,,,,,,,,,,,,,,
,,,,,,,,,,,,,,,,,,,,,,,,,,,,,,,,,,,,
,,,,,,,,,,,,,,,,,,,,,,,,,,,,,,,,,,,,
,,,,,,,,,,,,,,,,,,,,,,,,,,,,,,,,,,,,
,,,,,,,,,,,,,,,,,,,,,,,,,,,,,,,,,,,,
,,,,,,,,,,,,,,,,,,,,,,,,,,,,,,,,,,,,
,,,,,,,,,,,,,,,,,,,,,,,,,,,,,,,,,,,,
,,,,,,,,,,,,,,,,,,,,,,,,,,,,,,,,,,,,
,,,,,,,,,,,,,,,,,,,,,,,,,,,,,,,,,,,,
,,,,,,,,,,,,,,,,,,,,,,,,,,,,,,,,,,,,
,,,,,,,,,,,,,,,,,,,,,,,,,,,,,,,,,,,,
,,,,,,,,,,,,,,,,,,,,,,,,,,,,,,,,,,,,
,,,,,,,,,,,,,,,,,,,,,,,,,,,,,,,,,,,,
,,,,,,,,,,,,,,,,,,,,,,,,,,,,,,,,,,,,
,,,,,,,,,,,,,,,,,,,,,,,,,,,,,,,,,,,,
,,,,,,,,,,,,,,,,,,,,,,,,,,,,,,,,,,,,
,,,,,,,,,,,,,,,,,,,,,,,,,,,,,,,,,,,,
,,,,,,,,,,,,,,,,,,,,,,,,,,,,,,,,,,,,
,,,,,,,,,,,,,,,,,,,,,,,,,,,,,,,,,,,,
,,,,,,,,,,,,,,,,,,,,,,,,,,,,,,,,,,,,
,,,,,,,,,,,,,,,,,,,,,,,,,,,,,,,,,,,,
,,,,,,,,,,,,,,,,,,,,,,,,,,,,,,,,,,,,
,,,,,,,,,,,,,,,,,,,,,,,,,,,,,,,,,,,,
,,,,,,,,,,,,,,,,,,,,,,,,,,,,,,,,,,,,
,,,,,,,,,,,,,,,,,,,,,,,,,,,,,,,,,,,,
,,,,,,,,,,,,,,,,,,,,,,,,,,,,,,,,,,,,
,,,,,,,,,,,,,,,,,,,,,,,,,,,,,,,,,,,,
,,,,,,,,,,,,,,,,,,,,,,,,,,,,,,,,,,,,
,,,,,,,,,,,,,,,,,,,,,,,,,,,,,,,,,,,,
,,,,,,,,,,,,,,,,,,,,,,,,,,,,,,,,,,,,
,,,,,,,,,,,,,,,,,,,,,,,,,,,,,,,,,,,,
,,,,,,,,,,,,,,,,,,,,,,,,,,,,,,,,,,,,
,,,,,,,,,,,,,,,,,,,,,,,,,,,,,,,,,,,,
,,,,,,,,,,,,,,,,,,,,,,,,,,,,,,,,,,,,
,,,,,,,,,,,,,,,,,,,,,,,,,,,,,,,,,,,,
,,,,,,,,,,,,,,,,,,,,,,,,,,,,,,,,,,,,
,,,,,,,,,,,,,,,,,,,,,,,,,,,,,,,,,,,,
,,,,,,,,,,,,,,,,,,,,,,,,,,,,,,,,,,,,
,,,,,,,,,,,,,,,,,,,,,,,,,,,,,,,,,,,,
,,,,,,,,,,,,,,,,,,,,,,,,,,,,,,,,,,,,
,,,,,,,,,,,,,,,,,,,,,,,,,,,,,,,,,,,,
,,,,,,,,,,,,,,,,,,,,,,,,,,,,,,,,,,,,
,,,,,,,,,,,,,,,,,,,,,,,,,,,,,,,,,,,,
,,,,,,,,,,,,,,,,,,,,,,,,,,,,,,,,,,,,
,,,,,,,,,,,,,,,,,,,,,,,,,,,,,,,,,,,,
,,,,,,,,,,,,,,,,,,,,,,,,,,,,,,,,,,,,
,,,,,,,,,,,,,,,,,,,,,,,,,,,,,,,,,,,,
,,,,,,,,,,,,,,,,,,,,,,,,,,,,,,,,,,,,
,,,,,,,,,,,,,,,,,,,,,,,,,,,,,,,,,,,,
,,,,,,,,,,,,,,,,,,,,,,,,,,,,,,,,,,,,
,,,,,,,,,,,,,,,,,,,,,,,,,,,,,,,,,,,,
,,,,,,,,,,,,,,,,,,,,,,,,,,,,,,,,,,,,
,,,,,,,,,,,,,,,,,,,,,,,,,,,,,,,,,,,,
,,,,,,,,,,,,,,,,,,,,,,,,,,,,,,,,,,,,
,,,,,,,,,,,,,,,,,,,,,,,,,,,,,,,,,,,,
,,,,,,,,,,,,,,,,,,,,,,,,,,,,,,,,,,,,
,,,,,,,,,,,,,,,,,,,,,,,,,,,,,,,,,,,,
,,,,,,,,,,,,,,,,,,,,,,,,,,,,,,,,,,,,
,,,,,,,,,,,,,,,,,,,,,,,,,,,,,,,,,,,,
,,,,,,,,,,,,,,,,,,,,,,,,,,,,,,,,,,,,
,,,,,,,,,,,,,,,,,,,,,,,,,,,,,,,,,,,,
,,,,,,,,,,,,,,,,,,,,,,,,,,,,,,,,,,,,
,,,,,,,,,,,,,,,,,,,,,,,,,,,,,,,,,,,,
,,,,,,,,,,,,,,,,,,,,,,,,,,,,,,,,,,,,
,,,,,,,,,,,,,,,,,,,,,,,,,,,,,,,,,,,,
,,,,,,,,,,,,,,,,,,,,,,,,,,,,,,,,,,,,
,,,,,,,,,,,,,,,,,,,,,,,,,,,,,,,,,,,,
,,,,,,,,,,,,,,,,,,,,,,,,,,,,,,,,,,,,
,,,,,,,,,,,,,,,,,,,,,,,,,,,,,,,,,,,,
,,,,,,,,,,,,,,,,,,,,,,,,,,,,,,,,,,,,
,,,,,,,,,,,,,,,,,,,,,,,,,,,,,,,,,,,,
,,,,,,,,,,,,,,,,,,,,,,,,,,,,,,,,,,,,
,,,,,,,,,,,,,,,,,,,,,,,,,,,,,,,,,,,,
,,,,,,,,,,,,,,,,,,,,,,,,,,,,,,,,,,,,
,,,,,,,,,,,,,,,,,,,,,,,,,,,,,,,,,,,,
,,,,,,,,,,,,,,,,,,,,,,,,,,,,,,,,,,,,
,,,,,,,,,,,,,,,,,,,,,,,,,,,,,,,,,,,,
,,,,,,,,,,,,,,,,,,,,,,,,,,,,,,,,,,,,
,,,,,,,,,,,,,,,,,,,,,,,,,,,,,,,,,,,,
,,,,,,,,,,,,,,,,,,,,,,,,,,,,,,,,,,,,
,,,,,,,,,,,,,,,,,,,,,,,,,,,,,,,,,,,,
,,,,,,,,,,,,,,,,,,,,,,,,,,,,,,,,,,,,
,,,,,,,,,,,,,,,,,,,,,,,,,,,,,,,,,,,,
,,,,,,,,,,,,,,,,,,,,,,,,,,,,,,,,,,,,
,,,,,,,,,,,,,,,,,,,,,,,,,,,,,,,,,,,,
,,,,,,,,,,,,,,,,,,,,,,,,,,,,,,,,,,,,
,,,,,,,,,,,,,,,,,,,,,,,,,,,,,,,,,,,,
,,,,,,,,,,,,,,,,,,,,,,,,,,,,,,,,,,,,
,,,,,,,,,,,,,,,,,,,,,,,,,,,,,,,,,,,,
,,,,,,,,,,,,,,,,,,,,,,,,,,,,,,,,,,,,
,,,,,,,,,,,,,,,,,,,,,,,,,,,,,,,,,,,,
,,,,,,,,,,,,,,,,,,,,,,,,,,,,,,,,,,,,
,,,,,,,,,,,,,,,,,,,,,,,,,,,,,,,,,,,,
,,,,,,,,,,,,,,,,,,,,,,,,,,,,,,,,,,,,
,,,,,,,,,,,,,,,,,,,,,,,,,,,,,,,,,,,,
,,,,,,,,,,,,,,,,,,,,,,,,,,,,,,,,,,,,
,,,,,,,,,,,,,,,,,,,,,,,,,,,,,,,,,,,,
,,,,,,,,,,,,,,,,,,,,,,,,,,,,,,,,,,,,
,,,,,,,,,,,,,,,,,,,,,,,,,,,,,,,,,,,,
,,,,,,,,,,,,,,,,,,,,,,,,,,,,,,,,,,,,
,,,,,,,,,,,,,,,,,,,,,,,,,,,,,,,,,,,,
,,,,,,,,,,,,,,,,,,,,,,,,,,,,,,,,,,,,
,,,,,,,,,,,,,,,,,,,,,,,,,,,,,,,,,,,,
,,,,,,,,,,,,,,,,,,,,,,,,,,,,,,,,,,,,
,,,,,,,,,,,,,,,,,,,,,,,,,,,,,,,,,,,,
,,,,,,,,,,,,,,,,,,,,,,,,,,,,,,,,,,,,
,,,,,,,,,,,,,,,,,,,,,,,,,,,,,,,,,,,,
,,,,,,,,,,,,,,,,,,,,,,,,,,,,,,,,,,,,
,,,,,,,,,,,,,,,,,,,,,,,,,,,,,,,,,,,,
,,,,,,,,,,,,,,,,,,,,,,,,,,,,,,,,,,,,
,,,,,,,,,,,,,,,,,,,,,,,,,,,,,,,,,,,,
,,,,,,,,,,,,,,,,,,,,,,,,,,,,,,,,,,,,
,,,,,,,,,,,,,,,,,,,,,,,,,,,,,,,,,,,,
,,,,,,,,,,,,,,,,,,,,,,,,,,,,,,,,,,,,
,,,,,,,,,,,,,,,,,,,,,,,,,,,,,,,,,,,,
,,,,,,,,,,,,,,,,,,,,,,,,,,,,,,,,,,,,
,,,,,,,,,,,,,,,,,,,,,,,,,,,,,,,,,,,,
,,,,,,,,,,,,,,,,,,,,,,,,,,,,,,,,,,,,
,,,,,,,,,,,,,,,,,,,,,,,,,,,,,,,,,,,,
,,,,,,,,,,,,,,,,,,,,,,,,,,,,,,,,,,,,
,,,,,,,,,,,,,,,,,,,,,,,,,,,,,,,,,,,,
,,,,,,,,,,,,,,,,,,,,,,,,,,,,,,,,,,,,
,,,,,,,,,,,,,,,,,,,,,,,,,,,,,,,,,,,,
,,,,,,,,,,,,,,,,,,,,,,,,,,,,,,,,,,,,
,,,,,,,,,,,,,,,,,,,,,,,,,,,,,,,,,,,,
,,,,,,,,,,,,,,,,,,,,,,,,,,,,,,,,,,,,
,,,,,,,,,,,,,,,,,,,,,,,,,,,,,,,,,,,,
,,,,,,,,,,,,,,,,,,,,,,,,,,,,,,,,,,,,
,,,,,,,,,,,,,,,,,,,,,,,,,,,,,,,,,,,,
,,,,,,,,,,,,,,,,,,,,,,,,,,,,,,,,,,,,
,,,,,,,,,,,,,,,,,,,,,,,,,,,,,,,,,,,,
,,,,,,,,,,,,,,,,,,,,,,,,,,,,,,,,,,,,
,,,,,,,,,,,,,,,,,,,,,,,,,,,,,,,,,,,,
,,,,,,,,,,,,,,,,,,,,,,,,,,,,,,,,,,,,
,,,,,,,,,,,,,,,,,,,,,,,,,,,,,,,,,,,,
,,,,,,,,,,,,,,,,,,,,,,,,,,,,,,,,,,,,
,,,,,,,,,,,,,,,,,,,,,,,,,,,,,,,,,,,,
,,,,,,,,,,,,,,,,,,,,,,,,,,,,,,,,,,,,
,,,,,,,,,,,,,,,,,,,,,,,,,,,,,,,,,,,,
,,,,,,,,,,,,,,,,,,,,,,,,,,,,,,,,,,,,
,,,,,,,,,,,,,,,,,,,,,,,,,,,,,,,,,,,,
,,,,,,,,,,,,,,,,,,,,,,,,,,,,,,,,,,,,
,,,,,,,,,,,,,,,,,,,,,,,,,,,,,,,,,,,,
,,,,,,,,,,,,,,,,,,,,,,,,,,,,,,,,,,,,
,,,,,,,,,,,,,,,,,,,,,,,,,,,,,,,,,,,,
,,,,,,,,,,,,,,,,,,,,,,,,,,,,,,,,,,,,
,,,,,,,,,,,,,,,,,,,,,,,,,,,,,,,,,,,,
,,,,,,,,,,,,,,,,,,,,,,,,,,,,,,,,,,,,
,,,,,,,,,,,,,,,,,,,,,,,,,,,,,,,,,,,,
,,,,,,,,,,,,,,,,,,,,,,,,,,,,,,,,,,,,
,,,,,,,,,,,,,,,,,,,,,,,,,,,,,,,,,,,,
,,,,,,,,,,,,,,,,,,,,,,,,,,,,,,,,,,,,
,,,,,,,,,,,,,,,,,,,,,,,,,,,,,,,,,,,,
,,,,,,,,,,,,,,,,,,,,,,,,,,,,,,,,,,,,
,,,,,,,,,,,,,,,,,,,,,,,,,,,,,,,,,,,,
,,,,,,,,,,,,,,,,,,,,,,,,,,,,,,,,,,,,
,,,,,,,,,,,,,,,,,,,,,,,,,,,,,,,,,,,,
,,,,,,,,,,,,,,,,,,,,,,,,,,,,,,,,,,,,
,,,,,,,,,,,,,,,,,,,,,,,,,,,,,,,,,,,,
,,,,,,,,,,,,,,,,,,,,,,,,,,,,,,,,,,,,
,,,,,,,,,,,,,,,,,,,,,,,,,,,,,,,,,,,,
,,,,,,,,,,,,,,,,,,,,,,,,,,,,,,,,,,,,
,,,,,,,,,,,,,,,,,,,,,,,,,,,,,,,,,,,,
,,,,,,,,,,,,,,,,,,,,,,,,,,,,,,,,,,,,
,,,,,,,,,,,,,,,,,,,,,,,,,,,,,,,,,,,,
,,,,,,,,,,,,,,,,,,,,,,,,,,,,,,,,,,,,
,,,,,,,,,,,,,,,,,,,,,,,,,,,,,,,,,,,,
,,,,,,,,,,,,,,,,,,,,,,,,,,,,,,,,,,,,
,,,,,,,,,,,,,,,,,,,,,,,,,,,,,,,,,,,,
,,,,,,,,,,,,,,,,,,,,,,,,,,,,,,,,,,,,
,,,,,,,,,,,,,,,,,,,,,,,,,,,,,,,,,,,,
,,,,,,,,,,,,,,,,,,,,,,,,,,,,,,,,,,,,
,,,,,,,,,,,,,,,,,,,,,,,,,,,,,,,,,,,,
,,,,,,,,,,,,,,,,,,,,,,,,,,,,,,,,,,,,
,,,,,,,,,,,,,,,,,,,,,,,,,,,,,,,,,,,,
,,,,,,,,,,,,,,,,,,,,,,,,,,,,,,,,,,,,
,,,,,,,,,,,,,,,,,,,,,,,,,,,,,,,,,,,,
,,,,,,,,,,,,,,,,,,,,,,,,,,,,,,,,,,,,
,,,,,,,,,,,,,,,,,,,,,,,,,,,,,,,,,,,,
,,,,,,,,,,,,,,,,,,,,,,,,,,,,,,,,,,,,
,,,,,,,,,,,,,,,,,,,,,,,,,,,,,,,,,,,,
,,,,,,,,,,,,,,,,,,,,,,,,,,,,,,,,,,,,
,,,,,,,,,,,,,,,,,,,,,,,,,,,,,,,,,,,,
,,,,,,,,,,,,,,,,,,,,,,,,,,,,,,,,,,,,
,,,,,,,,,,,,,,,,,,,,,,,,,,,,,,,,,,,,
,,,,,,,,,,,,,,,,,,,,,,,,,,,,,,,,,,,,
,,,,,,,,,,,,,,,,,,,,,,,,,,,,,,,,,,,,
,,,,,,,,,,,,,,,,,,,,,,,,,,,,,,,,,,,,
,,,,,,,,,,,,,,,,,,,,,,,,,,,,,,,,,,,,
,,,,,,,,,,,,,,,,,,,,,,,,,,,,,,,,,,,,
,,,,,,,,,,,,,,,,,,,,,,,,,,,,,,,,,,,,
,,,,,,,,,,,,,,,,,,,,,,,,,,,,,,,,,,,,
,,,,,,,,,,,,,,,,,,,,,,,,,,,,,,,,,,,,
,,,,,,,,,,,,,,,,,,,,,,,,,,,,,,,,,,,,
,,,,,,,,,,,,,,,,,,,,,,,,,,,,,,,,,,,,
,,,,,,,,,,,,,,,,,,,,,,,,,,,,,,,,,,,,
,,,,,,,,,,,,,,,,,,,,,,,,,,,,,,,,,,,,
,,,,,,,,,,,,,,,,,,,,,,,,,,,,,,,,,,,,
,,,,,,,,,,,,,,,,,,,,,,,,,,,,,,,,,,,,
,,,,,,,,,,,,,,,,,,,,,,,,,,,,,,,,,,,,
,,,,,,,,,,,,,,,,,,,,,,,,,,,,,,,,,,,,
,,,,,,,,,,,,,,,,,,,,,,,,,,,,,,,,,,,,
,,,,,,,,,,,,,,,,,,,,,,,,,,,,,,,,,,,,
,,,,,,,,,,,,,,,,,,,,,,,,,,,,,,,,,,,,
,,,,,,,,,,,,,,,,,,,,,,,,,,,,,,,,,,,,
,,,,,,,,,,,,,,,,,,,,,,,,,,,,,,,,,,,,
,,,,,,,,,,,,,,,,,,,,,,,,,,,,,,,,,,,,
,,,,,,,,,,,,,,,,,,,,,,,,,,,,,,,,,,,,
,,,,,,,,,,,,,,,,,,,,,,,,,,,,,,,,,,,,
,,,,,,,,,,,,,,,,,,,,,,,,,,,,,,,,,,,,
,,,,,,,,,,,,,,,,,,,,,,,,,,,,,,,,,,,,
,,,,,,,,,,,,,,,,,,,,,,,,,,,,,,,,,,,,
,,,,,,,,,,,,,,,,,,,,,,,,,,,,,,,,,,,,
,,,,,,,,,,,,,,,,,,,,,,,,,,,,,,,,,,,,
,,,,,,,,,,,,,,,,,,,,,,,,,,,,,,,,,,,,
,,,,,,,,,,,,,,,,,,,,,,,,,,,,,,,,,,,,
,,,,,,,,,,,,,,,,,,,,,,,,,,,,,,,,,,,,
,,,,,,,,,,,,,,,,,,,,,,,,,,,,,,,,,,,,
,,,,,,,,,,,,,,,,,,,,,,,,,,,,,,,,,,,,
,,,,,,,,,,,,,,,,,,,,,,,,,,,,,,,,,,,,
,,,,,,,,,,,,,,,,,,,,,,,,,,,,,,,,,,,,
,,,,,,,,,,,,,,,,,,,,,,,,,,,,,,,,,,,,
,,,,,,,,,,,,,,,,,,,,,,,,,,,,,,,,,,,,
,,,,,,,,,,,,,,,,,,,,,,,,,,,,,,,,,,,,
,,,,,,,,,,,,,,,,,,,,,,,,,,,,,,,,,,,,
,,,,,,,,,,,,,,,,,,,,,,,,,,,,,,,,,,,,
,,,,,,,,,,,,,,,,,,,,,,,,,,,,,,,,,,,,
,,,,,,,,,,,,,,,,,,,,,,,,,,,,,,,,,,,,
,,,,,,,,,,,,,,,,,,,,,,,,,,,,,,,,,,,,
,,,,,,,,,,,,,,,,,,,,,,,,,,,,,,,,,,,,
,,,,,,,,,,,,,,,,,,,,,,,,,,,,,,,,,,,,
,,,,,,,,,,,,,,,,,,,,,,,,,,,,,,,,,,,,
,,,,,,,,,,,,,,,,,,,,,,,,,,,,,,,,,,,,
,,,,,,,,,,,,,,,,,,,,,,,,,,,,,,,,,,,,
,,,,,,,,,,,,,,,,,,,,,,,,,,,,,,,,,,,,
,,,,,,,,,,,,,,,,,,,,,,,,,,,,,,,,,,,,
,,,,,,,,,,,,,,,,,,,,,,,,,,,,,,,,,,,,
,,,,,,,,,,,,,,,,,,,,,,,,,,,,,,,,,,,,
,,,,,,,,,,,,,,,,,,,,,,,,,,,,,,,,,,,,
,,,,,,,,,,,,,,,,,,,,,,,,,,,,,,,,,,,,
,,,,,,,,,,,,,,,,,,,,,,,,,,,,,,,,,,,,
,,,,,,,,,,,,,,,,,,,,,,,,,,,,,,,,,,,,
,,,,,,,,,,,,,,,,,,,,,,,,,,,,,,,,,,,,
,,,,,,,,,,,,,,,,,,,,,,,,,,,,,,,,,,,,
,,,,,,,,,,,,,,,,,,,,,,,,,,,,,,,,,,,,
,,,,,,,,,,,,,,,,,,,,,,,,,,,,,,,,,,,,
,,,,,,,,,,,,,,,,,,,,,,,,,,,,,,,,,,,,
,,,,,,,,,,,,,,,,,,,,,,,,,,,,,,,,,,,,
,,,,,,,,,,,,,,,,,,,,,,,,,,,,,,,,,,,,
,,,,,,,,,,,,,,,,,,,,,,,,,,,,,,,,,,,,
,,,,,,,,,,,,,,,,,,,,,,,,,,,,,,,,,,,,
,,,,,,,,,,,,,,,,,,,,,,,,,,,,,,,,,,,,
,,,,,,,,,,,,,,,,,,,,,,,,,,,,,,,,,,,,
,,,,,,,,,,,,,,,,,,,,,,,,,,,,,,,,,,,,
,,,,,,,,,,,,,,,,,,,,,,,,,,,,,,,,,,,,
,,,,,,,,,,,,,,,,,,,,,,,,,,,,,,,,,,,,
,,,,,,,,,,,,,,,,,,,,,,,,,,,,,,,,,,,,
,,,,,,,,,,,,,,,,,,,,,,,,,,,,,,,,,,,,
,,,,,,,,,,,,,,,,,,,,,,,,,,,,,,,,,,,,
,,,,,,,,,,,,,,,,,,,,,,,,,,,,,,,,,,,,
,,,,,,,,,,,,,,,,,,,,,,,,,,,,,,,,,,,,
,,,,,,,,,,,,,,,,,,,,,,,,,,,,,,,,,,,,
,,,,,,,,,,,,,,,,,,,,,,,,,,,,,,,,,,,,
,,,,,,,,,,,,,,,,,,,,,,,,,,,,,,,,,,,,
,,,,,,,,,,,,,,,,,,,,,,,,,,,,,,,,,,,,
,,,,,,,,,,,,,,,,,,,,,,,,,,,,,,,,,,,,
,,,,,,,,,,,,,,,,,,,,,,,,,,,,,,,,,,,,
,,,,,,,,,,,,,,,,,,,,,,,,,,,,,,,,,,,,
,,,,,,,,,,,,,,,,,,,,,,,,,,,,,,,,,,,,
,,,,,,,,,,,,,,,,,,,,,,,,,,,,,,,,,,,,
,,,,,,,,,,,,,,,,,,,,,,,,,,,,,,,,,,,,
,,,,,,,,,,,,,,,,,,,,,,,,,,,,,,,,,,,,
,,,,,,,,,,,,,,,,,,,,,,,,,,,,,,,,,,,,
,,,,,,,,,,,,,,,,,,,,,,,,,,,,,,,,,,,,
,,,,,,,,,,,,,,,,,,,,,,,,,,,,,,,,,,,,
,,,,,,,,,,,,,,,,,,,,,,,,,,,,,,,,,,,,
,,,,,,,,,,,,,,,,,,,,,,,,,,,,,,,,,,,,
,,,,,,,,,,,,,,,,,,,,,,,,,,,,,,,,,,,,
,,,,,,,,,,,,,,,,,,,,,,,,,,,,,,,,,,,,
,,,,,,,,,,,,,,,,,,,,,,,,,,,,,,,,,,,,
,,,,,,,,,,,,,,,,,,,,,,,,,,,,,,,,,,,,
,,,,,,,,,,,,,,,,,,,,,,,,,,,,,,,,,,,,
,,,,,,,,,,,,,,,,,,,,,,,,,,,,,,,,,,,,
,,,,,,,,,,,,,,,,,,,,,,,,,,,,,,,,,,,,
,,,,,,,,,,,,,,,,,,,,,,,,,,,,,,,,,,,,
,,,,,,,,,,,,,,,,,,,,,,,,,,,,,,,,,,,,
,,,,,,,,,,,,,,,,,,,,,,,,,,,,,,,,,,,,
,,,,,,,,,,,,,,,,,,,,,,,,,,,,,,,,,,,,
,,,,,,,,,,,,,,,,,,,,,,,,,,,,,,,,,,,,
,,,,,,,,,,,,,,,,,,,,,,,,,,,,,,,,,,,,
,,,,,,,,,,,,,,,,,,,,,,,,,,,,,,,,,,,,
,,,,,,,,,,,,,,,,,,,,,,,,,,,,,,,,,,,,
,,,,,,,,,,,,,,,,,,,,,,,,,,,,,,,,,,,,
,,,,,,,,,,,,,,,,,,,,,,,,,,,,,,,,,,,,
,,,,,,,,,,,,,,,,,,,,,,,,,,,,,,,,,,,,
,,,,,,,,,,,,,,,,,,,,,,,,,,,,,,,,,,,,
,,,,,,,,,,,,,,,,,,,,,,,,,,,,,,,,,,,,
,,,,,,,,,,,,,,,,,,,,,,,,,,,,,,,,,,,,
,,,,,,,,,,,,,,,,,,,,,,,,,,,,,,,,,,,,
,,,,,,,,,,,,,,,,,,,,,,,,,,,,,,,,,,,,
,,,,,,,,,,,,,,,,,,,,,,,,,,,,,,,,,,,,
,,,,,,,,,,,,,,,,,,,,,,,,,,,,,,,,,,,,
,,,,,,,,,,,,,,,,,,,,,,,,,,,,,,,,,,,,
,,,,,,,,,,,,,,,,,,,,,,,,,,,,,,,,,,,,
,,,,,,,,,,,,,,,,,,,,,,,,,,,,,,,,,,,,
,,,,,,,,,,,,,,,,,,,,,,,,,,,,,,,,,,,,
,,,,,,,,,,,,,,,,,,,,,,,,,,,,,,,,,,,,
,,,,,,,,,,,,,,,,,,,,,,,,,,,,,,,,,,,,
,,,,,,,,,,,,,,,,,,,,,,,,,,,,,,,,,,,,
,,,,,,,,,,,,,,,,,,,,,,,,,,,,,,,,,,,,
,,,,,,,,,,,,,,,,,,,,,,,,,,,,,,,,,,,,
,,,,,,,,,,,,,,,,,,,,,,,,,,,,,,,,,,,,
,,,,,,,,,,,,,,,,,,,,,,,,,,,,,,,,,,,,
,,,,,,,,,,,,,,,,,,,,,,,,,,,,,,,,,,,,
,,,,,,,,,,,,,,,,,,,,,,,,,,,,,,,,,,,,
,,,,,,,,,,,,,,,,,,,,,,,,,,,,,,,,,,,,
,,,,,,,,,,,,,,,,,,,,,,,,,,,,,,,,,,,,
,,,,,,,,,,,,,,,,,,,,,,,,,,,,,,,,,,,,
,,,,,,,,,,,,,,,,,,,,,,,,,,,,,,,,,,,,
,,,,,,,,,,,,,,,,,,,,,,,,,,,,,,,,,,,,
,,,,,,,,,,,,,,,,,,,,,,,,,,,,,,,,,,,,
,,,,,,,,,,,,,,,,,,,,,,,,,,,,,,,,,,,,
,,,,,,,,,,,,,,,,,,,,,,,,,,,,,,,,,,,,
,,,,,,,,,,,,,,,,,,,,,,,,,,,,,,,,,,,,
,,,,,,,,,,,,,,,,,,,,,,,,,,,,,,,,,,,,
,,,,,,,,,,,,,,,,,,,,,,,,,,,,,,,,,,,,
,,,,,,,,,,,,,,,,,,,,,,,,,,,,,,,,,,,,
,,,,,,,,,,,,,,,,,,,,,,,,,,,,,,,,,,,,
,,,,,,,,,,,,,,,,,,,,,,,,,,,,,,,,,,,,
,,,,,,,,,,,,,,,,,,,,,,,,,,,,,,,,,,,,
,,,,,,,,,,,,,,,,,,,,,,,,,,,,,,,,,,,,
,,,,,,,,,,,,,,,,,,,,,,,,,,,,,,,,,,,,
,,,,,,,,,,,,,,,,,,,,,,,,,,,,,,,,,,,,
,,,,,,,,,,,,,,,,,,,,,,,,,,,,,,,,,,,,
,,,,,,,,,,,,,,,,,,,,,,,,,,,,,,,,,,,,
,,,,,,,,,,,,,,,,,,,,,,,,,,,,,,,,,,,,
,,,,,,,,,,,,,,,,,,,,,,,,,,,,,,,,,,,,
,,,,,,,,,,,,,,,,,,,,,,,,,,,,,,,,,,,,
,,,,,,,,,,,,,,,,,,,,,,,,,,,,,,,,,,,,
,,,,,,,,,,,,,,,,,,,,,,,,,,,,,,,,,,,,
,,,,,,,,,,,,,,,,,,,,,,,,,,,,,,,,,,,,
,,,,,,,,,,,,,,,,,,,,,,,,,,,,,,,,,,,,
,,,,,,,,,,,,,,,,,,,,,,,,,,,,,,,,,,,,
,,,,,,,,,,,,,,,,,,,,,,,,,,,,,,,,,,,,
,,,,,,,,,,,,,,,,,,,,,,,,,,,,,,,,,,,,
,,,,,,,,,,,,,,,,,,,,,,,,,,,,,,,,,,,,
,,,,,,,,,,,,,,,,,,,,,,,,,,,,,,,,,,,,
,,,,,,,,,,,,,,,,,,,,,,,,,,,,,,,,,,,,
,,,,,,,,,,,,,,,,,,,,,,,,,,,,,,,,,,,,
,,,,,,,,,,,,,,,,,,,,,,,,,,,,,,,,,,,,
,,,,,,,,,,,,,,,,,,,,,,,,,,,,,,,,,,,,
,,,,,,,,,,,,,,,,,,,,,,,,,,,,,,,,,,,,
,,,,,,,,,,,,,,,,,,,,,,,,,,,,,,,,,,,,
,,,,,,,,,,,,,,,,,,,,,,,,,,,,,,,,,,,,
,,,,,,,,,,,,,,,,,,,,,,,,,,,,,,,,,,,,
,,,,,,,,,,,,,,,,,,,,,,,,,,,,,,,,,,,,
,,,,,,,,,,,,,,,,,,,,,,,,,,,,,,,,,,,,
,,,,,,,,,,,,,,,,,,,,,,,,,,,,,,,,,,,,
,,,,,,,,,,,,,,,,,,,,,,,,,,,,,,,,,,,,
,,,,,,,,,,,,,,,,,,,,,,,,,,,,,,,,,,,,
,,,,,,,,,,,,,,,,,,,,,,,,,,,,,,,,,,,,
,,,,,,,,,,,,,,,,,,,,,,,,,,,,,,,,,,,,
,,,,,,,,,,,,,,,,,,,,,,,,,,,,,,,,,,,,
,,,,,,,,,,,,,,,,,,,,,,,,,,,,,,,,,,,,
,,,,,,,,,,,,,,,,,,,,,,,,,,,,,,,,,,,,
,,,,,,,,,,,,,,,,,,,,,,,,,,,,,,,,,,,,
,,,,,,,,,,,,,,,,,,,,,,,,,,,,,,,,,,,,
,,,,,,,,,,,,,,,,,,,,,,,,,,,,,,,,,,,,
,,,,,,,,,,,,,,,,,,,,,,,,,,,,,,,,,,,,
,,,,,,,,,,,,,,,,,,,,,,,,,,,,,,,,,,,,
,,,,,,,,,,,,,,,,,,,,,,,,,,,,,,,,,,,,
,,,,,,,,,,,,,,,,,,,,,,,,,,,,,,,,,,,,
,,,,,,,,,,,,,,,,,,,,,,,,,,,,,,,,,,,,
,,,,,,,,,,,,,,,,,,,,,,,,,,,,,,,,,,,,
,,,,,,,,,,,,,,,,,,,,,,,,,,,,,,,,,,,,
,,,,,,,,,,,,,,,,,,,,,,,,,,,,,,,,,,,,
,,,,,,,,,,,,,,,,,,,,,,,,,,,,,,,,,,,,
,,,,,,,,,,,,,,,,,,,,,,,,,,,,,,,,,,,,
,,,,,,,,,,,,,,,,,,,,,,,,,,,,,,,,,,,,
,,,,,,,,,,,,,,,,,,,,,,,,,,,,,,,,,,,,
,,,,,,,,,,,,,,,,,,,,,,,,,,,,,,,,,,,,
,,,,,,,,,,,,,,,,,,,,,,,,,,,,,,,,,,,,
,,,,,,,,,,,,,,,,,,,,,,,,,,,,,,,,,,,,
,,,,,,,,,,,,,,,,,,,,,,,,,,,,,,,,,,,,
,,,,,,,,,,,,,,,,,,,,,,,,,,,,,,,,,,,,
,,,,,,,,,,,,,,,,,,,,,,,,,,,,,,,,,,,,
,,,,,,,,,,,,,,,,,,,,,,,,,,,,,,,,,,,,
,,,,,,,,,,,,,,,,,,,,,,,,,,,,,,,,,,,,
,,,,,,,,,,,,,,,,,,,,,,,,,,,,,,,,,,,,
,,,,,,,,,,,,,,,,,,,,,,,,,,,,,,,,,,,,
,,,,,,,,,,,,,,,,,,,,,,,,,,,,,,,,,,,,
,,,,,,,,,,,,,,,,,,,,,,,,,,,,,,,,,,,,
,,,,,,,,,,,,,,,,,,,,,,,,,,,,,,,,,,,,
,,,,,,,,,,,,,,,,,,,,,,,,,,,,,,,,,,,,
,,,,,,,,,,,,,,,,,,,,,,,,,,,,,,,,,,,,
,,,,,,,,,,,,,,,,,,,,,,,,,,,,,,,,,,,,
,,,,,,,,,,,,,,,,,,,,,,,,,,,,,,,,,,,,
,,,,,,,,,,,,,,,,,,,,,,,,,,,,,,,,,,,,
,,,,,,,,,,,,,,,,,,,,,,,,,,,,,,,,,,,,
,,,,,,,,,,,,,,,,,,,,,,,,,,,,,,,,,,,,
,,,,,,,,,,,,,,,,,,,,,,,,,,,,,,,,,,,,
,,,,,,,,,,,,,,,,,,,,,,,,,,,,,,,,,,,,
,,,,,,,,,,,,,,,,,,,,,,,,,,,,,,,,,,,,
,,,,,,,,,,,,,,,,,,,,,,,,,,,,,,,,,,,,
,,,,,,,,,,,,,,,,,,,,,,,,,,,,,,,,,,,,
,,,,,,,,,,,,,,,,,,,,,,,,,,,,,,,,,,,,
,,,,,,,,,,,,,,,,,,,,,,,,,,,,,,,,,,,,
,,,,,,,,,,,,,,,,,,,,,,,,,,,,,,,,,,,,
,,,,,,,,,,,,,,,,,,,,,,,,,,,,,,,,,,,,
,,,,,,,,,,,,,,,,,,,,,,,,,,,,,,,,,,,,
,,,,,,,,,,,,,,,,,,,,,,,,,,,,,,,,,,,,
,,,,,,,,,,,,,,,,,,,,,,,,,,,,,,,,,,,,
,,,,,,,,,,,,,,,,,,,,,,,,,,,,,,,,,,,,
,,,,,,,,,,,,,,,,,,,,,,,,,,,,,,,,,,,,
,,,,,,,,,,,,,,,,,,,,,,,,,,,,,,,,,,,,
,,,,,,,,,,,,,,,,,,,,,,,,,,,,,,,,,,,,
,,,,,,,,,,,,,,,,,,,,,,,,,,,,,,,,,,,,
,,,,,,,,,,,,,,,,,,,,,,,,,,,,,,,,,,,,
,,,,,,,,,,,,,,,,,,,,,,,,,,,,,,,,,,,,
,,,,,,,,,,,,,,,,,,,,,,,,,,,,,,,,,,,,
,,,,,,,,,,,,,,,,,,,,,,,,,,,,,,,,,,,,
,,,,,,,,,,,,,,,,,,,,,,,,,,,,,,,,,,,,
,,,,,,,,,,,,,,,,,,,,,,,,,,,,,,,,,,,,
,,,,,,,,,,,,,,,,,,,,,,,,,,,,,,,,,,,,
,,,,,,,,,,,,,,,,,,,,,,,,,,,,,,,,,,,,
,,,,,,,,,,,,,,,,,,,,,,,,,,,,,,,,,,,,
,,,,,,,,,,,,,,,,,,,,,,,,,,,,,,,,,,,,
,,,,,,,,,,,,,,,,,,,,,,,,,,,,,,,,,,,,
,,,,,,,,,,,,,,,,,,,,,,,,,,,,,,,,,,,,
,,,,,,,,,,,,,,,,,,,,,,,,,,,,,,,,,,,,
,,,,,,,,,,,,,,,,,,,,,,,,,,,,,,,,,,,,
,,,,,,,,,,,,,,,,,,,,,,,,,,,,,,,,,,,,
,,,,,,,,,,,,,,,,,,,,,,,,,,,,,,,,,,,,
,,,,,,,,,,,,,,,,,,,,,,,,,,,,,,,,,,,,
,,,,,,,,,,,,,,,,,,,,,,,,,,,,,,,,,,,,
,,,,,,,,,,,,,,,,,,,,,,,,,,,,,,,,,,,,
,,,,,,,,,,,,,,,,,,,,,,,,,,,,,,,,,,,,
,,,,,,,,,,,,,,,,,,,,,,,,,,,,,,,,,,,,
,,,,,,,,,,,,,,,,,,,,,,,,,,,,,,,,,,,,
,,,,,,,,,,,,,,,,,,,,,,,,,,,,,,,,,,,,
,,,,,,,,,,,,,,,,,,,,,,,,,,,,,,,,,,,,
,,,,,,,,,,,,,,,,,,,,,,,,,,,,,,,,,,,,
,,,,,,,,,,,,,,,,,,,,,,,,,,,,,,,,,,,,
,,,,,,,,,,,,,,,,,,,,,,,,,,,,,,,,,,,,
,,,,,,,,,,,,,,,,,,,,,,,,,,,,,,,,,,,,
,,,,,,,,,,,,,,,,,,,,,,,,,,,,,,,,,,,,
,,,,,,,,,,,,,,,,,,,,,,,,,,,,,,,,,,,,
,,,,,,,,,,,,,,,,,,,,,,,,,,,,,,,,,,,,
,,,,,,,,,,,,,,,,,,,,,,,,,,,,,,,,,,,,
,,,,,,,,,,,,,,,,,,,,,,,,,,,,,,,,,,,,
,,,,,,,,,,,,,,,,,,,,,,,,,,,,,,,,,,,,
,,,,,,,,,,,,,,,,,,,,,,,,,,,,,,,,,,,,
,,,,,,,,,,,,,,,,,,,,,,,,,,,,,,,,,,,,
,,,,,,,,,,,,,,,,,,,,,,,,,,,,,,,,,,,,
,,,,,,,,,,,,,,,,,,,,,,,,,,,,,,,,,,,,
,,,,,,,,,,,,,,,,,,,,,,,,,,,,,,,,,,,,
,,,,,,,,,,,,,,,,,,,,,,,,,,,,,,,,,,,,
,,,,,,,,,,,,,,,,,,,,,,,,,,,,,,,,,,,,
,,,,,,,,,,,,,,,,,,,,,,,,,,,,,,,,,,,,
,,,,,,,,,,,,,,,,,,,,,,,,,,,,,,,,,,,,
,,,,,,,,,,,,,,,,,,,,,,,,,,,,,,,,,,,,
,,,,,,,,,,,,,,,,,,,,,,,,,,,,,,,,,,,,
,,,,,,,,,,,,,,,,,,,,,,,,,,,,,,,,,,,,
,,,,,,,,,,,,,,,,,,,,,,,,,,,,,,,,,,,,
,,,,,,,,,,,,,,,,,,,,,,,,,,,,,,,,,,,,
,,,,,,,,,,,,,,,,,,,,,,,,,,,,,,,,,,,,
,,,,,,,,,,,,,,,,,,,,,,,,,,,,,,,,,,,,
,,,,,,,,,,,,,,,,,,,,,,,,,,,,,,,,,,,,
,,,,,,,,,,,,,,,,,,,,,,,,,,,,,,,,,,,,
,,,,,,,,,,,,,,,,,,,,,,,,,,,,,,,,,,,,
,,,,,,,,,,,,,,,,,,,,,,,,,,,,,,,,,,,,
,,,,,,,,,,,,,,,,,,,,,,,,,,,,,,,,,,,,
,,,,,,,,,,,,,,,,,,,,,,,,,,,,,,,,,,,,
,,,,,,,,,,,,,,,,,,,,,,,,,,,,,,,,,,,,
,,,,,,,,,,,,,,,,,,,,,,,,,,,,,,,,,,,,
,,,,,,,,,,,,,,,,,,,,,,,,,,,,,,,,,,,,
,,,,,,,,,,,,,,,,,,,,,,,,,,,,,,,,,,,,
,,,,,,,,,,,,,,,,,,,,,,,,,,,,,,,,,,,,
,,,,,,,,,,,,,,,,,,,,,,,,,,,,,,,,,,,,
,,,,,,,,,,,,,,,,,,,,,,,,,,,,,,,,,,,,
,,,,,,,,,,,,,,,,,,,,,,,,,,,,,,,,,,,,
,,,,,,,,,,,,,,,,,,,,,,,,,,,,,,,,,,,,
,,,,,,,,,,,,,,,,,,,,,,,,,,,,,,,,,,,,
,,,,,,,,,,,,,,,,,,,,,,,,,,,,,,,,,,,,
,,,,,,,,,,,,,,,,,,,,,,,,,,,,,,,,,,,,
,,,,,,,,,,,,,,,,,,,,,,,,,,,,,,,,,,,,
,,,,,,,,,,,,,,,,,,,,,,,,,,,,,,,,,,,,
,,,,,,,,,,,,,,,,,,,,,,,,,,,,,,,,,,,,
,,,,,,,,,,,,,,,,,,,,,,,,,,,,,,,,,,,,
,,,,,,,,,,,,,,,,,,,,,,,,,,,,,,,,,,,,
,,,,,,,,,,,,,,,,,,,,,,,,,,,,,,,,,,,,
,,,,,,,,,,,,,,,,,,,,,,,,,,,,,,,,,,,,
,,,,,,,,,,,,,,,,,,,,,,,,,,,,,,,,,,,,
,,,,,,,,,,,,,,,,,,,,,,,,,,,,,,,,,,,,
,,,,,,,,,,,,,,,,,,,,,,,,,,,,,,,,,,,,
,,,,,,,,,,,,,,,,,,,,,,,,,,,,,,,,,,,,
,,,,,,,,,,,,,,,,,,,,,,,,,,,,,,,,,,,,
,,,,,,,,,,,,,,,,,,,,,,,,,,,,,,,,,,,,
,,,,,,,,,,,,,,,,,,,,,,,,,,,,,,,,,,,,
,,,,,,,,,,,,,,,,,,,,,,,,,,,,,,,,,,,,
,,,,,,,,,,,,,,,,,,,,,,,,,,,,,,,,,,,,
,,,,,,,,,,,,,,,,,,,,,,,,,,,,,,,,,,,,
,,,,,,,,,,,,,,,,,,,,,,,,,,,,,,,,,,,,
,,,,,,,,,,,,,,,,,,,,,,,,,,,,,,,,,,,,
,,,,,,,,,,,,,,,,,,,,,,,,,,,,,,,,,,,,
,,,,,,,,,,,,,,,,,,,,,,,,,,,,,,,,,,,,
,,,,,,,,,,,,,,,,,,,,,,,,,,,,,,,,,,,,
,,,,,,,,,,,,,,,,,,,,,,,,,,,,,,,,,,,,
,,,,,,,,,,,,,,,,,,,,,,,,,,,,,,,,,,,,
,,,,,,,,,,,,,,,,,,,,,,,,,,,,,,,,,,,,
,,,,,,,,,,,,,,,,,,,,,,,,,,,,,,,,,,,,
,,,,,,,,,,,,,,,,,,,,,,,,,,,,,,,,,,,,
,,,,,,,,,,,,,,,,,,,,,,,,,,,,,,,,,,,,
,,,,,,,,,,,,,,,,,,,,,,,,,,,,,,,,,,,,
,,,,,,,,,,,,,,,,,,,,,,,,,,,,,,,,,,,,
,,,,,,,,,,,,,,,,,,,,,,,,,,,,,,,,,,,,
,,,,,,,,,,,,,,,,,,,,,,,,,,,,,,,,,,,,
,,,,,,,,,,,,,,,,,,,,,,,,,,,,,,,,,,,,
,,,,,,,,,,,,,,,,,,,,,,,,,,,,,,,,,,,,
,,,,,,,,,,,,,,,,,,,,,,,,,,,,,,,,,,,,
,,,,,,,,,,,,,,,,,,,,,,,,,,,,,,,,,,,,
,,,,,,,,,,,,,,,,,,,,,,,,,,,,,,,,,,,,
,,,,,,,,,,,,,,,,,,,,,,,,,,,,,,,,,,,,
,,,,,,,,,,,,,,,,,,,,,,,,,,,,,,,,,,,,
,,,,,,,,,,,,,,,,,,,,,,,,,,,,,,,,,,,,
,,,,,,,,,,,,,,,,,,,,,,,,,,,,,,,,,,,,
,,,,,,,,,,,,,,,,,,,,,,,,,,,,,,,,,,,,
,,,,,,,,,,,,,,,,,,,,,,,,,,,,,,,,,,,,
,,,,,,,,,,,,,,,,,,,,,,,,,,,,,,,,,,,,
,,,,,,,,,,,,,,,,,,,,,,,,,,,,,,,,,,,,
,,,,,,,,,,,,,,,,,,,,,,,,,,,,,,,,,,,,
,,,,,,,,,,,,,,,,,,,,,,,,,,,,,,,,,,,,
,,,,,,,,,,,,,,,,,,,,,,,,,,,,,,,,,,,,
,,,,,,,,,,,,,,,,,,,,,,,,,,,,,,,,,,,,
,,,,,,,,,,,,,,,,,,,,,,,,,,,,,,,,,,,,
,,,,,,,,,,,,,,,,,,,,,,,,,,,,,,,,,,,,
,,,,,,,,,,,,,,,,,,,,,,,,,,,,,,,,,,,,
,,,,,,,,,,,,,,,,,,,,,,,,,,,,,,,,,,,,
,,,,,,,,,,,,,,,,,,,,,,,,,,,,,,,,,,,,
,,,,,,,,,,,,,,,,,,,,,,,,,,,,,,,,,,,,
,,,,,,,,,,,,,,,,,,,,,,,,,,,,,,,,,,,,
,,,,,,,,,,,,,,,,,,,,,,,,,,,,,,,,,,,,
,,,,,,,,,,,,,,,,,,,,,,,,,,,,,,,,,,,,
,,,,,,,,,,,,,,,,,,,,,,,,,,,,,,,,,,,,
,,,,,,,,,,,,,,,,,,,,,,,,,,,,,,,,,,,,
,,,,,,,,,,,,,,,,,,,,,,,,,,,,,,,,,,,,
,,,,,,,,,,,,,,,,,,,,,,,,,,,,,,,,,,,,
,,,,,,,,,,,,,,,,,,,,,,,,,,,,,,,,,,,,
,,,,,,,,,,,,,,,,,,,,,,,,,,,,,,,,,,,,
,,,,,,,,,,,,,,,,,,,,,,,,,,,,,,,,,,,,
,,,,,,,,,,,,,,,,,,,,,,,,,,,,,,,,,,,,
,,,,,,,,,,,,,,,,,,,,,,,,,,,,,,,,,,,,
,,,,,,,,,,,,,,,,,,,,,,,,,,,,,,,,,,,,
,,,,,,,,,,,,,,,,,,,,,,,,,,,,,,,,,,,,
,,,,,,,,,,,,,,,,,,,,,,,,,,,,,,,,,,,,
,,,,,,,,,,,,,,,,,,,,,,,,,,,,,,,,,,,,
,,,,,,,,,,,,,,,,,,,,,,,,,,,,,,,,,,,,
,,,,,,,,,,,,,,,,,,,,,,,,,,,,,,,,,,,,
,,,,,,,,,,,,,,,,,,,,,,,,,,,,,,,,,,,,
,,,,,,,,,,,,,,,,,,,,,,,,,,,,,,,,,,,,
,,,,,,,,,,,,,,,,,,,,,,,,,,,,,,,,,,,,
,,,,,,,,,,,,,,,,,,,,,,,,,,,,,,,,,,,,
,,,,,,,,,,,,,,,,,,,,,,,,,,,,,,,,,,,,
,,,,,,,,,,,,,,,,,,,,,,,,,,,,,,,,,,,,
,,,,,,,,,,,,,,,,,,,,,,,,,,,,,,,,,,,,
,,,,,,,,,,,,,,,,,,,,,,,,,,,,,,,,,,,,
,,,,,,,,,,,,,,,,,,,,,,,,,,,,,,,,,,,,
,,,,,,,,,,,,,,,,,,,,,,,,,,,,,,,,,,,,
,,,,,,,,,,,,,,,,,,,,,,,,,,,,,,,,,,,,
,,,,,,,,,,,,,,,,,,,,,,,,,,,,,,,,,,,,
,,,,,,,,,,,,,,,,,,,,,,,,,,,,,,,,,,,,
,,,,,,,,,,,,,,,,,,,,,,,,,,,,,,,,,,,,
,,,,,,,,,,,,,,,,,,,,,,,,,,,,,,,,,,,,
,,,,,,,,,,,,,,,,,,,,,,,,,,,,,,,,,,,,
,,,,,,,,,,,,,,,,,,,,,,,,,,,,,,,,,,,,
,,,,,,,,,,,,,,,,,,,,,,,,,,,,,,,,,,,,
,,,,,,,,,,,,,,,,,,,,,,,,,,,,,,,,,,,,
,,,,,,,,,,,,,,,,,,,,,,,,,,,,,,,,,,,,
,,,,,,,,,,,,,,,,,,,,,,,,,,,,,,,,,,,,
,,,,,,,,,,,,,,,,,,,,,,,,,,,,,,,,,,,,
,,,,,,,,,,,,,,,,,,,,,,,,,,,,,,,,,,,,
,,,,,,,,,,,,,,,,,,,,,,,,,,,,,,,,,,,,
,,,,,,,,,,,,,,,,,,,,,,,,,,,,,,,,,,,,
,,,,,,,,,,,,,,,,,,,,,,,,,,,,,,,,,,,,
,,,,,,,,,,,,,,,,,,,,,,,,,,,,,,,,,,,,
,,,,,,,,,,,,,,,,,,,,,,,,,,,,,,,,,,,,
,,,,,,,,,,,,,,,,,,,,,,,,,,,,,,,,,,,,
,,,,,,,,,,,,,,,,,,,,,,,,,,,,,,,,,,,,
,,,,,,,,,,,,,,,,,,,,,,,,,,,,,,,,,,,,
,,,,,,,,,,,,,,,,,,,,,,,,,,,,,,,,,,,,
,,,,,,,,,,,,,,,,,,,,,,,,,,,,,,,,,,,,
,,,,,,,,,,,,,,,,,,,,,,,,,,,,,,,,,,,,
,,,,,,,,,,,,,,,,,,,,,,,,,,,,,,,,,,,,
,,,,,,,,,,,,,,,,,,,,,,,,,,,,,,,,,,,,
,,,,,,,,,,,,,,,,,,,,,,,,,,,,,,,,,,,,
,,,,,,,,,,,,,,,,,,,,,,,,,,,,,,,,,,,,
,,,,,,,,,,,,,,,,,,,,,,,,,,,,,,,,,,,,
,,,,,,,,,,,,,,,,,,,,,,,,,,,,,,,,,,,,
,,,,,,,,,,,,,,,,,,,,,,,,,,,,,,,,,,,,
,,,,,,,,,,,,,,,,,,,,,,,,,,,,,,,,,,,,
,,,,,,,,,,,,,,,,,,,,,,,,,,,,,,,,,,,,
,,,,,,,,,,,,,,,,,,,,,,,,,,,,,,,,,,,,
,,,,,,,,,,,,,,,,,,,,,,,,,,,,,,,,,,,,
,,,,,,,,,,,,,,,,,,,,,,,,,,,,,,,,,,,,
,,,,,,,,,,,,,,,,,,,,,,,,,,,,,,,,,,,,
,,,,,,,,,,,,,,,,,,,,,,,,,,,,,,,,,,,,
,,,,,,,,,,,,,,,,,,,,,,,,,,,,,,,,,,,,
,,,,,,,,,,,,,,,,,,,,,,,,,,,,,,,,,,,,
,,,,,,,,,,,,,,,,,,,,,,,,,,,,,,,,,,,,
,,,,,,,,,,,,,,,,,,,,,,,,,,,,,,,,,,,,
,,,,,,,,,,,,,,,,,,,,,,,,,,,,,,,,,,,,
,,,,,,,,,,,,,,,,,,,,,,,,,,,,,,,,,,,,
,,,,,,,,,,,,,,,,,,,,,,,,,,,,,,,,,,,,
,,,,,,,,,,,,,,,,,,,,,,,,,,,,,,,,,,,,
,,,,,,,,,,,,,,,,,,,,,,,,,,,,,,,,,,,,
,,,,,,,,,,,,,,,,,,,,,,,,,,,,,,,,,,,,
,,,,,,,,,,,,,,,,,,,,,,,,,,,,,,,,,,,,
,,,,,,,,,,,,,,,,,,,,,,,,,,,,,,,,,,,,
,,,,,,,,,,,,,,,,,,,,,,,,,,,,,,,,,,,,
,,,,,,,,,,,,,,,,,,,,,,,,,,,,,,,,,,,,
,,,,,,,,,,,,,,,,,,,,,,,,,,,,,,,,,,,,
,,,,,,,,,,,,,,,,,,,,,,,,,,,,,,,,,,,,
,,,,,,,,,,,,,,,,,,,,,,,,,,,,,,,,,,,,
,,,,,,,,,,,,,,,,,,,,,,,,,,,,,,,,,,,,
,,,,,,,,,,,,,,,,,,,,,,,,,,,,,,,,,,,,
,,,,,,,,,,,,,,,,,,,,,,,,,,,,,,,,,,,,
,,,,,,,,,,,,,,,,,,,,,,,,,,,,,,,,,,,,
,,,,,,,,,,,,,,,,,,,,,,,,,,,,,,,,,,,,
,,,,,,,,,,,,,,,,,,,,,,,,,,,,,,,,,,,,
,,,,,,,,,,,,,,,,,,,,,,,,,,,,,,,,,,,,
,,,,,,,,,,,,,,,,,,,,,,,,,,,,,,,,,,,,
,,,,,,,,,,,,,,,,,,,,,,,,,,,,,,,,,,,,
,,,,,,,,,,,,,,,,,,,,,,,,,,,,,,,,,,,,
,,,,,,,,,,,,,,,,,,,,,,,,,,,,,,,,,,,,
,,,,,,,,,,,,,,,,,,,,,,,,,,,,,,,,,,,,
,,,,,,,,,,,,,,,,,,,,,,,,,,,,,,,,,,,,
,,,,,,,,,,,,,,,,,,,,,,,,,,,,,,,,,,,,
,,,,,,,,,,,,,,,,,,,,,,,,,,,,,,,,,,,,
,,,,,,,,,,,,,,,,,,,,,,,,,,,,,,,,,,,,
,,,,,,,,,,,,,,,,,,,,,,,,,,,,,,,,,,,,
,,,,,,,,,,,,,,,,,,,,,,,,,,,,,,,,,,,,
,,,,,,,,,,,,,,,,,,,,,,,,,,,,,,,,,,,,
,,,,,,,,,,,,,,,,,,,,,,,,,,,,,,,,,,,,
,,,,,,,,,,,,,,,,,,,,,,,,,,,,,,,,,,,,
,,,,,,,,,,,,,,,,,,,,,,,,,,,,,,,,,,,,
,,,,,,,,,,,,,,,,,,,,,,,,,,,,,,,,,,,,
,,,,,,,,,,,,,,,,,,,,,,,,,,,,,,,,,,,,
,,,,,,,,,,,,,,,,,,,,,,,,,,,,,,,,,,,,
,,,,,,,,,,,,,,,,,,,,,,,,,,,,,,,,,,,,
,,,,,,,,,,,,,,,,,,,,,,,,,,,,,,,,,,,,
,,,,,,,,,,,,,,,,,,,,,,,,,,,,,,,,,,,,
,,,,,,,,,,,,,,,,,,,,,,,,,,,,,,,,,,,,
,,,,,,,,,,,,,,,,,,,,,,,,,,,,,,,,,,,,
,,,,,,,,,,,,,,,,,,,,,,,,,,,,,,,,,,,,
,,,,,,,,,,,,,,,,,,,,,,,,,,,,,,,,,,,,
,,,,,,,,,,,,,,,,,,,,,,,,,,,,,,,,,,,,
,,,,,,,,,,,,,,,,,,,,,,,,,,,,,,,,,,,,
,,,,,,,,,,,,,,,,,,,,,,,,,,,,,,,,,,,,
,,,,,,,,,,,,,,,,,,,,,,,,,,,,,,,,,,,,
,,,,,,,,,,,,,,,,,,,,,,,,,,,,,,,,,,,,
,,,,,,,,,,,,,,,,,,,,,,,,,,,,,,,,,,,,
,,,,,,,,,,,,,,,,,,,,,,,,,,,,,,,,,,,,
,,,,,,,,,,,,,,,,,,,,,,,,,,,,,,,,,,,,
,,,,,,,,,,,,,,,,,,,,,,,,,,,,,,,,,,,,
,,,,,,,,,,,,,,,,,,,,,,,,,,,,,,,,,,,,
,,,,,,,,,,,,,,,,,,,,,,,,,,,,,,,,,,,,
,,,,,,,,,,,,,,,,,,,,,,,,,,,,,,,,,,,,
,,,,,,,,,,,,,,,,,,,,,,,,,,,,,,,,,,,,
,,,,,,,,,,,,,,,,,,,,,,,,,,,,,,,,,,,,
,,,,,,,,,,,,,,,,,,,,,,,,,,,,,,,,,,,,
,,,,,,,,,,,,,,,,,,,,,,,,,,,,,,,,,,,,
,,,,,,,,,,,,,,,,,,,,,,,,,,,,,,,,,,,,
,,,,,,,,,,,,,,,,,,,,,,,,,,,,,,,,,,,,
,,,,,,,,,,,,,,,,,,,,,,,,,,,,,,,,,,,,
,,,,,,,,,,,,,,,,,,,,,,,,,,,,,,,,,,,,
,,,,,,,,,,,,,,,,,,,,,,,,,,,,,,,,,,,,
,,,,,,,,,,,,,,,,,,,,,,,,,,,,,,,,,,,,
,,,,,,,,,,,,,,,,,,,,,,,,,,,,,,,,,,,,
,,,,,,,,,,,,,,,,,,,,,,,,,,,,,,,,,,,,
,,,,,,,,,,,,,,,,,,,,,,,,,,,,,,,,,,,,
,,,,,,,,,,,,,,,,,,,,,,,,,,,,,,,,,,,,
,,,,,,,,,,,,,,,,,,,,,,,,,,,,,,,,,,,,
,,,,,,,,,,,,,,,,,,,,,,,,,,,,,,,,,,,,
,,,,,,,,,,,,,,,,,,,,,,,,,,,,,,,,,,,,
,,,,,,,,,,,,,,,,,,,,,,,,,,,,,,,,,,,,
,,,,,,,,,,,,,,,,,,,,,,,,,,,,,,,,,,,,
,,,,,,,,,,,,,,,,,,,,,,,,,,,,,,,,,,,,
,,,,,,,,,,,,,,,,,,,,,,,,,,,,,,,,,,,,
,,,,,,,,,,,,,,,,,,,,,,,,,,,,,,,,,,,,
,,,,,,,,,,,,,,,,,,,,,,,,,,,,,,,,,,,,
,,,,,,,,,,,,,,,,,,,,,,,,,,,,,,,,,,,,
,,,,,,,,,,,,,,,,,,,,,,,,,,,,,,,,,,,,
,,,,,,,,,,,,,,,,,,,,,,,,,,,,,,,,,,,,
,,,,,,,,,,,,,,,,,,,,,,,,,,,,,,,,,,,,
,,,,,,,,,,,,,,,,,,,,,,,,,,,,,,,,,,,,
,,,,,,,,,,,,,,,,,,,,,,,,,,,,,,,,,,,,
,,,,,,,,,,,,,,,,,,,,,,,,,,,,,,,,,,,,
,,,,,,,,,,,,,,,,,,,,,,,,,,,,,,,,,,,,
,,,,,,,,,,,,,,,,,,,,,,,,,,,,,,,,,,,,
,,,,,,,,,,,,,,,,,,,,,,,,,,,,,,,,,,,,
,,,,,,,,,,,,,,,,,,,,,,,,,,,,,,,,,,,,
,,,,,,,,,,,,,,,,,,,,,,,,,,,,,,,,,,,,
,,,,,,,,,,,,,,,,,,,,,,,,,,,,,,,,,,,,
,,,,,,,,,,,,,,,,,,,,,,,,,,,,,,,,,,,,
,,,,,,,,,,,,,,,,,,,,,,,,,,,,,,,,,,,,
,,,,,,,,,,,,,,,,,,,,,,,,,,,,,,,,,,,,
,,,,,,,,,,,,,,,,,,,,,,,,,,,,,,,,,,,,
,,,,,,,,,,,,,,,,,,,,,,,,,,,,,,,,,,,,
,,,,,,,,,,,,,,,,,,,,,,,,,,,,,,,,,,,,
,,,,,,,,,,,,,,,,,,,,,,,,,,,,,,,,,,,,
,,,,,,,,,,,,,,,,,,,,,,,,,,,,,,,,,,,,
,,,,,,,,,,,,,,,,,,,,,,,,,,,,,,,,,,,,
,,,,,,,,,,,,,,,,,,,,,,,,,,,,,,,,,,,,
,,,,,,,,,,,,,,,,,,,,,,,,,,,,,,,,,,,,
,,,,,,,,,,,,,,,,,,,,,,,,,,,,,,,,,,,,
,,,,,,,,,,,,,,,,,,,,,,,,,,,,,,,,,,,,
,,,,,,,,,,,,,,,,,,,,,,,,,,,,,,,,,,,,
,,,,,,,,,,,,,,,,,,,,,,,,,,,,,,,,,,,,
,,,,,,,,,,,,,,,,,,,,,,,,,,,,,,,,,,,,
,,,,,,,,,,,,,,,,,,,,,,,,,,,,,,,,,,,,
,,,,,,,,,,,,,,,,,,,,,,,,,,,,,,,,,,,,
,,,,,,,,,,,,,,,,,,,,,,,,,,,,,,,,,,,,
,,,,,,,,,,,,,,,,,,,,,,,,,,,,,,,,,,,,
,,,,,,,,,,,,,,,,,,,,,,,,,,,,,,,,,,,,
,,,,,,,,,,,,,,,,,,,,,,,,,,,,,,,,,,,,
,,,,,,,,,,,,,,,,,,,,,,,,,,,,,,,,,,,,
,,,,,,,,,,,,,,,,,,,,,,,,,,,,,,,,,,,,
,,,,,,,,,,,,,,,,,,,,,,,,,,,,,,,,,,,,
,,,,,,,,,,,,,,,,,,,,,,,,,,,,,,,,,,,,
,,,,,,,,,,,,,,,,,,,,,,,,,,,,,,,,,,,,
,,,,,,,,,,,,,,,,,,,,,,,,,,,,,,,,,,,,
,,,,,,,,,,,,,,,,,,,,,,,,,,,,,,,,,,,,
,,,,,,,,,,,,,,,,,,,,,,,,,,,,,,,,,,,,
,,,,,,,,,,,,,,,,,,,,,,,,,,,,,,,,,,,,
,,,,,,,,,,,,,,,,,,,,,,,,,,,,,,,,,,,,
,,,,,,,,,,,,,,,,,,,,,,,,,,,,,,,,,,,,
,,,,,,,,,,,,,,,,,,,,,,,,,,,,,,,,,,,,
,,,,,,,,,,,,,,,,,,,,,,,,,,,,,,,,,,,,
,,,,,,,,,,,,,,,,,,,,,,,,,,,,,,,,,,,,
,,,,,,,,,,,,,,,,,,,,,,,,,,,,,,,,,,,,
,,,,,,,,,,,,,,,,,,,,,,,,,,,,,,,,,,,,
,,,,,,,,,,,,,,,,,,,,,,,,,,,,,,,,,,,,
,,,,,,,,,,,,,,,,,,,,,,,,,,,,,,,,,,,,
,,,,,,,,,,,,,,,,,,,,,,,,,,,,,,,,,,,,
,,,,,,,,,,,,,,,,,,,,,,,,,,,,,,,,,,,,
,,,,,,,,,,,,,,,,,,,,,,,,,,,,,,,,,,,,
,,,,,,,,,,,,,,,,,,,,,,,,,,,,,,,,,,,,
,,,,,,,,,,,,,,,,,,,,,,,,,,,,,,,,,,,,
,,,,,,,,,,,,,,,,,,,,,,,,,,,,,,,,,,,,
,,,,,,,,,,,,,,,,,,,,,,,,,,,,,,,,,,,,
,,,,,,,,,,,,,,,,,,,,,,,,,,,,,,,,,,,,
,,,,,,,,,,,,,,,,,,,,,,,,,,,,,,,,,,,,
,,,,,,,,,,,,,,,,,,,,,,,,,,,,,,,,,,,,
,,,,,,,,,,,,,,,,,,,,,,,,,,,,,,,,,,,,
,,,,,,,,,,,,,,,,,,,,,,,,,,,,,,,,,,,,
,,,,,,,,,,,,,,,,,,,,,,,,,,,,,,,,,,,,
,,,,,,,,,,,,,,,,,,,,,,,,,,,,,,,,,,,,
,,,,,,,,,,,,,,,,,,,,,,,,,,,,,,,,,,,,
,,,,,,,,,,,,,,,,,,,,,,,,,,,,,,,,,,,,
,,,,,,,,,,,,,,,,,,,,,,,,,,,,,,,,,,,,
,,,,,,,,,,,,,,,,,,,,,,,,,,,,,,,,,,,,
,,,,,,,,,,,,,,,,,,,,,,,,,,,,,,,,,,,,
,,,,,,,,,,,,,,,,,,,,,,,,,,,,,,,,,,,,
,,,,,,,,,,,,,,,,,,,,,,,,,,,,,,,,,,,,
,,,,,,,,,,,,,,,,,,,,,,,,,,,,,,,,,,,,
,,,,,,,,,,,,,,,,,,,,,,,,,,,,,,,,,,,,
,,,,,,,,,,,,,,,,,,,,,,,,,,,,,,,,,,,,
,,,,,,,,,,,,,,,,,,,,,,,,,,,,,,,,,,,,
,,,,,,,,,,,,,,,,,,,,,,,,,,,,,,,,,,,,
,,,,,,,,,,,,,,,,,,,,,,,,,,,,,,,,,,,,
,,,,,,,,,,,,,,,,,,,,,,,,,,,,,,,,,,,,
,,,,,,,,,,,,,,,,,,,,,,,,,,,,,,,,,,,,
,,,,,,,,,,,,,,,,,,,,,,,,,,,,,,,,,,,,
,,,,,,,,,,,,,,,,,,,,,,,,,,,,,,,,,,,,
,,,,,,,,,,,,,,,,,,,,,,,,,,,,,,,,,,,,
,,,,,,,,,,,,,,,,,,,,,,,,,,,,,,,,,,,,
,,,,,,,,,,,,,,,,,,,,,,,,,,,,,,,,,,,,
,,,,,,,,,,,,,,,,,,,,,,,,,,,,,,,,,,,,
,,,,,,,,,,,,,,,,,,,,,,,,,,,,,,,,,,,,
,,,,,,,,,,,,,,,,,,,,,,,,,,,,,,,,,,,,
,,,,,,,,,,,,,,,,,,,,,,,,,,,,,,,,,,,,
,,,,,,,,,,,,,,,,,,,,,,,,,,,,,,,,,,,,
,,,,,,,,,,,,,,,,,,,,,,,,,,,,,,,,,,,,
,,,,,,,,,,,,,,,,,,,,,,,,,,,,,,,,,,,,
,,,,,,,,,,,,,,,,,,,,,,,,,,,,,,,,,,,,
,,,,,,,,,,,,,,,,,,,,,,,,,,,,,,,,,,,,
,,,,,,,,,,,,,,,,,,,,,,,,,,,,,,,,,,,,
,,,,,,,,,,,,,,,,,,,,,,,,,,,,,,,,,,,,
,,,,,,,,,,,,,,,,,,,,,,,,,,,,,,,,,,,,
,,,,,,,,,,,,,,,,,,,,,,,,,,,,,,,,,,,,
,,,,,,,,,,,,,,,,,,,,,,,,,,,,,,,,,,,,
,,,,,,,,,,,,,,,,,,,,,,,,,,,,,,,,,,,,
,,,,,,,,,,,,,,,,,,,,,,,,,,,,,,,,,,,,
,,,,,,,,,,,,,,,,,,,,,,,,,,,,,,,,,,,,
,,,,,,,,,,,,,,,,,,,,,,,,,,,,,,,,,,,,
,,,,,,,,,,,,,,,,,,,,,,,,,,,,,,,,,,,,
,,,,,,,,,,,,,,,,,,,,,,,,,,,,,,,,,,,,
,,,,,,,,,,,,,,,,,,,,,,,,,,,,,,,,,,,,
,,,,,,,,,,,,,,,,,,,,,,,,,,,,,,,,,,,,
,,,,,,,,,,,,,,,,,,,,,,,,,,,,,,,,,,,,
,,,,,,,,,,,,,,,,,,,,,,,,,,,,,,,,,,,,
,,,,,,,,,,,,,,,,,,,,,,,,,,,,,,,,,,,,
4661,11/14/2014,NORTH SAFETY,068-242020,068-242020,000000000000,EMERGENCY EYE WASH STATION PRICE IS FOR 1 EA,Hardware,EA,3, 1 EA,54.75,164.25,d,64.41,193.23,15%,Department of the Air Force,,No,No,No,No,No,No,No,GSA Advantage,Government SmartPay Card,Standard,1,04106,,0.00,0.00,11/14/2014,MJL Enterprises,GS23FBA007
4605,11/4/2014,COOPER HAND TOOLS CAMPBELL,193-4503515,193-4503515,000000000000,"473 3/8"" 7100# CLEVIS GRAB HOOK ALLOY PAINT PRICE IS FOR 1 EA",Hardware,EA,6, 1 EA,9.79,58.74,d,11.52,69.12,15%,Department of the Air Force,,No,No,No,No,No,No,No,GSA Advantage,Government SmartPay Card,Standard,1,17003,,0.00,0.00,11/05/2014,MJL Enterprises,GS23FBA007
4662,11/14/2014,COOPER HAND TOOLS CAMPBELL,193-4500624,193-4500624,000000000000,"3/8"" CLEVIS GRAB HOOKBLU-KROME PRICE IS FOR 1 EA",Hardware,EA,9, 1 EA,7.41,66.69,d,8.72,78.48,15%,Department of the Air Force,,No,No,No,No,No,No,No,GSA Advantage,Government SmartPay Card,Standard,1,58102,,0.00,0.00,11/17/2014,MJL Enterprises,GS23FBA007
4679,11/17/2014,JACKSON SAFETY,138-20470,138-20470,000000000000,NEMESIS VL SAFETY GLASSES GUNMETAL FRAME CLEAR L PRICE IS FOR 1 PR,Hardware,EA,100, 1 PR,3.85,385.00,d,4.53,453.00,15%,Department of the Air Force,,No,No,No,No,No,No,No,GSA Advantage,Government SmartPay Card,Standard,1,53704,,0.00,0.00,11/18/2014,MJL Enterprises,GS23FBA007
4650,11/14/2014,RAYOVAC,620-ALC-12F,620-ALC-12F,000000000000,C ALKALINE BATTERY CONTRACTOR 12-PACK PRICE IS FOR 12EA/PK,Hardware,EA,4, 12EA/PK,8.77,35.08,d,10.32,41.28,15%,Department of Agriculture,Agricultural Research Service,No,No,No,No,No,No,No,GSA Advantage,Government SmartPay Card,Standard,1,73036,,0.00,0.00,11/17/2014,MJL Enterprises,GS23FBA007
4650,11/14/2014,RAYOVAC,620-AL-AA,620-AL-AA,000000000000,00043 AA INDUSTRIALALKALINE BA PRICE IS FOR 8EA/PAK,Hardware,EA,6, 8EA/PAK,2.61,15.66,d,3.07,18.42,15%,Department of Agriculture,Agricultural Research Service,No,No,No,No,No,No,No,GSA Advantage,Government SmartPay Card,Standard,1,73036,,0.00,0.00,11/17/2014,MJL Enterprises,GS23FBA007
4671,11/14/2014,DUPONT,251-FC450S,251-FC450S,000000000000,"TYVEK FC SHOE COVER - 5""SHOE COVER PRICE IS FOR 200EA/CA",Hardware,EA,1, 200EA/CA,82.72,82.72,D,97.31,97.31,15%,Department of Agriculture,Animal and Plant Health Inspection Service (DHS Code 7053),No,No,No,No,No,No,No,GSA Advantage,Government SmartPay Card,Standard,1,63552,,0.00,0.00,11/17/2014,MJL Enterprises,GS23FBA007
4599,11/3/2014,FIBRE-METAL,280-FM500DCCL,280-FM500DCCL,000000000000,DUAL CROWN HIGH PERF FACESHIELDS PRICE IS FOR 1 EA,Hardware,EA,3, 1 EA,31.96,95.88,d,37.6,112.80,15%,Department of Agriculture,Animal and Plant Health Inspection Service (DHS Code 7053),No,No,No,No,No,No,No,GSA Advantage,Government SmartPay Card,Standard,1,50010,,0.00,0.00,11/18/2014,MJL Enterprises,GS23FBA007
4629,11/6/2014,RAYOVAC,620-ALAA-48,620-ALAA-48,000000000000,AA ALKALINA BATTERY RECLOSALBE 48-PACK PRICE IS FOR 48EA/PK,Hardware,EA,15, 48EA/PK,16.57,248.55,d,19.49,292.35,15%,Department of Justice,Bureau of Prisons,No,No,No,No,No,No,No,GSA Advantage,Government SmartPay Card,Standard,1,55902,,0.00,0.00,11/11/2014,MJL Enterprises,GS23FBA007
4581,10/30/2014,RAYOVAC,620-ALAA-48,620-ALAA-48,000000000000,AA ALKALINA BATTERY RECLOSALBE 48-PACK PRICE IS FOR 48EA/PK,Hardware,EA,1, 48EA/PK,16.57,16.57,D,19.49,19.49,15%,Department of the Interior,Bureau of Reclamation,No,No,No,No,No,No,No,GSA Advantage,Government SmartPay Card,Standard,1,89701,,0.00,0.00,11/03/2014,MJL Enterprises,GS23FBA007
4581,10/30/2014,RAYOVAC,620-ALAAA-24,620-ALAAA-24,000000000000,ALK AAA CONTRACTOR PRICE IS FOR 24EA/PK,Hardware,EA,2, 24EA/PK,8.95,17.90,D,10.53,21.06,15%,Department of the Interior,Bureau of Reclamation,No,No,No,No,No,No,No,GSA Advantage,Government SmartPay Card,Standard,1,89701,,0.00,0.00,11/03/2014,MJL Enterprises,GS23FBA007
4608,11/5/2014,RAYOVAC,620-ALD-12,620-ALD-12,000000000000,D ALKALINA BATTERY RECLOSABLE 12-PACK PRICE IS FOR 12EA/PK,Hardware,EA,4, 12EA/PK,11.62,46.48,d,13.67,54.68,15%,Department of the Interior,Bureau of Reclamation,No,No,No,No,No,No,No,GSA Advantage,Government SmartPay Card,Standard,1,83702,,0.00,0.00,11/06/2014,MJL Enterprises,GS23FBA007
4614,11/5/2014,CREWS,135-ST110,135-ST110,000000000000,STORM BLACK FRAME CLEARLENS SAFETY GLASS PRICE IS FOR 1 EA,Hardware,EA,24, 1 EA,2.7,64.80,d,3.18,76.32,15%,Department of the Interior,Bureau of Reclamation,No,No,No,No,No,No,No,GSA Advantage,Government SmartPay Card,Standard,1,98823,,0.00,0.00,11/06/2014,MJL Enterprises,GS23FBA007
4644,11/14/2014,MAGNOLIA BRUSH,455-4606,455-4606,000000000000,"6"" WINDOW SQUEEGEE REQ.5T-HDL 2FO2B1D OR PRICE IS FOR 1 EA",Hardware,EA,12, 1 EA,6.28,75.36,d,7.39,88.68,15%,Department of the Interior,Bureau of Reclamation,No,No,No,No,No,No,No,GSA Advantage,Government SmartPay Card,Standard,1,84023,,0.00,0.00,11/14/2014,MJL Enterprises,GS23FBA007
4691,11/17/2014,GOJO,315-5361-02,315-5361-02,000000000000,GOJO PREM FOAM HAND WSHSKIN COND 1.2 ML REF PRICE IS FOR 1 EA,Hardware,EA,2, 1 EA,24.73,49.46,D,29.09,58.18,15%,Department of the Interior,Bureau of Reclamation,No,No,No,No,No,No,No,GSA Advantage,Government SmartPay Card,Standard,1,87801,,0.00,0.00,11/18/2014,MJL Enterprises,GS23FBA007
4691,11/17/2014,CREWS,135-FF222,135-FF222,000000000000,TRANSLUCENT BROWN FRAME-WHT RUBBER- GREY LENS PRICE IS FOR 1 EA,Hardware,EA,10, 1 EA,9.99,99.90,d,11.76,117.60,15%,Department of the Interior,Bureau of Reclamation,No,No,No,No,No,No,No,GSA Advantage,Government SmartPay Card,Standard,1,87801,,0.00,0.00,11/18/2014,MJL Enterprises,GS23FBA007
4691,11/17/2014,CREWS,135-FF212,135-FF212,000000000000,BLACK FRAME- BLACK RUBBER- GREY LENS PRICE IS FOR 1 EA,Hardware,EA,12, 1 EA,9.99,119.88,d,11.75,141.00,15%,Department of the Interior,Bureau of Reclamation,No,No,No,No,No,No,No,GSA Advantage,Government SmartPay Card,Standard,1,87801,,0.00,0.00,11/18/2014,MJL Enterprises,GS23FBA007
4281,9/5/2014,CREWS,135-PA117,135-PA117,000000000000,BLACK FRAME- SILVER MIRROR LENS PRICE IS FOR 1 PR,Hardware,EA,10, 1 PR,4.54,45.40,d,5.34,53.40,15%,Department of Agriculture,Forest Service,No,No,No,No,No,No,No,GSA Advantage,Government SmartPay Card,Standard,1,76234,,0.00,0.00,10/30/2014,MJL Enterprises,GS23FBA007
4633,11/6/2014,KIMBERLY-CLARK PROFESSIONAL,412-41041,412-41041,000000000000,WYPALL X80 BLUE WIPER 160 SHEETS PER BOX PRICE IS FOR 1 BOX,Hardware,EA,10, 1 BOX,23.66,236.60,d,27.84,278.40,15%,Department of Agriculture,Forest Service,No,No,No,No,No,No,No,GSA Advantage,Government SmartPay Card,Standard,1,63960,,0.00,0.00,11/11/2014,MJL Enterprises,GS23FBA007
4647,11/14/2014,RAYOVAC,620-ALAA-48,620-ALAA-48,000000000000,AA ALKALINA BATTERY RECLOSALBE 48-PACK PRICE IS FOR 48EA/PK,Hardware,EA,10, 48EA/PK,16.57,165.70,d,19.49,194.90,15%,Department of Agriculture,Forest Service,No,No,No,No,No,No,No,GSA Advantage,Government SmartPay Card,Standard,1,63901,,0.00,0.00,11/14/2014,MJL Enterprises,GS23FBA007
4558,10/21/2014,CREWS,135-9810,135-9810,000000000000,CR 9810 SPEC/CLEAR BULK PRICE IS FOR 1 EA,Hardware,EA,150, 1 EA,1.69,253.50,d,1.99,298.50,15%,Department of Homeland Security,Immigration and Customs Enforcement,No,No,No,No,No,No,No,GSA Advantage,Government SmartPay Card,Standard,1,07114,,0.00,0.00,10/22/2014,MJL Enterprises,GS23FBA007
4642,11/14/2014,CREWS,135-9810,135-9810,000000000000,CR 9810 SPEC/CLEAR BULK PRICE IS FOR 1 EA,Hardware,EA,100, 1 EA,1.69,169.00,d,1.99,199.00,15%,Department of Homeland Security,Immigration and Customs Enforcement,No,No,No,No,No,No,No,GSA Advantage,Government SmartPay Card,Standard,1,07114,,0.00,0.00,11/13/2014,MJL Enterprises,GS23FBA007
4664,11/14/2014,CREWS,135-CL110,135-CL110,000000000000,CHECKLITE SAFETY GLASSESCLEAR LENS PRICE IS FOR 1 PR,Hardware,EA,30, 1 PR,0.86,25.80,d,1.01,30.30,15%,Department of Homeland Security,Immigration and Customs Enforcement,No,No,No,No,No,No,No,GSA Advantage,Government SmartPay Card,Standard,1,81303,,0.00,0.00,11/17/2014,MJL Enterprises,GS23FBA007
4669,11/14/2014,RAYOVAC,620-ALAA-48,620-ALAA-48,000000000000,AA ALKALINA BATTERY RECLOSALBE 48-PACK PRICE IS FOR 48EA/PK,Hardware,EA,2, 48EA/PK,16.57,33.14,D,19.49,38.98,15%,Department of Commerce,National Oceanic Atmospheric Administration,No,No,No,No,No,No,No,GSA Advantage,Government SmartPay Card,Standard,1,64131,,0.00,0.00,11/17/2014,MJL Enterprises,GS23FBA007
4669,11/14/2014,RAYOVAC,620-ALC-12F,620-ALC-12F,000000000000,C ALKALINE BATTERY CONTRACTOR 12-PACK PRICE IS FOR 12EA/PK,Hardware,EA,4, 12EA/PK,8.77,35.08,d,10.32,41.28,15%,Department of Commerce,National Oceanic Atmospheric Administration,No,No,No,No,No,No,No,GSA Advantage,Government SmartPay Card,Standard,1,64131,,0.00,0.00,11/17/2014,MJL Enterprises,GS23FBA007
4669,11/14/2014,RAYOVAC,620-ALD-12,620-ALD-12,000000000000,D ALKALINA BATTERY RECLOSABLE 12-PACK PRICE IS FOR 12EA/PK,Hardware,EA,4, 12EA/PK,11.62,46.48,d,13.67,54.68,15%,Department of Commerce,National Oceanic Atmospheric Administration,No,No,No,No,No,No,No,GSA Advantage,Government SmartPay Card,Standard,1,64131,,0.00,0.00,11/17/2014,MJL Enterprises,GS23FBA007
4669,11/14/2014,RAYOVAC,620-ALAAA-24,620-ALAAA-24,000000000000,ALK AAA CONTRACTOR PRICE IS FOR 24EA/PK,Hardware,EA,4, 24EA/PK,8.95,35.80,d,10.53,42.12,15%,Department of Commerce,National Oceanic Atmospheric Administration,No,No,No,No,No,No,No,GSA Advantage,Government SmartPay Card,Standard,1,64131,,0.00,0.00,11/17/2014,MJL Enterprises,GS23FBA007
4669,11/14/2014,RAYOVAC,620-AL9V-8,620-AL9V-8,000000000000,RAYOVAC ALKALINE 9V SIZERECLOSABLE 8 PACK PRICE IS FOR 8EA/PK,Hardware,EA,12, 8EA/PK,6.18,74.16,d,12.97,155.64,52%,Department of Commerce,National Oceanic Atmospheric Administration,No,No,No,No,No,No,No,GSA Advantage,Government SmartPay Card,Standard,1,64131,,0.00,0.00,11/17/2014,MJL Enterprises,GS23FBA007
4682,11/17/2014,RAYOVAC,620-ALAAA-24,620-ALAAA-24,000000000000,ALK AAA CONTRACTOR PRICE IS FOR 24EA/PK,Hardware,EA,3, 24EA/PK,8.95,26.85,d,10.53,31.59,15%,Department of the Interior,National Park Service,No,No,No,No,No,No,No,GSA Advantage,Government SmartPay Card,Standard,1,95318,,0.00,0.00,11/18/2014,MJL Enterprises,GS23FBA007
4594,10/31/2014,RAYOVAC,620-ALAAA-24,620-ALAAA-24,000000000000,ALK AAA CONTRACTOR PRICE IS FOR 24EA/PK,Hardware,EA,4, 24EA/PK,8.95,35.80,d,10.53,42.12,15%,Department of the Interior,National Park Service,No,No,No,No,No,No,No,GSA Advantage,Government SmartPay Card,Standard,1,95318,,0.00,0.00,11/03/2014,MJL Enterprises,GS23FBA007
4623,11/6/2014,RAYOVAC,620-ALAA-48,620-ALAA-48,000000000000,AA ALKALINA BATTERY RECLOSALBE 48-PACK PRICE IS FOR 48EA/PK,Hardware,EA,5, 48EA/PK,16.57,82.85,d,19.49,97.45,15%,Department of the Interior,National Park Service,No,No,No,No,No,No,No,GSA Advantage,Government SmartPay Card,Standard,1,31558,,0.00,0.00,11/11/2014,MJL Enterprises,GS23FBA007
4554,10/20/2014,PRESCO,764-4530PG,764-4530PG,000000000000,"4""X5"" 30""WIRE PINK-GLOSTAKE FLAG PRICE IS FOR 100EA/BDL",Hardware,EA,10, 100EA/BDL,8.66,86.60,d,10.18,101.80,15%,Department of Agriculture,Natural Resources Conservation Service,No,No,No,No,No,No,No,GSA Advantage,Government SmartPay Card,Standard,1,68620,,0.00,0.00,10/30/2014,MJL Enterprises,GS23FBA007
4584,10/30/2014,ANCHOR BRAND,101-AC410,101-AC410,000000000000,DWOS CLR DUAL LENS  HYBRID NON-SLIP TEMPLES TPR PRICE IS FOR 12EA/BX,Hardware,EA,1, 12EA/BX,40.11,40.11,D,47.18,47.18,15%,Department of Homeland Security,United States Coast Guard,No,No,No,No,No,No,No,GSA Advantage,Government SmartPay Card,Standard,1,02542,,0.00,0.00,11/03/2014,MJL Enterprises,GS23FBA007
4598,11/3/2014,RAYOVAC,620-ALAAA-24,620-ALAAA-24,000000000000,ALK AAA CONTRACTOR PRICE IS FOR 24EA/PK,Hardware,EA,6, 24EA/PK,8.95,53.70,d,10.53,63.18,15%,Department of Homeland Security,United States Coast Guard,No,No,No,No,No,No,No,GSA Advantage,Government SmartPay Card,Standard,1,02542,,0.00,0.00,11/04/2014,MJL Enterprises,GS23FBA007
4600,11/3/2014,JACKSON SAFETY,138-28624,138-28624,000000000000,NEMESIS RX 2.00 DIOPTERGLASS BLACK FRAME 3013307 PRICE IS FOR 1 PR,Hardware,EA,30, 1 PR,7,210.00,d,8.79,263.70,20%,Department of Homeland Security,United States Coast Guard,No,No,No,No,No,No,No,GSA Advantage,Government SmartPay Card,Standard,1,27909,,0.00,0.00,11/06/2014,MJL Enterprises,GS23FBA007
4600,11/3/2014,JACKSON SAFETY,138-28621,138-28621,000000000000,NEMESIS RX 1.50 DIOPTERGLASS BLACK FRAME 3013306 PRICE IS FOR 1 PR,Hardware,EA,30, 1 PR,7,210.00,d,8.79,263.70,20%,Department of Homeland Security,United States Coast Guard,No,No,No,No,No,No,No,GSA Advantage,Government SmartPay Card,Standard,1,27909,,0.00,0.00,11/06/2014,MJL Enterprises,GS23FBA007
4609,11/5/2014,RAYOVAC,620-ALAA-48,620-ALAA-48,000000000000,AA ALKALINA BATTERY RECLOSALBE 48-PACK PRICE IS FOR 48EA/PK,Hardware,EA,3, 48EA/PK,16.57,49.71,d,19.49,58.47,15%,Department of Homeland Security,United States Coast Guard,No,No,No,No,No,No,No,GSA Advantage,Government SmartPay Card,Standard,1,02543,,0.00,0.00,11/06/2014,MJL Enterprises,GS23FBA007
4643,11/14/2014,3M OH/ESD,142-8210,142-8210,000000000000,N95 MAINT. FREE PARTICULATE RESPIRATOR RED PRICE IS FOR 20EA/BOX,Hardware,EA,2, 20EA/BOX,15.18,30.36,D,17.86,35.72,15%,Department of Homeland Security,United States Coast Guard,No,No,No,No,No,No,No,GSA Advantage,Government SmartPay Card,Standard,1,10305,,0.00,0.00,11/13/2014,MJL Enterprises,GS23FBA007
4673,11/13/2014,3M OH/ESD,142-6300,142-6300,000000000000,LARGE RESPIRATOR FACEPIECE ONLY 21619 PRICE IS FOR 1 EA,Hardware,EA,10, 1 EA,10.54,105.40,d,12.4,124.00,15%,Department of Homeland Security,United States Coast Guard,No,No,No,No,No,No,No,GSA Advantage,Government SmartPay Card,Standard,1,28512,,0.00,0.00,11/17/2014,MJL Enterprises,GS23FBA007
4673,11/13/2014,3M OH/ESD,142-6200,142-6200,000000000000,MEDIUM RESPIRATOR FACEPIECE ONLY 21618 PRICE IS FOR 1 EA,Hardware,EA,10, 1 EA,10.54,105.40,d,12.4,124.00,15%,Department of Homeland Security,United States Coast Guard,No,No,No,No,No,No,No,GSA Advantage,Government SmartPay Card,Standard,1,28512,,0.00,0.00,11/17/2014,MJL Enterprises,GS23FBA007
4693,11/18/2014,RAYOVAC,620-ALAA-48,620-ALAA-48,000000000000,AA ALKALINA BATTERY RECLOSALBE 48-PACK PRICE IS FOR 48EA/PK,Hardware,EA,5, 48EA/PK,16.57,82.85,d,19.49,97.45,15%,Department of Homeland Security,United States Coast Guard,No,No,No,No,No,No,No,GSA Advantage,Government SmartPay Card,Standard,1,06320,,0.00,0.00,11/20/2014,MJL Enterprises,GS23FBA007
4695,11/18/2014,3M ELECTRICAL,500-06133,500-06133,000000000000,"3/4""X52' 33+ SUPER VINYLELECTRICAL PRICE IS FOR 1 ROL",Paint,EA,10, 1 ROL,3.86,38.60,d,4.55,45.50,15%,Department of Homeland Security,United States Coast Guard,No,No,No,No,No,No,No,GSA Advantage,Government SmartPay Card,Standard,1,70091,,0.00,0.00,11/20/2014,MJL Enterprises,GS23FBA007
4710,11/19/2014,JACKSON SAFETY,138-18625,138-18625,000000000000,MONOGOGGLE BLUE FRAME ANTIFOG SMOKE LENS 3010335 PRICE IS FOR 1 PR,Hardware,EA,5, 1 PR,8.65,43.25,d,10.17,50.85,15%,Department of Homeland Security,United States Coast Guard,No,No,No,No,No,No,No,GSA Advantage,Government SmartPay Card,Standard,1,92101,,0.00,0.00,11/21/2014,MJL Enterprises,GS23FBA007
4710,11/19/2014,JACKSON SAFETY,138-18624,138-18624,000000000000,MONOGOGGLE BLUE FRAME ANTI FOG CLR LENS 3010334 PRICE IS FOR 1 PR,Hardware,EA,10, 1 PR,8.65,86.50,d,10.17,101.70,15%,Department of Homeland Security,United States Coast Guard,No,No,No,No,No,No,No,GSA Advantage,Government SmartPay Card,Standard,1,92101,,0.00,0.00,11/21/2014,MJL Enterprises,GS23FBA007
4656,11/14/2014,JACKSON SAFETY,138-20525,138-20525,000000000000,WILDCAT SAFETY GOGGLE CLEAR ANTIFOG LENS 3013710 PRICE IS FOR 1 PR,Hardware,EA,10, 1 PR,8.65,86.50,d,10.96,109.60,21%,Department of the Air Force,,No,No,No,No,No,No,No,GSA Advantage,Government SmartPay Card,Standard,1,89502,,0.00,0.00,11/19/2014,MJL Enterprises,GS23FBA007
