Ord_Num,Ord_Date,Mfr_Name,Mfr_Part_No,Contractor_Part_No,UPC-A,Prod_Descr,Subcategory ,UOI,Qty,Items_Sold,BPA_Price,BPA_Ext_Price,Dbt_Crt_Ind,MAS_Price,MAS_Ext_Price,Disc_ Amt,Cust_Agency,Sub_Agency,Mkt_Basket_Flag,AbilityOne_Flag,Berry_Amend_Flag,CPG_Ind,BioPreferred_Ind,ENERGYSTAR_Ind,WaterSense_Ind,Sales_Ch,Pay_Method,Dlvry_Method,Ship_Wt,To_Zip_Code,From_Zip_Code,Frgt_Charge,Suppl_Fee,Fulfill_Date,Contr_Name,Contr_No
LGAKM26815L,10012014,BRIGHT STAR,12007810,12007810,000000000000,12007810: LIGHTHAWK 4 CELL FIRE LANTERN - EA,HARDWARE,EA,1,1,212.2,212.2,D,224.95,224.95,12.75,Department Of Homeland Security,Bureau of Citizenship and Immigration Services,Yes,No,No,No,No,No,No,GSA Advantage,Government SmartPay Card,Standard,,48214,60560,0,0,10242014,DOCUMENT IMAGING DIMENSIONS,GS23FBA016
LGAKM46794L,10082014,PAC-KIT,13006G,13006G,000000000000,"13006G: Burn Cream,Packet,0.9g,PK 12 - PK",HARDWARE,PK,10,12,2.56,25.6,D,2.75,27.5,0.19,Department Of The Interior,Geological Survey,No,No,No,No,No,No,No,GSA Advantage,Government SmartPay Card,Standard,,65201,60560,0,0,10092014,DOCUMENT IMAGING DIMENSIONS,GS23FBA016
LGAKL70339L,09252014,COXREELS,170TSHN375,170TSHN375,674255720831,170TSHN375: SUPREME DUTY SPRING REWIND HO - EA,HARDWARE,EA,4,1,444.23,1776.92,D,475.46,1901.84,31.23,Department Of The Navy,Department Of The Navy,Yes,No,No,No,No,No,No,GSA Advantage,Government SmartPay Card,Standard,,90740,60560,0,0,10242014,DOCUMENT IMAGING DIMENSIONS,GS23FBA016
LGAKM47158L,10082014,SPLASH,234526,234526,000000000000,"234526: Windshield Wash Cleaner,1 Gal - EA",HARDWARE,EA,24,1,3.27,78.48,D,3.51,84.24,0.24,Office Of The Secretary Of Defense,Office Of The Secretary Of Defense,No,No,No,No,No,No,No,GSA Advantage,Government SmartPay Card,Standard,,84074,60560,0,0,10092014,DOCUMENT IMAGING DIMENSIONS,GS23FBA016
544-5Q0066,10022014,PLANO MOLDING,2373005,2373005,000000000000,"2373005: Compartment Box,4 to 15 Compa - EA",HARDWARE,EA,3,1,8.47,25.41,D,9.1,27.3,0.63,Department Of Veterans Affairs,Department Of Veterans Affairs,No,No,No,No,No,No,No,Vendor Portal,Government SmartPay Card,Standard,,29209,60560,0,0,10032014,DOCUMENT IMAGING DIMENSIONS,GS23FBA016
LGAKM50567L,10082014,PELTOR,247H10AHV,247H10AHV,000000000000,247H10AHV: PELTOR OPTIME 105 H10 HI-VIZ - EA,HARDWARE,EA,4,1,17.66,70.64,D,24.12,96.48,6.46,Department Of The Air Force,Department Of The Air Force,Yes,No,No,No,No,No,No,GSA Advantage,Government SmartPay Card,Standard,,27531,60560,0,0,10092014,DOCUMENT IMAGING DIMENSIONS,GS23FBA016
LGAKM91718L,10302014,CRC,2F137,2F137,000000000000,"2F137: Anti-Spatter, 16 Oz - EA",HARDWARE,EA,4,1,12.3,49.2,D,13.21,52.84,0.91,Department Of Veterans Affairs,Department Of Veterans Affairs,No,No,No,No,No,No,No,GSA Advantage,Government SmartPay Card,Standard,,66622,60560,0,0,10312014,DOCUMENT IMAGING DIMENSIONS,GS23FBA016
LGAKM46480L,10062014,HONEYWELL,320004550000,320004550000,000000000000,"320004550000: Replacement Eye Wash Bottle,3 - EA",HARDWARE,EA,4,1,16.22,64.88,D,17.42,69.68,1.2,Department of the Interior,National Park Service,No,No,No,No,No,No,No,GSA Advantage,Government SmartPay Card,Standard,,21230,60560,0,0,10072014,DOCUMENT IMAGING DIMENSIONS,GS23FBA016
JL069,10272014,3M,41943,41943,000000000000,"41943: Cable Tie,11 In,Black,PK 100 - PK",HARDWARE,PK,5,100,14.17,70.85,D,15.22,76.1,1.05,Department Of Homeland Security,United States Coast Guard,No,No,No,No,No,No,No,Phone,Government SmartPay Card,Standard,,23703,60560,0,0,10282014,DOCUMENT IMAGING DIMENSIONS,GS23FBA016
P45166,09302014,MARKAL,43496100,43496100,075577003600,SILVER-STREAK & RED-RITER WELDERS PENCIL,HARDWARE,DZ,1,12,6.87,6.87,D,7.47,7.47,0.6,Department Of Veterans Affairs,Department Of Veterans Affairs,No,No,No,No,No,No,No,Vendor Portal,Government SmartPay Card,Standard,,05009,60560,0,0,10162014,DOCUMENT IMAGING DIMENSIONS,GS23FBA016
695-R50075,10012014,MAG-LITE,459M2A016,459M2A016,038739031668,AA MINI-MAGLITE FLASHLIGHT,HARDWARE,EA,2,1,10.76,21.52,D,11.7,23.4,0.94,Department Of Veterans Affairs,Department Of Veterans Affairs,No,No,No,No,No,No,No,Vendor Portal,Government SmartPay Card,Standard,,53295,60560,0,0,10032014,DOCUMENT IMAGING DIMENSIONS,GS23FBA016
LGAKM62158L,10202014,MEDIQUE,48627,48627,000000000000,"48627: Emergency Road Bag,Red,Nylon - EA",HARDWARE,EA,5,1,39.17,195.85,D,42.05,210.25,2.88,Department Of The Interior,Bureau of Reclamation,No,No,No,No,No,No,No,GSA Advantage,Government SmartPay Card,Standard,,89701,60560,0,0,10212014,DOCUMENT IMAGING DIMENSIONS,GS23FBA016
LGAKM50860L,10132014,BRADY,50280,50280,000000000000,"50280: Padlock Label,3/4 In. H,4 1/2 - PK",HARDWARE,PK,15,6,8.6,129,D,9.24,138.6,0.64,Department Of The Interior,Bureau of Reclamation,No,No,No,No,No,No,No,GSA Advantage,Government SmartPay Card,Standard,,89005,60560,0,0,10142014,DOCUMENT IMAGING DIMENSIONS,GS23FBA016
LGAKM73106L,10232014,BRADY,50694,50694,000000000000,"50694: Fire Extinguisher Sign,18 x 4 - EA",HARDWARE,EA,1,1,45.87,45.87,D,49.24,49.24,3.37,Department Of The Air Force,Department Of The Air Force,No,No,No,No,No,No,No,GSA Advantage,Government SmartPay Card,Standard,,84056,60560,0,0,10242014,DOCUMENT IMAGING DIMENSIONS,GS23FBA016
LGAKM75507L,10272014,3M,51144994052,51144994052,000000000000,"51144994052: Sanding Sheet,11x9 In,80 G,Al - PK",HARDWARE,PK,1,250,270.98,270.98,D,290.87,290.87,19.89,Department Of Homeland Security,United States Coast Guard,No,No,No,No,No,No,No,GSA Advantage,Government SmartPay Card,Standard,,32233,60560,0,0,10282014,DOCUMENT IMAGING DIMENSIONS,GS23FBA016
LGAKM66744L,10232014,GRAINGER,5VFJ3,5VFJ3,000000000000,"5VFJ3: Foam Roll,White,24 In. W,250  - PK",HARDWARE,PK,1,3,341.38,341.38,D,366.43,366.43,25.05,Department Of The Navy,Marine Corps,No,No,No,No,No,No,No,GSA Advantage,Government SmartPay Card,Standard,,70114,60560,0,0,10242014,DOCUMENT IMAGING DIMENSIONS,GS23FBA016
523-5R0675,10142014,SHOWA BEST,6205PFL,6205PFL,000000000000,"6205PFL: Disposable Gloves,Nitrile,L,P - PK",HARDWARE,PK,2,100,32.68,65.36,D,35.08,70.16,2.4,Department Of Veterans Affairs,Department Of Veterans Affairs,No,No,No,No,No,No,No,Vendor Portal,Government SmartPay Card,Standard,,02130,60560,0,0,10172014,DOCUMENT IMAGING DIMENSIONS,GS23FBA016
608-5P0397,10232014,AbilityOne,6230015132663,6230015132663,000000000000,6230015132663: Smith & Wesson 2AA Aluminum - EA,HARDWARE,EA,3,1,14.31,42.93,D,14.53,43.59,0.22,Department Of Veterans Affairs,Department Of Veterans Affairs,Yes,Yes,No,No,No,No,No,Vendor Portal,Government SmartPay Card,Standard,,03104,60560,0,0,10282014,DOCUMENT IMAGING DIMENSIONS,GS23FBA016
LGAKM22897L,10012014,RUBBERMAID COMMERCIAL,6402640BLK,6402640BLK,000000000000,6402640BLK: BRUTE DOLLY FOR 20- 32-44- & - EA,HARDWARE,EA,3,1,44.02,132.06,D,45.59,136.77,1.57,Department Of The Air Force,Department Of The Air Force,Yes,No,No,No,No,No,No,GSA Advantage,Government SmartPay Card,Standard,,71110,60560,0,0,10072014,DOCUMENT IMAGING DIMENSIONS,GS23FBA016
LGAKM12265L,10012014,RUBBERMAID COMMERCIAL,6402640BLK,6402640BLK,000000000000,6402640BLK: BRUTE DOLLY FOR 20- 32-44- & - EA,HARDWARE,EA,3,1,44.02,132.06,D,45.59,136.77,1.57,Department Of The Air Force,Department Of The Air Force,Yes,No,No,No,No,No,No,GSA Advantage,Government SmartPay Card,Standard,,20762,60560,0,0,10072014,DOCUMENT IMAGING DIMENSIONS,GS23FBA016
LGAKM10341L,10012014,RUBBERMAID COMMERCIAL,6402640BLK,6402640BLK,000000000000,6402640BLK: BRUTE DOLLY FOR 20- 32-44- & - EA,HARDWARE,EA,3,1,44.02,132.06,D,45.59,136.77,1.57,Office Of The Secretary Of Defense,Office Of The Secretary Of Defense,Yes,No,No,No,No,No,No,GSA Advantage,Government SmartPay Card,Standard,,39529,60560,0,0,10072014,DOCUMENT IMAGING DIMENSIONS,GS23FBA016
LGAKK92029L,09162014,STANLEY,68033725,68033725,000000000000,68033725: 25' X 1-1/4' FAT MAX TAP - EA,HARDWARE,EA,4,1,18.6,74.4,D,22.55,90.2,3.95,Department Of Housing And Urban Development,Department Of Housing And Urban Development,Yes,No,No,No,No,No,No,GSA Advantage,Government SmartPay Card,Standard,,40202,60560,0,0,10132014,DOCUMENT IMAGING DIMENSIONS,GS23FBA016
523-V40509,09232014,STANLEY,68068010,68068010,076174680102,10PC RATCH SCREWDRIVER,HARDWARE,EA,2,1,13.72,27.44,D,14.91,29.82,1.19,Department Of Veterans Affairs,Department Of Veterans Affairs,No,No,No,No,No,No,No,Vendor Portal,Government SmartPay Card,Standard,,02301,60560,0,0,10132014,DOCUMENT IMAGING DIMENSIONS,GS23FBA016
LGAKM54248L,10132014,BWAY,7J113,7J113,000000000000,"7J113: Pail,HDPE,Wht,5 Gal,Screw Top - EA",HARDWARE,EA,4,1,29.82,119.28,D,32.01,128.04,2.19,Department Of Homeland Security,Department Of Homeland Security,No,No,No,No,No,No,No,GSA Advantage,Government SmartPay Card,Standard,,29577,60560,0,0,10142014,DOCUMENT IMAGING DIMENSIONS,GS23FBA016
LGAKM61000L,10202014,MEDI-FIRST,80833,80833,000000000000,"80833: Ibuprofen,Tablet,200mg,PK100 - PK",HARDWARE,PK,3,100,10.16,30.48,D,10.91,32.73,0.75,Department Of Agriculture,Forest Service,No,No,No,No,No,No,No,GSA Advantage,Government SmartPay Card,Standard,,05255,60560,0,0,10212014,DOCUMENT IMAGING DIMENSIONS,GS23FBA016
LGAKL89438L,10032014,PELICAN PRODUCTS,9470B,9470B,000000000000,9470B: REMOTE AREA LIGHTING SYSTEM - EA,HARDWARE,EA,1,1,2299.52,2299.52,D,2381.61,2381.61,82.09,Department Of The Army,Corps of Engineers,Yes,No,No,No,No,No,No,GSA Advantage,Government SmartPay Card,Standard,,66502,60560,0,0,10102014,DOCUMENT IMAGING DIMENSIONS,GS23FBA016
695-R51413,10152014,THE PERFECT BUNGEE,B24JDG,B24JDG,000000000000,"B24JDG: Bungee Strap,S-Hook,24 In.L,G - EA",HARDWARE,EA,4,1,5.17,20.68,D,5.55,22.2,0.38,Department Of Veterans Affairs,Department Of Veterans Affairs,No,No,No,No,No,No,No,Vendor Portal,Government SmartPay Card,Standard,,54914,60560,0,0,10202014,DOCUMENT IMAGING DIMENSIONS,GS23FBA016
LGAKM66937L,10232014,GRAINGER,B707800901ZYIAR,B707800901ZYIAR,000000000000,"B707800901ZYIAR: Threaded Rod,B7,Yellow Zinc,7 - EA",HARDWARE,EA,175,1,10.76,1883,D,11.55,2021.25,0.79,Department Of The Interior,Bureau of Reclamation,No,No,No,No,No,No,No,GSA Advantage,Government SmartPay Card,Standard,,89005,60560,0,0,10242014,DOCUMENT IMAGING DIMENSIONS,GS23FBA016
LGAKM38707L,10012014,BROTHER,BRTTZE231,BRTTZE231,012502627654,"TZe231: Label Tape,26-1/5 ft. L,Black - EA",HARDWARE,EA,4,1,23.97,95.88,D,26.05,104.2,2.08,Department Of The Air Force,Department Of The Air Force,No,No,No,No,No,No,No,GSA Advantage,Government SmartPay Card,Standard,,73145,60560,0,0,10272014,DOCUMENT IMAGING DIMENSIONS,GS23FBA016
607R50816,10162014,MAGNA VISUAL,CT8B,CT8B,000000000000,"CT8B: Chart Tape,Black,1/4 In Wide - EA",HARDWARE,EA,6,1,8.29,49.74,D,8.9,53.4,0.61,Department Of Veterans Affairs,Department Of Veterans Affairs,No,No,No,No,No,No,No,Vendor Portal,Government SmartPay Card,Standard,,53705,60560,0,0,10222014,DOCUMENT IMAGING DIMENSIONS,GS23FBA016
523-5R1266,10242014,BROTHER,DK1201,DK1201,000000000000,"DK1201: Address Label,Black/White,Pap - EA",HARDWARE,EA,3,1,20.15,60.45,D,21.63,64.89,1.48,Department Of Veterans Affairs,Department Of Veterans Affairs,No,No,No,No,No,No,No,Vendor Portal,Government SmartPay Card,Standard,,02301,60560,0,0,10272014,DOCUMENT IMAGING DIMENSIONS,GS23FBA016
523-5R0421,10082014,DURACELL,DL303357BPK,DL303357BPK,000000000000,"DL303357BPK: Button Cell Battery,303/357,S - EA",HARDWARE,EA,1,1,2.79,2.79,D,3,3,0.21,Department Of Veterans Affairs,Department Of Veterans Affairs,No,No,No,No,No,No,No,Vendor Portal,Government SmartPay Card,Standard,,02130,60560,0,0,10132014,DOCUMENT IMAGING DIMENSIONS,GS23FBA016
695R5-2477,10282014,DURACELL,DL303357BPK,DL303357BPK,000000000000,"DL303357BPK: Button Cell Battery,303/357,S - EA",HARDWARE,EA,2,1,2.79,5.58,D,3,6,0.21,Department Of Veterans Affairs,Department Of Veterans Affairs,No,No,No,No,No,No,No,Vendor Portal,Government SmartPay Card,Standard,,53295,60560,0,0,10302014,DOCUMENT IMAGING DIMENSIONS,GS23FBA016
LGAKM62419L,10202014,FLO-CONTROL BY NDS,EBV1000S,EBV1000S,000000000000,"EBV1000S: PVC Ball Valve,Inline,Socket, - EA",HARDWARE,EA,8,1,7.12,56.96,D,7.65,61.2,0.53,Department Of The Army,Corps of Engineers,No,No,No,No,No,No,No,GSA Advantage,Government SmartPay Card,Standard,,72834,60560,0,0,10212014,DOCUMENT IMAGING DIMENSIONS,GS23FBA016
LGAKM79514L,10272014,ELVEX,EP401,EP401,000000000000,"EP401: Ear Plugs,25dB,w/o Cord,Univ, - PK",HARDWARE,PK,5,100,92.54,462.7,D,99.33,496.65,6.79,Department Of The Navy,Department Of The Navy,No,No,No,No,No,No,No,GSA Advantage,Government SmartPay Card,Standard,,32228,60560,0,0,10282014,DOCUMENT IMAGING DIMENSIONS,GS23FBA016
LGAKL44484L,09162014,HSM,HSM316P,HSM316P,000000000000,HSM316P: 12oz Oil Bottle Case - EA,HARDWARE,EA,1,1,35.39,35.39,D,38.47,38.47,3.08,Department Of The Air Force,Department Of The Air Force,No,No,No,No,No,No,No,GSA Advantage,Government SmartPay Card,Standard,,76311,60560,0,0,10142014,DOCUMENT IMAGING DIMENSIONS,GS23FBA016
LGAKM69102L,10232014,BURNDY,KS15,KS15,000000000000,"KS15: Connector, Split Bolt Cu/Cu,1 - EA",HARDWARE,EA,20,1,8.88,177.6,D,9.54,190.8,0.66,Department Of The Interior,Bureau of Reclamation,No,No,No,No,No,No,No,GSA Advantage,Government SmartPay Card,Standard,,89005,60560,0,0,10242014,DOCUMENT IMAGING DIMENSIONS,GS23FBA016
LGAKM69102L,10232014,BURNDY,KS17,KS17,000000000000,"KS17: Connector, Split Bolt Cu/Cu,8 - EA",HARDWARE,EA,20,1,9.68,193.6,D,10.4,208,0.72,Department Of The Interior,Bureau of Reclamation,No,No,No,No,No,No,No,GSA Advantage,Government SmartPay Card,Standard,,89005,60560,0,0,10242014,DOCUMENT IMAGING DIMENSIONS,GS23FBA016
LGAKM69102L,10232014,BURNDY,KS22,KS22,000000000000,"KS22: Connector, Split Bolt Cu/Cu,6 - EA",HARDWARE,EA,20,1,16.91,338.2,D,18.16,363.2,1.25,Department Of The Interior,Bureau of Reclamation,No,No,No,No,No,No,No,GSA Advantage,Government SmartPay Card,Standard,,89005,60560,0,0,10242014,DOCUMENT IMAGING DIMENSIONS,GS23FBA016
LGAKM69102L,10232014,BURNDY,KS25,KS25,000000000000,"KS25: Connector, Split Bolt Cu/Cu,4 - EA",HARDWARE,EA,20,1,24.23,484.6,D,26.01,520.2,1.78,Department Of The Interior,Bureau of Reclamation,No,No,No,No,No,No,No,GSA Advantage,Government SmartPay Card,Standard,,89005,60560,0,0,10242014,DOCUMENT IMAGING DIMENSIONS,GS23FBA016
4269JS50,10012014,"SNAP-ON IND, DIV OF IDSC HOLDINGS",10002MRPH,10002MRPH,000000000000,"MISC_FURNITURE: 10002MRPH - Adjustable Micrometer Torque Wrench, Drive Size 3/8 In., Head Type R...",HARDWARE,EA,1,1,139.25,139.25,D,149.47,149.47,10.22,Department Of The Navy,Department Of The Navy,No,No,No,No,No,No,No,E-mail,Government SmartPay Card,Standard,,89496,60560,0,0,10022014,DOCUMENT IMAGING DIMENSIONS,GS23FBA016
LGAKM11303L,10012014,ALERT WORKS,EAR10,EAR10,000000000000,"MISC_FURNITURE: EAR10 - Table Top Weather Radio, Black, Specific Area Message Encoding Yes, Chan...",HARDWARE,EA,1,1,60.64,60.64,D,65.09,65.09,4.45,Department Of The Air Force,Department Of The Air Force,No,No,No,No,No,No,No,GSA Advantage,Government SmartPay Card,Standard,,53704,60560,0,0,10102014,DOCUMENT IMAGING DIMENSIONS,GS23FBA016
LGAKM28772L,10012014,GENERAC,GEN 5798,GEN 5798,696471057980,MISC_FURNITURE: GEN 5798 - Portable Generator Rated Watts 7000 Surge Watts 8750 Engine Brand Gen...,HARDWARE,EA,1,1,1348.64,1348.64,D,1465.91,1465.91,117.27,Department Of The Air Force,Department Of The Air Force,No,No,No,No,No,No,No,GSA Advantage,Government SmartPay Card,Standard,,82005,60560,0,0,10032014,DOCUMENT IMAGING DIMENSIONS,GS23FBA016
LGAKM11029L,10012014,TYDENBROOKS,1061055,1061055,000000000000,"MISC_ITEM: 1061055 - Primary Application General Purpose Barrier, Pull Tight Seal, Material High...",HARDWARE,PK,2,100,18.72,37.44,D,20.1,40.2,1.38,Department Of The Air Force,Department Of The Air Force,No,No,No,No,No,No,No,GSA Advantage,Government SmartPay Card,Standard,,27531,60560,0,0,10022014,DOCUMENT IMAGING DIMENSIONS,GS23FBA016
LGAKM41219L,10012014,ENCON,1110764,1110764,000000000000,"MISC_ITEM: 1110764 - Water Additive, For Use With Encon Eye Wash Stations, Mixing Ratio 5 to 20 ...",HARDWARE,PK,1,4,46.86,46.86,D,50.3,50.3,3.44,Department Of The Air Force,Department Of The Air Force,No,No,No,No,No,No,No,GSA Advantage,Government SmartPay Card,Standard,,68113,60560,0,0,10022014,DOCUMENT IMAGING DIMENSIONS,GS23FBA016
LGAKM26882L,10012014,MILWAUKEE,226620,226620,000000000000,"MISC_ITEM: 226620 - Infrared Thermometer, Temp. Range (F) -20 Degrees to 932 Degrees F, Temp. Ra...",HARDWARE,EA,1,1,176.96,176.96,D,189.95,189.95,12.99,Office Of The Secretary Of Defense,Office Of The Secretary Of Defense,No,No,No,No,No,No,No,GSA Advantage,Government SmartPay Card,Standard,,92055,60560,0,0,10022014,DOCUMENT IMAGING DIMENSIONS,GS23FBA016
LGAKM08691L,10012014,MAYDAY,78804,78804,000000000000,"MISC_ITEM: 78804 - Emergency Drinking Water Pouch, Size 4.227 fl. oz. (125mL), People Served 1, ...",HARDWARE,EA,50,1,0.61,30.5,D,0.66,33,0.05,Department Of Homeland Security,Department Of Homeland Security,No,No,No,No,No,No,No,GSA Advantage,Government SmartPay Card,Standard,,32803,60560,0,0,10022014,DOCUMENT IMAGING DIMENSIONS,GS23FBA016
LGAKM32122L,10012014,BRADY,85410,85410,000000000000,"MISC_ITEM: 85410 - Caution Sign, Hazardous Waste Storage Area Unauthorized Persons Keep Out, Tex...",HARDWARE,EA,2,1,12.81,25.62,D,13.76,27.52,0.95,Office Of The Secretary Of Defense,Office Of The Secretary Of Defense,No,No,No,No,No,No,No,GSA Advantage,Government SmartPay Card,Standard,,65305,60560,0,0,10072014,DOCUMENT IMAGING DIMENSIONS,GS23FBA016
LGAKM37672L,10012014,BRADY,86091,86091,000000000000,"MISC_ITEM: 86091 - Fire Extinguisher Sign, Fire Extinguisher, Text and Symbol, English, Self-Adh...",HARDWARE,EA,4,1,11.44,45.76,D,12.28,49.12,0.84,Department Of The Air Force,Department Of The Air Force,No,No,No,No,No,No,No,GSA Advantage,Government SmartPay Card,Standard,,38118,60560,0,0,10022014,DOCUMENT IMAGING DIMENSIONS,GS23FBA016
LGAKM35290L,10012014,BRADY,86091,86091,000000000000,"MISC_ITEM: 86091 - Fire Extinguisher Sign, Fire Extinguisher, Text and Symbol, English, Self-Adh...",HARDWARE,EA,3,1,11.44,34.32,D,12.28,36.84,0.84,Department Of Homeland Security,Department Of Homeland Security,No,No,No,No,No,No,No,GSA Advantage,Government SmartPay Card,Standard,,22209,60560,0,0,10032014,DOCUMENT IMAGING DIMENSIONS,GS23FBA016
SAQMMA14F4650,10012014,FIRST ALERT,CO400B,CO400B,029054000743,MISC_ITEM: CO400B:FIRST ALERT CARBON MONOXIDEE ALARM - EA,HARDWARE,EA,1200,1,13.44,16128,D,14.61,17532,1.17,Department Of State,Department Of State,No,No,No,No,No,No,No,Fax,ETF,Standard,,22209,60560,0,0,10142014,DOCUMENT IMAGING DIMENSIONS,GS23FBA016
LGAKM33182L,10032014,HUBBELL WIRING DEVICE-KELLEMS,FT3GY5,FT3GY5,000000000000,"MISC_ITEM: FT3GY5 - Item Floor Cable Cover,Color Gray,Length 5 ft.,Width 3.00 In.,Height 0.75 In...",HARDWARE,EA,1,1,25.08,25.08,D,26.93,26.93,1.85,Department Of The Air Force,Department Of The Air Force,No,No,No,No,No,No,No,GSA Advantage,Government SmartPay Card,Standard,,93437,60560,0,0,10062014,DOCUMENT IMAGING DIMENSIONS,GS23FBA016
LGAKM27295L,10012014,LIQUID WRENCH,GR015,GR015,000000000000,"MISC_ITEM: GR015 - Marine Grease,Calcium Sulfate Complex Base,Size 14 oz.,Container Type Tube,NL...",HARDWARE,EA,3,1,8.66,25.98,D,9.3,27.9,0.64,Office Of The Secretary Of Defense,Office Of The Secretary Of Defense,No,No,No,No,No,No,No,GSA Advantage,Government SmartPay Card,Standard,,79918,60560,0,0,10022014,DOCUMENT IMAGING DIMENSIONS,GS23FBA016
LGAKM31555L,10022014,SUREFIRE,LX2HAWH,LX2HAWH,000000000000,"MISC_ITEM: LX2-HA-WH LED FLashlight, White Light, Dual-Output - EA",HARDWARE,EA,5,1,128.67,643.35,D,133.24,666.2,4.57,Department Of Homeland Security,United States Coast Guard,Yes,No,No,No,No,No,No,GSA Advantage,Government SmartPay Card,Standard,,90731,60560,0,0,10022014,DOCUMENT IMAGING DIMENSIONS,GS23FBA016
LGAKM09367L,10012014,EAGLE THERMOPLASTIC,PB315,PB315,000000000000,"MISC_ITEM: PB315 - Weighing Dish, Capacity 140mL, White, Length 5-3/8 In., Width 3-1/2 In., Dept...",HARDWARE,EA,2,1,46.12,92.24,D,49.51,99.02,3.39,Department Of Homeland Security,Department Of Homeland Security,No,No,No,No,No,No,No,GSA Advantage,Government SmartPay Card,Standard,,60607,60560,0,0,10022014,DOCUMENT IMAGING DIMENSIONS,GS23FBA016
LGAKM33608L,10012014,DURACELL,PC2400BKD,PC2400BKD,000000000000,"MISC_ITEM: PC2400BKD - Battery, Battery Size AAA, Battery Type Alkaline, Voltage 1.5, Standards ...",HARDWARE,BX,2,24,24.32,48.64,D,26.11,52.22,1.79,General Services Administration,General Services Administration,No,No,No,No,No,No,No,GSA Advantage,Government SmartPay Card,Standard,,11201,60560,0,0,10022014,DOCUMENT IMAGING DIMENSIONS,GS23FBA016
LGAKM39257L,10012014,Tripp-Lite,TRPTLP606B,TRPTLP606B,000000000000,MISC_ITEM: TRPTLP606B SURGE SUPPRESSOR 6 OUTLETS - EA,HARDWARE,EA,25,1,9.85,246.25,D,10.65,266.25,0.8,Department Of Justice,Department Of Justice,Yes,No,No,No,No,No,No,GSA Advantage,Government SmartPay Card,Standard,,90012,60560,0,0,10072014,DOCUMENT IMAGING DIMENSIONS,GS23FBA016
LGAKM12435L,10012014,WEATHERTECH,W72,W72,000000000000,"MISC_ITEM: W72 - All Weather Floor Mats, Front Pair, Material Rubber, Black, 2007 + Chevy Tahoe/...",HARDWARE,EA,2,1,89,178,D,95.53,191.06,6.53,Department Of The Air Force,Department Of The Air Force,No,No,No,No,No,No,No,GSA Advantage,Government SmartPay Card,Standard,,73145,60560,0,0,10022014,DOCUMENT IMAGING DIMENSIONS,GS23FBA016
LGAKM60745L,10202014,Woods Wire,WOO626,WOO626,000000000000,MISC_ITEM: WOO626 OUTDR EXT CORD 50FT ORNG - EA,HARDWARE,EA,4,1,29.18,116.72,D,30.21,120.84,1.03,Department Of The Air Force,Department Of The Air Force,Yes,No,No,No,No,No,No,GSA Advantage,Government SmartPay Card,Standard,,13211,60560,0,0,10272014,DOCUMENT IMAGING DIMENSIONS,GS23FBA016
LGAKM36697L,10012014,GRAINGER,PIDS077125,PIDS077125,000000000000,"MISC_PRINTING: PIDS077125 - Swab Stick, Formula Povidone Iodine, Package Quantity 25 - EA",HARDWARE,EA,4,1,21.86,87.44,D,23.47,93.88,1.61,Judiciary,Judiciary,No,No,No,No,No,No,No,GSA Advantage,Government SmartPay Card,Standard,,08605,60560,0,0,10022014,DOCUMENT IMAGING DIMENSIONS,GS23FBA016
R50835,10222014,DURACELL,MN1500B20Z,MN1500B20Z,000000000000,MN1500B20Z: AA Batteries - PK,HARDWARE,PK,2,20,16.51,33.02,D,17.73,35.46,1.22,Department Of Veterans Affairs,Department Of Veterans Affairs,No,No,No,No,No,No,No,Vendor Portal,Government SmartPay Card,Standard,,60612,60560,0,0,10242014,DOCUMENT IMAGING DIMENSIONS,GS23FBA016
MPN-F-1W255-4M,10132014,INGERSOLL-RAND,33SKA,33SKA,000000000000,MTN33SKA: INGERSOLL 33SKA LARGE DRILL - EA,HARDWARE,EA,1,1,4824.56,4824.56,D,5244.09,5244.09,419.53,"Other, Not Listed",Global Supply,No,No,No,No,No,No,No,Fax,ETF,Standard,,64141,60560,0,0,10152014,DOCUMENT IMAGING DIMENSIONS,GS23FBA016
6074R7692,09172014,AbilityOne,8115001178249,8115001178249,000000000000,NSN1178249: 8115001178249 BOXSTR25/BD - BD,HARDWARE,BD,5,25,77,385,D,91.21,456.05,14.21,Department Of Veterans Affairs,Department Of Veterans Affairs,Yes,Yes,No,No,No,No,No,Vendor Portal,Government SmartPay Card,Standard,,53705,60560,0,0,10032014,DOCUMENT IMAGING DIMENSIONS,GS23FBA016
LGAKM32370L,10062014,AbilityOne,8115001178249,8115001178249,000000000000,NSN1178249: 8115001178249 BOXSTR25/BD - BD,HARDWARE,BD,12,25,57.12,685.44,D,91.21,1094.52,34.09,Department Of Homeland Security,Bureau of Citizenship and Immigration Services,Yes,Yes,No,No,No,No,No,GSA Advantage,Government SmartPay Card,Standard,,33411,60560,0,0,10082014,DOCUMENT IMAGING DIMENSIONS,GS23FBA016
LGAKM27171L,10032014,AbilityOne,8115001178249,8115001178249,000000000000,NSN1178249: 8115001178249 BOXSTR25/BD - BD,HARDWARE,BD,1,25,57.12,57.12,D,91.21,91.21,34.09,Department Of Housing And Urban Development,Department Of Housing And Urban Development,Yes,Yes,No,No,No,No,No,GSA Advantage,Government SmartPay Card,Standard,,48226,60560,0,0,10062014,DOCUMENT IMAGING DIMENSIONS,GS23FBA016
R50332,10022014,AbilityOne,8115001178249,8115001178249,000000000000,NSN1178249: 8115001178249 BOXSTR25/BD - BD,HARDWARE,BD,10,25,77,770,D,91.21,912.1,14.21,Department Of Veterans Affairs,Department Of Veterans Affairs,Yes,Yes,No,No,No,No,No,Vendor Portal,Government SmartPay Card,Standard,,53295,60560,0,0,10062014,DOCUMENT IMAGING DIMENSIONS,GS23FBA016
LGAKM46187L,10062014,AbilityOne,8115001178249,8115001178249,000000000000,NSN1178249: 8115001178249 BOXSTR25/BD - BD,HARDWARE,BD,1,25,57.12,57.12,D,91.21,91.21,34.09,Department Of The Interior,Office of the Special Trustee for American Indians,Yes,Yes,No,No,No,No,No,GSA Advantage,Government SmartPay Card,Standard,,87109,60560,0,0,10082014,DOCUMENT IMAGING DIMENSIONS,GS23FBA016
63141910023,10062014,AbilityOne,8115001178249,8115001178249,000000000000,NSN1178249: 8115001178249 BOXSTR25/BD - BD,HARDWARE,BD,6,25,54.76,328.56,D,91.21,547.26,36.45,"Other, Not Listed","Other, Not Listed",Yes,Yes,No,No,No,No,No,E-mail,Government SmartPay Card,Standard,,67213,60560,0,0,10082014,DOCUMENT IMAGING DIMENSIONS,GS23FBA016
317-J54009,10222014,AbilityOne,8115001178249,8115001178249,000000000000,NSN1178249: 8115001178249 BOXSTR25/BD - BD,HARDWARE,BD,100,25,44.93,4493,D,91.21,9121,46.28,Department Of Veterans Affairs,Department Of Veterans Affairs,Yes,Yes,No,No,No,No,No,Vendor Portal,Government SmartPay Card,Standard,,33731,60560,0,0,10282014,DOCUMENT IMAGING DIMENSIONS,GS23FBA016
556-4R4640/248D7A,09192014,AbilityOne,5110001616912,5110001616912,000000000000,"NSN1616912: 5110001616912 SHEARS,9IN - EA",HARDWARE,EA,2,1,13.6,27.2,D,14.78,29.56,1.18,Department Of Veterans Affairs,Department Of Veterans Affairs,No,Yes,No,No,No,No,No,Vendor Portal,Government SmartPay Card,Standard,,60064,60560,0,0,10092014,DOCUMENT IMAGING DIMENSIONS,GS23FBA016
556-4R4636/201M71,09192014,AbilityOne,6230001631856,6230001631856,000000000000,"NSN1631856: 6230001631856 FLASHLT,WTR - EA",HARDWARE,EA,1,1,7.36,7.36,D,7.36,7.36,0,Department Of Veterans Affairs,Department Of Veterans Affairs,Yes,Yes,No,No,No,No,No,Vendor Portal,Government SmartPay Card,Standard,,60064,60560,0,0,10242014,DOCUMENT IMAGING DIMENSIONS,GS23FBA016
556-4R4856/286001,09242014,AbilityOne,5110012414373,5110012414373,000000000000,"NSN2414373: 5110012414373,SHERS,8"" - EA",HARDWARE,EA,1,1,5.25,5.25,D,5.71,5.71,0.46,Department Of Veterans Affairs,Department Of Veterans Affairs,No,Yes,No,No,No,No,No,Vendor Portal,Government SmartPay Card,Standard,,60064,60560,0,0,10282014,DOCUMENT IMAGING DIMENSIONS,GS23FBA016
P45166,09302014,AbilityOne,5110012414373,5110012414373,000000000000,"NSN2414373: 5110012414373,SHERS,8"" - EA",HARDWARE,EA,10,1,5.25,52.5,D,5.71,57.1,0.46,Department Of Veterans Affairs,Department Of Veterans Affairs,No,Yes,No,No,No,No,No,Vendor Portal,Government SmartPay Card,Standard,,05009,60560,0,0,10162014,DOCUMENT IMAGING DIMENSIONS,GS23FBA016
402-P50028,10022014,AbilityOne,5110012414373,5110012414373,000000000000,"NSN2414373: 5110012414373,SHERS,8"" - EA",HARDWARE,EA,10,1,5.25,52.5,D,5.71,57.1,0.46,Department Of Veterans Affairs,Department Of Veterans Affairs,No,Yes,No,No,No,No,No,Vendor Portal,Government SmartPay Card,Standard,,04330,60560,0,0,10072014,DOCUMENT IMAGING DIMENSIONS,GS23FBA016
695-R50448,10022014,AbilityOne,5110012414373,5110012414373,000000000000,"NSN2414373: 5110012414373,SHERS,8"" - EA",HARDWARE,EA,1,1,5.25,5.25,D,5.71,5.71,0.46,Department Of Veterans Affairs,Department Of Veterans Affairs,No,Yes,No,No,No,No,No,Vendor Portal,Government SmartPay Card,Standard,,54311,60560,0,0,10072014,DOCUMENT IMAGING DIMENSIONS,GS23FBA016
556-R50402/285CT1,10102014,AbilityOne,5110012414373,5110012414373,000000000000,"NSN2414373: 5110012414373,SHERS,8"" - EA",HARDWARE,EA,3,1,5.25,15.75,D,5.71,17.13,0.46,Department Of Veterans Affairs,Department Of Veterans Affairs,No,Yes,No,No,No,No,No,Vendor Portal,Government SmartPay Card,Standard,,60064,60560,0,0,10132014,DOCUMENT IMAGING DIMENSIONS,GS23FBA016
695R5-1408,10152014,AbilityOne,5110012414373,5110012414373,000000000000,"NSN2414373: 5110012414373,SHERS,8"" - EA",HARDWARE,EA,1,1,5.25,5.25,D,5.71,5.71,0.46,Department Of Veterans Affairs,Department Of Veterans Affairs,No,Yes,No,No,No,No,No,Vendor Portal,Government SmartPay Card,Standard,,53295,60560,0,0,10162014,DOCUMENT IMAGING DIMENSIONS,GS23FBA016
MARIANNE10/27,10272014,AbilityOne,5110012414373,5110012414373,000000000000,"NSN2414373: 5110012414373,SHERS,8"" - EA",HARDWARE,EA,3,1,5.25,15.75,D,5.71,17.13,0.46,Department Of Veterans Affairs,Department Of Veterans Affairs,No,Yes,No,No,No,No,No,Vendor Portal,Government SmartPay Card,Standard,,53295,60560,0,0,10282014,DOCUMENT IMAGING DIMENSIONS,GS23FBA016
556-4R4640/248D7A,09192014,AbilityOne,5110002939199,5110002939199,000000000000,"NSN2939199: 5110002939199 SHEARS,7IN - EA",HARDWARE,EA,2,1,11.55,23.1,D,12.55,25.1,1,Department Of Veterans Affairs,Department Of Veterans Affairs,No,Yes,No,No,No,No,No,Vendor Portal,Government SmartPay Card,Standard,,60064,60560,0,0,10092014,DOCUMENT IMAGING DIMENSIONS,GS23FBA016
556-4R4640/207BB1,09192014,AbilityOne,5110002939199,5110002939199,000000000000,"NSN2939199: 5110002939199 SHEARS,7IN - EA",HARDWARE,EA,4,1,11.55,46.2,D,12.55,50.2,1,Department Of Veterans Affairs,Department Of Veterans Affairs,No,Yes,No,No,No,No,No,Vendor Portal,Government SmartPay Card,Standard,,60064,60560,0,0,10072014,DOCUMENT IMAGING DIMENSIONS,GS23FBA016
695-R50218,10012014,AbilityOne,5110002939199,5110002939199,000000000000,"NSN2939199: 5110002939199 SHEARS,7IN - EA",HARDWARE,EA,3,1,11.55,34.65,D,12.55,37.65,1,Department Of Veterans Affairs,Department Of Veterans Affairs,No,Yes,No,No,No,No,No,Vendor Portal,Government SmartPay Card,Standard,,60141,60560,0,0,10062014,DOCUMENT IMAGING DIMENSIONS,GS23FBA016
578-R50648,10172014,AbilityOne,5110002939199,5110002939199,000000000000,"NSN2939199: 5110002939199 SHEARS,7IN - EA",HARDWARE,EA,6,1,11.55,69.3,D,12.55,75.3,1,Department Of Veterans Affairs,Department Of Veterans Affairs,No,Yes,No,No,No,No,No,Vendor Portal,Government SmartPay Card,Standard,,60141,60560,0,0,10212014,DOCUMENT IMAGING DIMENSIONS,GS23FBA016
R50954/203T11,10242014,AbilityOne,5110002939199,5110002939199,000000000000,"NSN2939199: 5110002939199 SHEARS,7IN - EA",HARDWARE,EA,3,1,11.55,34.65,D,12.55,37.65,1,Department Of Veterans Affairs,Department Of Veterans Affairs,No,Yes,No,No,No,No,No,Vendor Portal,Government SmartPay Card,Standard,,60064,60560,0,0,10272014,DOCUMENT IMAGING DIMENSIONS,GS23FBA016
MARIANNE10/27,10272014,AbilityOne,5110002939199,5110002939199,000000000000,"NSN2939199: 5110002939199 SHEARS,7IN - EA",HARDWARE,EA,3,1,11.55,34.65,D,12.55,37.65,1,Department Of Veterans Affairs,Department Of Veterans Affairs,No,Yes,No,No,No,No,No,Vendor Portal,Government SmartPay Card,Standard,,53295,60560,0,0,10282014,DOCUMENT IMAGING DIMENSIONS,GS23FBA016
R5H062,10292014,AbilityOne,8115014554036,8115014554036,684999040362,"NSN4554036: 8115014554036 BOXSTOR,12 - BD",HARDWARE,BD,1,12,98.88,98.88,D,113.85,113.85,14.97,Department Of Veterans Affairs,Department Of Veterans Affairs,Yes,Yes,No,No,No,No,No,Vendor Portal,Government SmartPay Card,Standard,,53295,60560,0,0,10312014,DOCUMENT IMAGING DIMENSIONS,GS23FBA016
LGAKM74025L,10232014,PYROIL,PYSFR11,PYSFR11,000000000000,"PYSFR11: Starting Fluid,Aerosol,11 Oz. - EA",HARDWARE,EA,5,1,5.52,27.6,D,5.93,29.65,0.41,Department Of Agriculture,Department Of Agriculture,No,No,No,No,No,No,No,GSA Advantage,Government SmartPay Card,Standard,,34601,60560,0,0,10242014,DOCUMENT IMAGING DIMENSIONS,GS23FBA016
578-R50109,10022014,RAYOVAC,RAYALAA24F,RAYALAA24F,012800474097,"RAYALAA24F: BATTERY,INDST,ALK,AA,24PK - PK",HARDWARE,PK,1,24,5.4,5.4,D,5.59,5.59,0.19,Department Of Veterans Affairs,Department Of Veterans Affairs,Yes,No,No,No,No,No,No,Vendor Portal,Government SmartPay Card,Standard,,60141,60560,0,0,10032014,DOCUMENT IMAGING DIMENSIONS,GS23FBA016
5R0407,10092014,RAYOVAC,RAYALAA48F,RAYALAA48F,000000000000,"RAYALAA48F: BATTERY,ALKALINE AA 48/PK - PK",HARDWARE,PK,1,48,26.23,26.23,D,28.51,28.51,2.28,Department Of Veterans Affairs,Department Of Veterans Affairs,No,No,No,No,No,No,No,Vendor Portal,Government SmartPay Card,Standard,,02130,60560,0,0,10102014,DOCUMENT IMAGING DIMENSIONS,GS23FBA016
LGAKM26797L,10012014,RAYOVAC,RAYALAAA24F,RAYALAAA24F,012800507986,"RAYALAAA24F: BATTERY,AAA,24/PK - PK",HARDWARE,PK,12,24,12.18,146.16,D,13.24,158.88,1.06,Department Of The Army,Corps of Engineers,No,No,No,No,No,No,No,GSA Advantage,Government SmartPay Card,Standard,,72543,60560,0,0,10082014,DOCUMENT IMAGING DIMENSIONS,GS23FBA016
5R0407,10092014,RAYOVAC,RAYALAAA24F,RAYALAAA24F,012800507986,"RAYALAAA24F: BATTERY,AAA,24/PK - PK",HARDWARE,PK,1,24,12.18,12.18,D,13.24,13.24,1.06,Department Of Veterans Affairs,Department Of Veterans Affairs,No,No,No,No,No,No,No,Vendor Portal,Government SmartPay Card,Standard,,02130,60560,0,0,10102014,DOCUMENT IMAGING DIMENSIONS,GS23FBA016
LGAKM78130L,10272014,BRADLEY,S19330ST,S19330ST,000000000000,"S19330ST: Emergency Shower Tester,Yello - EA",HARDWARE,EA,1,1,141.62,141.62,D,152.02,152.02,10.4,Department Of Veterans Affairs,Department Of Veterans Affairs,No,No,No,No,No,No,No,GSA Advantage,Government SmartPay Card,Standard,,54660,60560,0,0,10282014,DOCUMENT IMAGING DIMENSIONS,GS23FBA016
LGAKM76695L,10272014,GRAINGER,S611400706PLDAR,S611400706PLDAR,000000000000,"S611400706PLDAR: Threaded Rod,316 SS,1-1/4-7x6 - EA",HARDWARE,EA,4,1,342.61,1370.44,D,367.75,1471,25.14,Department Of The Interior,Bureau of Reclamation,No,No,No,No,No,No,No,GSA Advantage,Government SmartPay Card,Standard,,89005,60560,0,0,10282014,DOCUMENT IMAGING DIMENSIONS,GS23FBA016
LGAKM80749L,10272014,CRC,SL3310,SL3310,000000000000,"SL3310: Lithium Grease,14 oz,NLGI Gra - EA",HARDWARE,EA,5,1,5.13,25.65,D,5.51,27.55,0.38,Department Of Homeland Security,United States Coast Guard,No,No,No,No,No,No,No,GSA Advantage,Government SmartPay Card,Standard,,08204,60560,0,0,10282014,DOCUMENT IMAGING DIMENSIONS,GS23FBA016
LGAKM46148L,10062014,EXTECH,TM500,TM500,000000000000,"TM500: Thermocouple Datalogger,12 Ch - EA",HARDWARE,EA,1,1,1190.28,1190.28,D,1277.62,1277.62,87.34,Department Of Agriculture,Agricultural Research Service,No,No,No,No,No,No,No,GSA Advantage,Government SmartPay Card,Standard,,94710,60560,0,0,10072014,DOCUMENT IMAGING DIMENSIONS,GS23FBA016
642819030,10092014,Tripp-Lite,TRPTLP606B,TRPTLP606B,000000000000,"TRPTLP606B: Surge Suppressor, 6 Outlets,  - EA",HARDWARE,EA,6,1,9.85,59.1,D,10.65,63.9,0.8,Department Of The Army,Corps of Engineers,Yes,No,No,No,No,No,No,E-mail,Government SmartPay Card,Standard,,60480,60560,0,0,10102014,DOCUMENT IMAGING DIMENSIONS,GS23FBA016
556-R50402/401001A,10102014,Tripp-Lite,TRPTLP606B,TRPTLP606B,000000000000,"TRPTLP606B: Surge Suppressor, 6 Outlets,  - EA",HARDWARE,EA,1,1,9.85,9.85,D,10.65,10.65,0.8,Department Of Veterans Affairs,Department Of Veterans Affairs,Yes,No,No,No,No,No,No,Vendor Portal,Government SmartPay Card,Standard,,60064,60560,0,0,10132014,DOCUMENT IMAGING DIMENSIONS,GS23FBA016
LGAKM56440L,10152014,BROTHER,TZe231,TZe231,012502627654,"TZe231: Label Tape,26-1/5 ft. L,Black - EA",HARDWARE,EA,2,1,23.97,47.94,D,25.73,51.46,1.76,Department Of Homeland Security,Transportation Security Administration,No,No,No,No,No,No,No,GSA Advantage,Government SmartPay Card,Standard,,81639,60560,0,0,10162014,DOCUMENT IMAGING DIMENSIONS,GS23FBA016
LGAKM73106L,10232014,BRADY,V1EW03A,V1EW03A,000000000000,"V1EW03A: Eye Wash Sign,6 x 9In,GRN/WHT - EA",HARDWARE,EA,2,1,14.99,29.98,D,16.09,32.18,1.1,Department Of The Air Force,Department Of The Air Force,No,No,No,No,No,No,No,GSA Advantage,Government SmartPay Card,Standard,,84056,60560,0,0,10242014,DOCUMENT IMAGING DIMENSIONS,GS23FBA016
