Ord_Num,Ord_Date,Mfr_Name,Mfr_Part_No,Contractor_Part_No,UPC-A,Prod_Descr,Subcategory ,UOI,Qty,Items_Sold,BPA_Price,BPA_Ext_Price,Dbt_Crt_Ind,MAS_Price,MAS_Ext_Price,Disc_ Amt,Cust_Agency,Sub_Agency,Mkt_Basket_Flag,AbilityOne_Flag,Berry_Amend_Flag,CPG_Ind,BioPreferred_Ind,ENERGYSTAR_Ind,WaterSense_Ind,Sales_Ch,Pay_Method,Dlvry_Method,Ship_Wt,To_Zip_Code,From_Zip_Code,Frgt_Charge,Suppl_Fee,Fulfill_Date,Contr_Name,Contr_No
LGAKM58974L,10152014,LC Industries,8115000000000,77GD62,000000000000,Storage Box 14 3/4X12 X 9 1/2,Hardware,EA, 3 ,25,47.79,143.37,D,47.79,143.37,0,Department of the Army,Corps of Engineers,Yes,Yes,No,No,No,no,No,GSA Advantage,Government SmartPay Card,Standard,129,22602,27703,0,0,11042014,WRIGGLESWORTH ENTERPRISES,GS-23F-BA014
LGAKM63923L,10172014,LC Industries,8115000000000,77GD62,000000000000,Storage Box 14 3/4X12 X 9 1/2,Hardware,EA, 20 ,25,47.79,955.8,D,47.79,955.8,0,Department of Veterans Affairs,"other,not listed",Yes,Yes,No,No,No,No,No,GSA Advantage,Government SmartPay Card,Standard,860,98188,27703,0,0,11032014,WRIGGLESWORTH ENTERPRISES,GS-23F-BA014
015105,10312014,LC Industries,8115000000000,77GD62,000000000000,Storage Box 14 3/4X12 X 9 1/2,Hardware,EA, 4 ,25,47.79,191.16,D,47.79,191.16,0,Library of Congress,"other,not listed",Yes,Yes,No,No,No,No,No,GSA Advantage,Government SmartPay Card,Standard,172,20540,27703,0,0,11062014,WRIGGLESWORTH ENTERPRISES,GS-23F-BA014
PD20141378,10312014,LC Industries,8115000000000,77GD62,000000000000,Storage Box 14 3/4X12 X 9 1/2,Hardware,EA, 4 ,25,47.79,191.16,D,47.79,191.16,0,Department of Energy,"other,not listed",Yes,Yes,No,No,No,No,No,GSA Advantage,Government SmartPay Card,Standard,172,42086,27703,0,0,11112014,WRIGGLESWORTH ENTERPRISES,GS-23F-BA014
4-PAD-PR-P-15-10055,10312014,LC Industries,8115000000000,77GD62,000000000000,Storage Box 14 3/4X12 X 9 1/2,Hardware,EA, 4 ,25,47.79,191.16,D,47.79,191.16,0,Department of Energy,"other,not listed",Yes,Yes,No,No,No,No,No,GSA Advantage,Government SmartPay Card,Standard,172,42053,27703,0,0,11112014,WRIGGLESWORTH ENTERPRISES,GS-23F-BA014
LGAKM95443L,10312014,LC Industries,8115000000000,77GD62,000000000000,Storage Box 14 3/4X12 X 9 1/2,Hardware,EA, 6 ,25,47.79,286.74,D,47.79,286.74,,Department of Justice,"other,not listed",Yes,Yes,No,No,No,No,No,GSA Advantage,Government SmartPay Card,Standard,258,42053,27703,0,0,11112014,WRIGGLESWORTH ENTERPRISES,GS-23F-BA014
