Ord_Num,Ord_Date,Mfr_Name,Mfr_Part_No,Contractor_Part_No,UPC-A,Prod_Descr,Subcategory ,UOI,Qty,Items_Sold,BPA_Price,BPA_Ext_Price,Dbt_Crt_Ind,MAS_Price,MAS_Ext_Price, Disc_ Amt ,Cust_Agency,Sub_Agency,Mkt_Basket_Flag,AbilityOne_Flag,Berry_Amend_Flag,CPG_Ind,BioPreferred_Ind,ENERGYSTAR_Ind,WaterSense_Ind,Sales_Ch,Pay_Method,Dlvry_Method,Ship_Wt,To_Zip_Code,From_Zip_Code,Frgt_Charge,Suppl_Fee,Fulfill_Date,Contr_Name,Contr_No
LGAKM96470L,11/1/2014,BROTHER,TZeS231CS,13C531,000000000000,"Label Tape,Black/White,26-1/5 ft. L",Label Maker Tapes,EA,6,1,24.68,148.08,D,25.1,150.6, $0.42 ,DEPARTMENT OF THE NAVY,,No,No,NO,NO,NO,NO,NO,GSA ADVANTAGE,Government SmartPay Card,Standard,0.84,13211,28412,0,0,11/07/2014 ,WRIGGLESWORTH ENTERPRISES,GS-23F-BA014
LGAKM97986L,11/3/2014,SHARP,LC60EQ10U,30ZM93,000000000000,"High Definition Television,LED,60 in.",High Definition Televisions,EA,1,1,1931.47,1931.47,D,1964.29,1964.29, $32.82 ,DEPARTMENT OF THE AIR FORCE,,No,No,NO,NO,NO,NO,NO,GSA ADVANTAGE,Government SmartPay Card,Standard,80.5,49707,28412,0,0,11/21/2014 ,WRIGGLESWORTH ENTERPRISES,GS-23F-BA014
V396024,11/4/2014,PARKER,N600B,1A863,000000000000,"Needle Valve,Brass,3/8-18,8 GPM,2000 PSI",Hydraulic Control Valves,EA,2,1,68.64,137.28,D,69.8,139.6, $1.16 ,DEPARTMENT OF THE AIR FORCE,,No,No,NO,NO,NO,NO,NO,GSA ADVANTAGE,Government SmartPay Card,Standard,1.7,73145,28412,0,0,11/07/2014 ,WRIGGLESWORTH ENTERPRISES,GS-23F-BA014
14M0969,11/4/2014,SOLO,416,3JED2,000000000000,"Cordless Backpack Sprayer,5 gal.,HDPE",Boom Sprayer Tanks and Intake Tubes,EA,2,1,535.95,1071.9,D,545.06,1090.12, $9.11 ,DEPARTMENT OF STATE,,No,No,NO,NO,NO,NO,NO,GSA ADVANTAGE,Government SmartPay Card,Standard,36,07036,28412,0,0,11/14/2014 ,WRIGGLESWORTH ENTERPRISES,GS-23F-BA014
4302J250,11/4/2014,HUBBELL WIRING DEVICE-KELLEMS,HBL9451C,5Z886,000000000000,"Plug,14-50P,50A,125/250V",Straight Blade Receptacles,EA,5,1,126.85,634.25,D,129,645, $2.15 ,DEPARTMENT OF THE NAVY,,No,No,NO,NO,NO,NO,NO,GSA ADVANTAGE,Government SmartPay Card,Standard,3.75,93555,28412,0,0,11/10/2014 ,WRIGGLESWORTH ENTERPRISES,GS-23F-BA014
LGAKN00964L,11/4/2014,RAYCHEM,CPGIWCSM48121200S,23PE63,000000000000,"Heat Shrink Tubing,2/0 to 750 MCM,4 Ft",Shrink Tubing,EA,4,1,46.51,186.04,D,47.3,189.2, $0.79 ,DEPARTMENT OF COMMERCE,,No,No,NO,NO,NO,NO,NO,GSA ADVANTAGE,Government SmartPay Card,Standard,0.48,23510,28412,0,0,11/12/2014 ,WRIGGLESWORTH ENTERPRISES,GS-23F-BA014
LGAKN01011L,11/4/2014,HOMZ,3441GRPRCL06,49H267,000000000000,"Storage Tote,Polypropylene,Clear,64 qt.",Totes,EA,8,1,16.7,133.6,D,16.98,135.84, $0.28 ,DEPARTMENT OF HEALTH AND HUMAN SERVICES,,No,No,NO,NO,NO,NO,NO,GSA ADVANTAGE,Government SmartPay Card,Standard,28.96,21224,28412,0,0,11/10/2014 ,WRIGGLESWORTH ENTERPRISES,GS-23F-BA014
LGAKN01211L,11/4/2014,MORRISON MEDICAL,3ZDV8,3ZDV8,000000000000,"Biohazard PPE Kit,Biohazard Bag",Biohazard Spill Kits,EA,30,1,17.67,530.1,D,17.97,539.1, $0.30 ,DEPARTMENT OF HOMELAND SECURITY,,No,No,NO,NO,NO,NO,NO,GSA ADVANTAGE,Government SmartPay Card,Standard,7.5,21201,28412,0,0,11/10/2014 ,WRIGGLESWORTH ENTERPRISES,GS-23F-BA014
LGAKN01957L,11/4/2014,SIEMENS,25602008,6YC70,000000000000,"Valve,Pneumatic,1/2 In",Pneumatic Actuated Valves,EA,2,1,176.94,353.88,D,179.95,359.9, $3.01 ,DEPARTMENT OF THE NAVY,,No,No,NO,NO,NO,NO,NO,GSA ADVANTAGE,Government SmartPay Card,Standard,4.4,98314,28412,0,0,11/12/2014 ,WRIGGLESWORTH ENTERPRISES,GS-23F-BA014
LGAKN02628L,11/5/2014,L C INDUSTRIES,8115001178249,77GD62,000000000000,Storage Box 14 3/4X12 X 9 1/2,Storage Box,EA,3,1,46.32,138.96,D,68.6,205.8, $22.28 ,DEPARTMENT OF DEFENSE,,H045,No,NO,NO,NO,NO,NO,GSA ADVANTAGE,Government SmartPay Card,Standard,129,23801,28412,0,0,11/21/2014,WRIGGLESWORTH ENTERPRISES,GS-23F-BA014
LGAKN03050L,11/5/2014,L C INDUSTRIES,8115001178249,77GD62,000000000000,Storage Box 14 3/4X12 X 9 1/2,Storage Box,EA,17,1,46.32,787.44,D,68.6,1166.2, $22.28 ,DEPARTMENT OF THE ARMY,,H045,No,NO,NO,NO,NO,NO,GSA ADVANTAGE,Government SmartPay Card,Standard,731,40122,28412,0,0,11/21/2014,WRIGGLESWORTH ENTERPRISES,GS-23F-BA014
PHXHNU15007,11/5/2014,TRACEABLE,4127,3KTU9,000000000000,"Digital Thermometer,-58 to 158 Degree F",Mallets & Dead Blow Hammers,EA,5,1,58.29,291.45,D,59.28,296.4, $0.99 ,DEPARTMENT OF HEALTH AND HUMAN SERVICES,,No,No,NO,NO,NO,NO,NO,EMAIL,Government SmartPay Card,Standard,2.75,86042,28412,0,0,�11/20/2014,WRIGGLESWORTH ENTERPRISES,GS-23F-BA014
LGAKN05081L,11/5/2014,L C INDUSTRIES,8115001178249,77GD62,000000000000,Storage Box 14 3/4X12 X 9 1/2,Storage Box,EA,13,1,46.32,602.16,D,68.6,891.8, $22.28 ,DEPARTMENT OF THE ARMY,,H045,No,NO,NO,NO,NO,NO,GSA ADVANTAGE,Government SmartPay Card,Standard,559,38054,28412,0,0,12/3/2014,WRIGGLESWORTH ENTERPRISES,GS-23F-BA014
LGAKN06145L,11/6/2014,SLOAN,WES150,4FB39,000000000000,"Cartridge Kit,Urinals",Rolling and Combination Tool Cabinets,EA,4,1,56.53,226.12,D,57.49,229.96, $0.96 ,Department of the Interior,,No,No,NO,NO,NO,NO,NO,GSA ADVANTAGE,Government SmartPay Card,Standard,4,21230,28412,0,0,11/12/2014 ,WRIGGLESWORTH ENTERPRISES,GS-23F-BA014
LGAKN07832L,11/6/2014,L C INDUSTRIES,8115001178249,77GD62,000000000000,Storage Box 14 3/4X12 X 9 1/2,Storage Box,EA,26,1,46.32,1204.32,D,68.6,1783.6, $22.28 ,DEPARTMENT OF VETERANS AFFAIRS,,H045,No,NO,NO,NO,NO,NO,GSA ADVANTAGE,Government SmartPay Card,Standard,1118,86313,28412,0,0,12/01/2014 ,WRIGGLESWORTH ENTERPRISES,GS-23F-BA014
LGAKN08211L,11/6/2014,L C INDUSTRIES,8115001178249,77GD62,000000000000,Storage Box 14 3/4X12 X 9 1/2,Storage Box,EA,8,1,46.32,370.56,D,68.6,548.8, $22.28 ,Department of the Interior,,H045,No,NO,NO,NO,NO,NO,GSA ADVANTAGE,Government SmartPay Card,Standard,344,98823,28412,0,0,12/1/2014,WRIGGLESWORTH ENTERPRISES,GS-23F-BA014
NPN-E-66408-4N,11/6/2014,PAC STRAPPING PRODUCTS,3CTU7,3CTU7,000000000000,"Steel Strapping,29 mil,811 ft. L",Steel Strapping,EA,5,1,228.87,1144.35,D,232.76,1163.8, $3.89 ,GENERAL SERVICES ADMINISTRATION,,No,No,NO,NO,NO,NO,NO,FAX,Government SmartPay Card,Standard,500,08641,28412,0,0,12/11/2014,WRIGGLESWORTH ENTERPRISES,GS-23F-BA014
NPN-E-00862-4N,11/6/2014,PAC STRAPPING PRODUCTS,3CTU7,3CTU7,000000000000,"Steel Strapping,29 mil,811 ft. L",Steel Strapping,EA,5,1,228.87,1144.35,D,232.76,1163.8, $3.89 ,GENERAL SERVICES ADMINISTRATION,,No,No,NO,NO,NO,NO,NO,FAX,Government SmartPay Card,Standard,500,08641,28412,0,0,12/11/2014,WRIGGLESWORTH ENTERPRISES,GS-23F-BA014
LGAKN08899L,11/6/2014,DRAEGER,CH31801,29XM93,000000000000,"Detector Tube,Hydrazine,0.1to10ppm,PK 10",Single Gas Detection Tubes,PK,10,10,100.58,1005.8,D,102.29,1022.9, $1.71 ,DEPARTMENT OF THE AIR FORCE,,No,No,NO,NO,NO,NO,NO,GSA ADVANTAGE,Government SmartPay Card,Standard,10,84056,28412,0,0,11/17/2014 ,WRIGGLESWORTH ENTERPRISES,GS-23F-BA014
LGAKN09345L,11/6/2014,LAKELAND,PBLC5903,6EHH9,000000000000,"Chem-Resistant Boot Covers,Yellow,PK25",Chemical Resistant and Disposable Coveralls,PK,4,25,70.45,281.8,D,71.65,286.6, $1.20 ,DEPARTMENT OF HOMELAND SECURITY,,No,No,NO,NO,NO,NO,NO,GSA ADVANTAGE,Government SmartPay Card,Standard,9.8,92231,28412,0,0,,WRIGGLESWORTH ENTERPRISES,GS-23F-BA014
LGAKN09385L,11/6/2014,BASCO,5668L,21YK41,000000000000,"Drum,Open Hd,55 gal,23-1/2 In,Carbon Stl",Transport Drums,EA,2,1,96.45,192.9,D,98.08,196.16, $1.63 ,"Corps of Engineers, Civil",,No,No,NO,NO,NO,NO,NO,GSA ADVANTAGE,Government SmartPay Card,Standard,80,72949,28412,0,0,11/13/2014 ,WRIGGLESWORTH ENTERPRISES,GS-23F-BA014
15MDCF606,11/7/2014,EPPENDORF,022491954,26UZ07,000000000000,"Pipetter Tips,50 to 1000uL,PK960",Interior Paints,PK,4,960,107.33,429.32,D,109.16,436.64, $1.83 ,DEPARTMENT OF THE NAVY,,No,No,NO,NO,NO,NO,NO,GSA ADVANTAGE,Government SmartPay Card,Standard,20,60088,28412,0,0,12/2/2014,WRIGGLESWORTH ENTERPRISES,GS-23F-BA014
LGAKN10910L,11/7/2014,JUSTRITE,09301,2RYH2,000000000000,"Oily Waste Can,10 Gal.,Steel,Yellow",Oily Waste Cans,EA,1,1,102.12,102.12,D,103.85,103.85, $1.73 ,DEPARTMENT OF THE AIR FORCE,,No,No,NO,NO,NO,NO,NO,GSA ADVANTAGE,Government SmartPay Card,Standard,14,27531,28412,0,0,11/14/2014 ,WRIGGLESWORTH ENTERPRISES,GS-23F-BA014
LGAKN10849L,11/7/2014,L C INDUSTRIES,8115001178249,77GD62,000000000000,Storage Box 14 3/4X12 X 9 1/2,Storage Box,EA,3,1,46.32,138.96,D,68.6,205.8, $22.28 ,DEPARTMENT OF DEFENSE,,H045,No,NO,NO,NO,NO,NO,GSA ADVANTAGE,Government SmartPay Card,Standard,129,60005,28412,0,0,11/17/2014 ,WRIGGLESWORTH ENTERPRISES,GS-23F-BA014
LGAKN11030L,11/7/2014,L C INDUSTRIES,8115001178249,77GD62,000000000000,Storage Box 14 3/4X12 X 9 1/2,Storage Box,EA,5,1,46.32,231.6,D,68.6,343, $22.28 ,DEPARTMENT OF THE AIR FORCE,,H045,No,NO,NO,NO,NO,NO,GSA ADVANTAGE,Government SmartPay Card,Standard,0,93524,28412,0,0,11/19/2014 ,WRIGGLESWORTH ENTERPRISES,GS-23F-BA014
LGAKN13219L,11/7/2014,BROTHER,TZe221,13C489,000000000000,"Label Tape,26-1/5 ft. L,Black/White",Label Maker Tapes,EA,5,1,20.55,102.75,D,20.9,104.5, $0.35 ,DEPARTMENT OF HEALTH AND HUMAN SERVICES,,No,No,NO,NO,NO,NO,NO,GSA ADVANTAGE,Government SmartPay Card,Standard,0.65,20024,28412,0,0,11/18/2014 ,WRIGGLESWORTH ENTERPRISES,GS-23F-BA014
PE330004,11/10/2014,TECHSPRAY,1610100R,22HU57,000000000000,"IPA Cleaning Wipes Refill,PK 100",Soldering Accessories,PK,10,100,30.08,300.8,D,30.59,305.9, $0.51 ,Department of Justice,,No,No,NO,NO,NO,NO,NO,PHONE,Government SmartPay Card,Standard,14.7,79720,28412,0,0,11/20/2014,WRIGGLESWORTH ENTERPRISES,GS-23F-BA014
LGAKN13695L,11/10/2014,L C INDUSTRIES,8115001178249,77GD62,000000000000,Storage Box 14 3/4X12 X 9 1/2,Storage Box,EA,5,1,46.32,231.6,D,68.6,343, $22.28 ,DEPARTMENT OF HOMELAND SECURITY,,H045,No,NO,NO,NO,NO,NO,GSA ADVANTAGE,Government SmartPay Card,Standard,215,02841,28412,0,0,11/20/2014,WRIGGLESWORTH ENTERPRISES,GS-23F-BA014
LGAKN13706L,11/10/2014,L C INDUSTRIES,8115001178249,77GD62,000000000000,Storage Box 14 3/4X12 X 9 1/2,Storage Box,EA,5,1,46.32,231.6,D,68.6,343, $22.28 ,DEPARTMENT OF HOMELAND SECURITY,,H045,No,NO,NO,NO,NO,NO,GSA ADVANTAGE,Government SmartPay Card,Standard,215,23236,28412,0,0,11/14/2014,WRIGGLESWORTH ENTERPRISES,GS-23F-BA014
LGAKN13768L,11/10/2014,EAGLE,1634,4YF77,000000000000,"Drum Spill Cntnmnt Pallet,4 Drum,10k lb.",Shock-Absorbing Lanyards,EA,7,1,324.08,2268.56,D,329.59,2307.13, $5.51 ,DEPARTMENT OF THE ARMY,,No,No,NO,NO,NO,NO,NO,GSA ADVANTAGE,Government SmartPay Card,Standard,455,65473,28412,0,0,11/14/2014,WRIGGLESWORTH ENTERPRISES,GS-23F-BA014
LGAKN16987L,11/10/2014,MOTOROLA,WPLN4187A,4WEJ8,000000000000,120 Volt IMPRES Multi Unit Charger,Two Way Radio Accessories,EA,2,1,836.75,1673.5,D,850.97,1701.94, $14.22 ,DEPARTMENT OF THE AIR FORCE,,No,No,NO,NO,NO,NO,NO,GSA ADVANTAGE,Government SmartPay Card,Standard,22.24,71110,28412,0,0,11/14/2014,WRIGGLESWORTH ENTERPRISES,GS-23F-BA014
LGAKN16082L,11/12/2014,L C INDUSTRIES,8115001178249,77GD62,000000000000,Storage Box 14 3/4X12 X 9 1/2,Storage Box,EA,26,1,46.32,1204.32,D,68.6,1783.6, $22.28 ,DEPARTMENT OF DEFENSE,,H045,No,NO,NO,NO,NO,NO,GSA ADVANTAGE,Government SmartPay Card,Standard,1118,22350,28412,0,0,11/21/2014,WRIGGLESWORTH ENTERPRISES,GS-23F-BA014
LGAKN16090L,11/12/2014,L C INDUSTRIES,8115001178249,77GD62,000000000000,Storage Box 14 3/4X12 X 9 1/2,Storage Box,EA,43,1,46.32,1991.76,D,68.6,2949.8, $22.28 ,NUCLEAR REGULATORY COMMISSION,,H045,No,NO,NO,NO,NO,NO,GSA ADVANTAGE,Government SmartPay Card,Standard,1849,20852,28412,0,0,12/3/2014,WRIGGLESWORTH ENTERPRISES,GS-23F-BA014
LGAKN16552L,11/12/2014,DRAEGER,6728181,29XM96,000000000000,"Detector Tube,Hydrochloric Acid,PK 10",Single Gas Detection Tubes,PK,1,10,111.75,111.75,D,113.65,113.65, $1.90 ,DEPARTMENT OF HOMELAND SECURITY,,No,No,NO,NO,NO,NO,NO,GSA ADVANTAGE,Government SmartPay Card,Standard,1,21226,28412,0,0,11/18/2014,WRIGGLESWORTH ENTERPRISES,GS-23F-BA014
LGAKN17517L,11/12/2014,SWIFT,2854037,3PAG6,000000000000,"Charcoal Activated,Powder,25g",CPR Mask Kits,EA,12,1,65.14,781.68,D,66.25,795, $1.11 ,DEPARTMENT OF HOMELAND SECURITY,,No,No,NO,NO,NO,NO,NO,GSA ADVANTAGE,Government SmartPay Card,Standard,3,94952,28412,0,0,12/10/2014,WRIGGLESWORTH ENTERPRISES,GS-23F-BA014
LGAKM98508L,11/3/2014,L C INDUSTRIES,8115001178249,77GD62,000000000000,Storage Box 14 3/4X12 X 9 1/2,Storage Box,EA,4,1,46.32,185.28,D,68.6,274.4, $22.28 ,DEPARTMENT OF LABOR,,H045,No,NO,NO,NO,NO,NO,GSA ADVANTAGE,Government SmartPay Card,Standard,172,30303,28412,0,0,12/3/2014,WRIGGLESWORTH ENTERPRISES,GS-23F-BA014
LGAKN19622L,11/13/2014,EARTHWAY,2040PI,4XMR2,000000000000,"Broadcast Spreader,65 lb.,Pneumatic",Lawn Spreader Accessories,EA,4,1,146.22,584.88,D,148.7,594.8, $2.48 ,DEPARTMENT OF THE AIR FORCE,,No,No,NO,NO,NO,NO,NO,GSA ADVANTAGE,Government SmartPay Card,Standard,63.2,72099,28412,0,0,11/18/2014 ,WRIGGLESWORTH ENTERPRISES,GS-23F-BA014
LGAKN20278L,11/13/2014,L C INDUSTRIES,8115001178249,77GD62,000000000000,Storage Box 14 3/4X12 X 9 1/2,Storage Box,EA,3,1,46.32,138.96,D,68.6,205.8, $22.28 ,DEPARTMENT OF HEALTH AND HUMAN SERVICES,,H045,No,NO,NO,NO,NO,NO,GSA ADVANTAGE,Government SmartPay Card,Standard,129,89801,28412,0,0,11/24/2014,WRIGGLESWORTH ENTERPRISES,GS-23F-BA014
LGAKN20876L,11/13/2014,DYMO,53713,5AU28,000000000000,"White Label Tape Cartridge,23 ft. L",Label Maker Tapes,EA,1,1,39.52,39.52,D,40.2,40.2, $0.68 ,Department of the Interior,,No,No,NO,NO,NO,NO,NO,GSA ADVANTAGE,Government SmartPay Card,Standard,0.65,59101,28412,0,0,11/18/2014 ,WRIGGLESWORTH ENTERPRISES,GS-23F-BA014
LGAKN20909L,11/13/2014,MARSH,FR10030,5A135,000000000000,"Stencil Roller,Black,Neoprene",Stencil Ink,EA,2,1,70.03,140.06,D,71.22,142.44, $1.19 ,DEPARTMENT OF DEFENSE,,No,No,NO,NO,NO,NO,NO,GSA ADVANTAGE,Government SmartPay Card,Standard,6,47522,28412,0,0,11/18/2014 ,WRIGGLESWORTH ENTERPRISES,GS-23F-BA014
LGAKN21537L,11/13/2014,L C INDUSTRIES,8115001178249,77GD62,000000000000,Storage Box 14 3/4X12 X 9 1/2,Storage Box,EA,3,1,46.32,138.96,D,68.6,205.8, $22.28 ,Equal Employment Opportunity Commission,,H045,No,NO,NO,NO,NO,NO,GSA ADVANTAGE,Government SmartPay Card,Standard,129,94102,28412,0,0,12/03/2014 ,WRIGGLESWORTH ENTERPRISES,GS-23F-BA014
LGAKN21786L,11/13/2014,MALLORY,222E,2JBB4,000000000000,"Emergency Snow Shovel,Collapsible",Self-Retracting Lifelines,EA,10,1,15.03,150.3,D,15.28,152.8, $0.25 ,DEPARTMENT OF THE AIR FORCE,,No,No,NO,NO,NO,NO,NO,GSA ADVANTAGE,Government SmartPay Card,Standard,10,49707,28412,0,0,11/19/2014 ,WRIGGLESWORTH ENTERPRISES,GS-23F-BA014
JC101DAS2,11/13/2014,CYALUME TECHNOLOGIES,917040PF,20UL13,000000000000,"Lightstick,Infra-Red,8 hr.,PK10",Lightsticks,PK,20,10,53.55,1071,D,54.46,1089.2, $0.91 ,DEPARTMENT OF HOMELAND SECURITY,,No,No,NO,NO,NO,NO,NO,GSA ADVANTAGE,Government SmartPay Card,Standard,12,23322,28412,0,0,11/24/2014 ,WRIGGLESWORTH ENTERPRISES,GS-23F-BA014
JC096MAT,11/14/2014,MOLDEX,6882,32MU08,000000000000,"Ear Plugs Dispenser,Green,Univ,PK150",Bin Shelving,PK,3,150,80,240,D,81.36,244.08, $1.36 ,DEPARTMENT OF HOMELAND SECURITY,,No,No,NO,NO,NO,NO,NO,GSA ADVANTAGE,Government SmartPay Card,Standard,6,23322,28412,0,0,11/21/2014 ,WRIGGLESWORTH ENTERPRISES,GS-23F-BA014
LGAKN22498L,11/14/2014,3M,CTC331WW,20FX49,000000000000,Wrist Strap Workstation Monitor,Wrist Strap Testers,EA,1,1,315.23,315.23,D,320.59,320.59, $5.36 ,DEPARTMENT OF THE NAVY,,No,No,NO,NO,NO,NO,NO,GSA ADVANTAGE,Government SmartPay Card,Standard,0.8,93246,28412,0,0,11/19/2014,WRIGGLESWORTH ENTERPRISES,GS-23F-BA014
LGAKN23149L,11/14/2014,FOLLETT ICE,PD501829,31MX09,000000000000,Ice Dispenser Switch,Parts,EA,10,1,71.33,713.3,D,72.54,725.4, $1.21 ,DEPARTMENT OF VETERANS AFFAIRS,,No,No,NO,NO,NO,NO,NO,GSA ADVANTAGE,Government SmartPay Card,Standard,4,25405,28412,0,0,11/19/2014,WRIGGLESWORTH ENTERPRISES,GS-23F-BA014
SOKLGAKN24525L,11/14/2014,TRANSPORE,15272,2JCZ1,000000000000,"Surgical Tape,Clear,2 In. W,10 yd L,PK60",Stethoscopes,PK,1,60,330.14,330.14,D,335.75,335.75, $5.61 ,STATE OF OKLAHOMA,,No,No,NO,NO,NO,NO,NO,GSA ADVANTAGE,Government SmartPay Card,Standard,10.1,74017,28412,0,0,11/21/2014 ,WRIGGLESWORTH ENTERPRISES,GS-23F-BA014
LGAKN24717L,11/14/2014,DRAEGER,8321254,20AT77,000000000000,Tripod,Infrared Thermometer and Imager Accessories,EA,1,1,390.44,390.44,D,397.08,397.08, $6.64 ,DEPARTMENT OF HOMELAND SECURITY,,No,No,NO,NO,NO,NO,NO,GSA ADVANTAGE,Government SmartPay Card,Standard,2,73169,28412,0,0,,WRIGGLESWORTH ENTERPRISES,GS-23F-BA014
LGAKN26007L,11/16/2014,DISCO,8701,12U255,000000000000,"Hose Clamp Assortment,100 Pc",Exterior Automotive Accessories,EA,2,1,181.84,363.68,D,184.93,369.86, $3.09 ,DEPARTMENT OF HOMELAND SECURITY,,No,No,NO,NO,NO,NO,NO,GSA ADVANTAGE,Government SmartPay Card,Standard,18.1,21226,28412,0,0,12/5/2014,WRIGGLESWORTH ENTERPRISES,GS-23F-BA014
LGAKN26040L,11/16/2014,BRADY,122612,30D156,000000000000,Eye Wash Sign,Exit and Entry Signs,EA,2,1,12.52,25.04,D,12.73,25.46, $0.21 ,DEPARTMENT OF DEFENSE,,No,No,NO,NO,NO,NO,NO,GSA ADVANTAGE,Government SmartPay Card,Standard,0.12,31699,28412,0,0,11/24/2014,WRIGGLESWORTH ENTERPRISES,GS-23F-BA014
581-P51238,11/17/2014,SPEARS,3632R020C,20RK40,000000000000,"Retrofit Ball Valve,CPVC,2 in.,FKM",Ball Valves,EA,2,1,177.87,355.74,D,180.9,361.8, $3.03 ,DEPARTMENT OF VETERANS AFFAIRS,,No,No,NO,NO,NO,NO,NO,GSA ADVANTAGE,Government SmartPay Card,Standard,6,25704,28412,0,0,11/24/2014,WRIGGLESWORTH ENTERPRISES,GS-23F-BA014
LGAKN26771L,11/17/2014,COPELAND,ZR108KCETFD950,20HM49,000000000000,"A/C Compressor,109000 BtuH,460V,R-22",Air Conditioner Compressors,EA,1,1,2322.61,2322.61,D,2362.08,2362.08, $39.47 ,Department of the Interior,,No,No,NO,NO,NO,NO,NO,GSA ADVANTAGE,Government SmartPay Card,Standard,142,89005,28412,0,0,11/20/2014,WRIGGLESWORTH ENTERPRISES,GS-23F-BA014
LGAKN27433L,11/17/2014,DRAEGER,8101491,29XM89,000000000000,"Detector Tube,Fluorine,PK 10",Single Gas Detection Tubes,PK,1,10,129.17,129.17,D,131.37,131.37, $2.20 ,DEPARTMENT OF THE AIR FORCE,,No,No,NO,NO,NO,NO,NO,GSA ADVANTAGE,Government SmartPay Card,Standard,1,46971,28412,0,0,11/19/2014,WRIGGLESWORTH ENTERPRISES,GS-23F-BA014
NPS-A-5A478-5M,11/17/2014,ELVEX,EP412,3NHP1,000000000000,"Ear Plugs,25dB,Corded,Univ,PK50",Hearing Bands,PK,2,50,89.92,179.84,D,91.45,182.9, $1.53 ,GENERAL SERVICES ADMINISTRATION,,No,No,NO,NO,NO,NO,NO,FAX,Government SmartPay Card,Standard,3.04,08641,28412,0,0,11/30/2014,WRIGGLESWORTH ENTERPRISES,GS-23F-BA014
13502,11/17/2014,MOLDEX,6881,32MU07,000000000000,"Ear Plugs Dispenser,Blue Swirled,PK150",Disposable Ear Plugs,PK,3,150,115.85,347.55,D,117.82,353.46, $1.97 ,DEPARTMENT OF LABOR,,No,No,NO,NO,NO,NO,NO,GSA ADVANTAGE,Government SmartPay Card,Standard,6,08817,28412,0,0,11/19/2014,WRIGGLESWORTH ENTERPRISES,GS-23F-BA014
LGAKN28234L,11/17/2014,BRADY,2010DB,5RE32,000000000000,"Right to Know Compliance Center,20 In. H",Right-To-Know Stations,EA,1,1,147.37,147.37,D,149.88,149.88, $2.51 ,DEPARTMENT OF HOMELAND SECURITY,,No,No,NO,NO,NO,NO,NO,GSA ADVANTAGE,Government SmartPay Card,Standard,8.4,49855,28412,0,0,11/24/2014,WRIGGLESWORTH ENTERPRISES,GS-23F-BA014
2015-0040-1025DC,11/17/2014,COVIDIEN,SSSS100506,8M560,000000000000,"Sharps Container,1-1/4 Gal.,Clear,PK 5",Entrance Mats,PK,2,5,63.8,127.6,D,64.88,129.76, $1.08 ,DEPARTMENT OF HEALTH AND HUMAN SERVICES,,No,No,NO,NO,NO,NO,NO,GSA ADVANTAGE,Government SmartPay Card,Standard,12.1,99155,28412,0,0,11/20/2014 ,WRIGGLESWORTH ENTERPRISES,GS-23F-BA014
LGAKN29081L,11/17/2014,RENEWABLE LUBRICANTS,80604,30WK78,000000000000,"Lubricant,Pail,Yellow,5 gal.",Oils,EA,1,1,142.49,142.49,D,144.91,144.91, $2.42 ,Department of the Interior,,No,No,NO,NO,NO,NO,NO,GSA ADVANTAGE,Government SmartPay Card,Standard,44,94956,28412,0,0,12/01/2014 ,WRIGGLESWORTH ENTERPRISES,GS-23F-BA014
LGAKN29218L,1117/2014,DYNALON,2220750500,8ADJ2,000000000000,"Beaker,Graduated,Poly,500mL, 6 PK",Calibration Solutions,PK,4,6,38.79,155.16,D,39.45,157.8, $0.66 ,DEPARTMENT OF THE AIR FORCE,,No,No,NO,NO,NO,NO,NO,GSA ADVANTAGE,Government SmartPay Card,Standard,2.96,96319,28412,0,0,12/5/201 4,WRIGGLESWORTH ENTERPRISES,GS-23F-BA014
LGAKN29270L,11/18/2014,MSA,10118695,22EY46,000000000000,"Hard Hat w/Faceshield Brckt,FBrim,White",Hard Hats,EA,16,1,46.51,744.16,D,47.3,756.8, $0.79 ,DEPARTMENT OF THE AIR FORCE,,No,No,NO,NO,NO,NO,NO,GSA ADVANTAGE,Government SmartPay Card,Standard,36.32,96595,28412,0,0,11/26/2014,WRIGGLESWORTH ENTERPRISES,GS-23F-BA014
LGAKN29275L,11/18/2014,LAKELAND,C3142446,21DP02,000000000000,"Lab Coverall,Chest Sz 46,41x29,White",Work Coveralls,EA,3,1,69.19,207.57,D,70.37,211.11, $1.18 ,DEPARTMENT OF THE AIR FORCE,,No,No,NO,NO,NO,NO,NO,GSA ADVANTAGE,Government SmartPay Card,Standard,5.76,96595,28412,0,0,12/8/2014,WRIGGLESWORTH ENTERPRISES,GS-23F-BA014
LGAKN29381L,11/18/2014,GENERAC,65980,32NF39,000000000000,"Pressure Washer,3100 psi,2.7 gpm",Gas Pressure Washers,EA,1,1,588.11,588.11,D,598.1,598.1, $9.99 ,DEPARTMENT OF THE AIR FORCE,,No,No,NO,NO,NO,NO,NO,GSA ADVANTAGE,Government SmartPay Card,Standard,74,14304,28412,0,0,,WRIGGLESWORTH ENTERPRISES,GS-23F-BA014
LGAKN29567L,11/18/2014,"GEIB INDUSTRIES, INC.",AMSE204,1CZE5,000000000000,"Expansion Joint,4 In,Single Sphere",Expansion Joints,EA,1,1,127.87,127.87,D,130.04,130.04, $2.17 ,DEPARTMENT OF THE NAVY,,No,No,NO,NO,NO,NO,NO,GSA ADVANTAGE,Government SmartPay Card,Standard,19.15,22134,28412,0,0,11/21/2014 ,WRIGGLESWORTH ENTERPRISES,GS-23F-BA014
LGAKN30330L-QNE344,11/18/2014,TAPCO,37305791,3YVP8,000000000000,"Parking Sign,6 x 12In,Grn/Wht,Text,R7-8B",Battery Accessories,EA,2,1,22.71,45.42,D,23.1,46.2, $0.39 ,DEPARTMENT OF HOMELAND SECURITY,,No,No,NO,NO,NO,NO,NO,GSA ADVANTAGE,Government SmartPay Card,Standard,1.2,08204,28412,0,0,11/21/2014 ,WRIGGLESWORTH ENTERPRISES,GS-23F-BA014
LGAKN30337L,11/18/2014,AMERICAN TORCH TIP,MC141,31HG51,000000000000,"Scarfing Tip,Standard,Size 1",Magnetic Welding Squares,EA,7,1,57.23,400.61,D,58.2,407.4, $0.97 ,DEPARTMENT OF THE AIR FORCE,,No,No,NO,NO,NO,NO,NO,GSA ADVANTAGE,Government SmartPay Card,Standard,0.63,73145,28412,0,0,12/8/2014,WRIGGLESWORTH ENTERPRISES,GS-23F-BA014
LGAKN30615L,11/18/2014,FIAT PRODUCTS,832AA000,11U260,000000000000,"Hose/Hanger,SS/Rubber,22ga,6In,Wall Mnt",Hand Sinks and Hand Wash Stations,EA,4,1,27.71,110.84,D,28.18,112.72, $0.47 ,DEPARTMENT OF HOMELAND SECURITY,,No,No,NO,NO,NO,NO,NO,GSA ADVANTAGE,Government SmartPay Card,Standard,4.4,29405,28412,0,0,11/24/2014 ,WRIGGLESWORTH ENTERPRISES,GS-23F-BA014
LGAKN30543L,11/18/2014,CELLUCAP,965SGRA,3RLG8,000000000000,"Disposable Hood,Blue,Polypropylene,PK 50",Replacement Eyewear Lenses,PK,1,50,55.54,55.54,D,56.49,56.49, $0.95 ,DEPARTMENT OF JUSTICE,,No,No,NO,NO,NO,NO,NO,GSA ADVANTAGE,Government SmartPay Card,Standard,2,22301,28412,0,0,11/24/2014 ,WRIGGLESWORTH ENTERPRISES,GS-23F-BA014
LGAKN31569L,11/18/2014,BOX KING,363540,22XL39,000000000000,"Shipping Carton,35 In.x40 In.,65 lb.",Shipping Cartons,EA,1,1,27.85,27.85,D,28.32,28.32, $0.47 ,DEPARTMENT OF LABOR,,No,No,NO,NO,NO,NO,NO,GSA ADVANTAGE,Government SmartPay Card,Standard,38.95,94103,28412,0,0,11/24/2014,WRIGGLESWORTH ENTERPRISES,GS-23F-BA014
LGAKN31769L,11/18/2014,ZOELLER,3140002,4HEX4,000000000000,"Utility Transfer Pump, 1/2 HP,1 Ph, 115V",Sump/Battery Back-Up Systems,EA,2,1,258.89,517.78,D,263.29,526.58, $4.40 ,DEPARTMENT OF THE AIRFORCE,,No,No,NO,NO,NO,NO,NO,GSA ADVANTAGE,Government SmartPay Card,Standard,34.7,73145,28412,0,0,11/25/2014,WRIGGLESWORTH ENTERPRISES,GS-23F-BA014
LGAKN32513L,11/18/2014,DURACELL,DLCR2BPK,1FYE9,000000000000,"Battery,CR2,Lithium,3V",Specialty Batteries,EA,6,1,4.17,25.02,D,4.34,26.04, $0.17 ,Department of Agriculture,,H141,No,NO,NO,NO,NO,NO,GSA ADVANTAGE,Government SmartPay Card,Standard,3.6,83210,28412,0,0,11/24/2014,WRIGGLESWORTH ENTERPRISES,GS-23F-BA014
MPS-A-YN425-4M,11/18/2014,PHILIPS ADVANCE,ICN2P32N,2MCX5,000000000000,"Electronic Ballast,T8 Lamps,120/277V",Hand Operated Drum Pumps,EA,80,1,35.94,2875.2,D,36.55,2924, $0.61 ,GENERAL SERVICES ADMINISTRATION,,No,No,NO,NO,NO,NO,NO,FAX,Government SmartPay Card,Standard,64,08641,28412,0,0,12/5/2014,WRIGGLESWORTH ENTERPRISES,GS-23F-BA014
LGAKN32918L,11/18/2014,DRIFIRE,DF2550CSMCMR,19TE74,000000000000,"FR Combat Shirt,M Regular",Flame Resistant and Arc Flash Shirts,EA,1,1,373.68,373.68,D,380.03,380.03, $6.35 ,DEPARTMENT OF THE AIR FORCE,,No,No,NO,NO,NO,NO,NO,GSA ADVANTAGE,Government SmartPay Card,Standard,1.2, 9901,28412,0,0,,WRIGGLESWORTH ENTERPRISES,GS-23F-BA014
LGAKN33602L,11/19/2014,STEINER,12161,3ZYW4,000000000000,"Welding Waist Apron,Leather,18 x 24 In",Danger Signs,EA,8,1,42.85,342.8,D,43.57,348.56, $0.72 ,DEPARTMENT OF THE ARMY,,No,No,NO,NO,NO,NO,NO,GSA ADVANTAGE,Government SmartPay Card,Standard,7.6,47522,28412,0,0,11/24/2014,WRIGGLESWORTH ENTERPRISES,GS-23F-BA014
LGAKN34039L,11/19/2014,ELECTROMARK,5514L,9PN07,000000000000,"Inspection Label,Fire Exting.,PK25",Letters and Numbers,PK,4,25,13.89,55.56,D,14.13,56.52, $0.24 ,Department of the Interior,,No,No,NO,NO,NO,NO,NO,GSA ADVANTAGE,Government SmartPay Card,Standard,0.4,58072,28412,0,0,11/24/2014,WRIGGLESWORTH ENTERPRISES,GS-23F-BA014
LGAKN33749L,11/19/2014,BRADLEY,107371,1FBE8,000000000000,"Eyewash Dust Cap,7x.125,1.25 O.D.",Parts,EA,4,1,7.27,29.08,D,7.39,29.56, $0.12 ,DEPARTMENT OF THE NAVY,,No,No,NO,NO,NO,NO,NO,GSA ADVANTAGE,Government SmartPay Card,Standard,0.04,31704,28412,0,0, 11/24/2014,WRIGGLESWORTH ENTERPRISES,GS-23F-BA014
LGAKN34871L,11/19/2014,HONEYWELL,320004550000,3ARE1,000000000000,"Replacement Eye Wash Bottle,32 oz.",Personal Eye Wash Bottles,EA,3,1,15.14,45.42,D,15.4,46.2, $0.26 ,DEPARTMENT OF DEFENSE,,No,No,NO,NO,NO,NO,NO,GSA ADVANTAGE,Government SmartPay Card,Standard,6.81,93727,28412,0,0,11/24/2014,WRIGGLESWORTH ENTERPRISES,GS-23F-BA014
LGAKN35464L,11/19/2014,L C INDUSTRIES,8115001178249,77GD62,000000000000,Storage Box 14 3/4X12 X 9 1/2,Storage Box,EA,3,1,46.32,138.96,D,68.6,205.8, $22.28 ,DEPARTMENT OF THE AIR FORCE,,H045,No,NO,NO,NO,NO,NO,GSA ADVANTAGE,Government SmartPay Card,Standard,129,23665,28412,0,0,12/4/2014,WRIGGLESWORTH ENTERPRISES,GS-23F-BA014
LGAKN35969L,11/19/2014,BUYERS PRODUCTS,1802207,30PD26,000000000000,"Triple Hitch Ball,Chrome",Trailer Hitch Balls,EA,10,1,53.03,530.3,D,53.93,539.3, $0.90 ,Department of Agriculture,,No,No,NO,NO,NO,NO,NO,GSA ADVANTAGE,Government SmartPay Card,Standard,119,57701,28412,0,0,11/28/2014 ,WRIGGLESWORTH ENTERPRISES,GS-23F-BA014
LGAKN36100L,11/19/2014,MAKITA,ML123,14F166,000000000000,"Rechargeable Flashlight,Teal,xenon,",Rechargeable Flashlights,EA,2,1,60.12,120.24,D,61.14,122.28, $1.02 ,DEPARTMENT OF HOMELAND SECURITY,,No,No,NO,NO,NO,NO,NO,GSA ADVANTAGE,Government SmartPay Card,Standard,2,07114,28412,0,0,12/2/2014,WRIGGLESWORTH ENTERPRISES,GS-23F-BA014
LGAKN36576L,11/19/2014,L C INDUSTRIES,8115001178249,77GD62,000000000000,Storage Box 14 3/4X12 X 9 1/2,Storage Box,EA,8,1,46.32,370.56,D,68.6,548.8, $22.28 ,DEPARTMENT OF DEFENSE,,H045,No,NO,NO,NO,NO,NO,GSA ADVANTAGE,Government SmartPay Card,Standard,344,20374,28412,0,0,12/4/2014,WRIGGLESWORTH ENTERPRISES,GS-23F-BA014
LGAKN36890L,11/19/2014,NORTH BY HONEYWELL,7583P100L,16M232,000000000000,"Respirator Cartridge,Yellow/Magenta,Pr",Cartridges And Filters,PR,6,1,34.27,205.62,D,34.85,209.1, $0.58 ,DEPARTMENT OF THE NAVY,,No,No,NO,NO,NO,NO,NO,GSA ADVANTAGE,Government SmartPay Card,Standard,2.7,92278,28412,0,0,11/24/2014,WRIGGLESWORTH ENTERPRISES,GS-23F-BA014
LGAKN37413L,11/20/2014,ACME UNITED CORPORATION,54612,22FX24,000000000000,"Eye Wash Station,32 oz.",Personal Eye Wash Stations,EA,4,1,35.52,142.08,D,36.13,144.52, $0.61 ,DEPARTMENT OF THE AIR FORCE,,No,No,NO,NO,NO,NO,NO,GSA ADVANTAGE,Government SmartPay Card,Standard,13.6,09855,28412,0,0,11/25/2014 ,WRIGGLESWORTH ENTERPRISES,GS-23F-BA014
LGAKN37574L,11/20/2014,ASSOCIATED EQUIP,6033,29RW01,000000000000,"Battery Load Tester,Digital,125 Amps",Battery Testers,EA,1,1,235.14,235.14,D,239.14,239.14, $4.00 ,DEPARTMENT OF THE NAVY,,No,No,NO,NO,NO,NO,NO,GSA ADVANTAGE,Government SmartPay Card,Standard,4,06349,28412,0,0,12/13/2014,WRIGGLESWORTH ENTERPRISES,GS-23F-BA014
LGAKN38585L,11/20/2014,SUREFIRE,G2XCYL,19YL65,000000000000,"Tactical Flashlight,LED,Yellow",Handheld Flashlights,EA,6,1,132.71,796.26,D,134.96,809.76, $2.25 ,DEPARTMENT OF HOMELAND SECURITY,,No,No,NO,NO,NO,NO,NO,GSA ADVANTAGE,Government SmartPay Card,Standard,2.52,90045,28412,0,0,12/01/2014 ,WRIGGLESWORTH ENTERPRISES,GS-23F-BA014
LGAKN39170L,11/20/2014,AKRO-MILS,RD3624S3P,8RF43,000000000000,"Movers Dolly,900 lb.",Corrosive Cabinets,EA,2,1,107.05,214.1,D,108.87,217.74, $1.82 ,DEPARTMENT OF THE ARMY,,No,No,NO,NO,NO,NO,NO,GSA ADVANTAGE,Government SmartPay Card,Standard,60,17003,28412,0,0,11/26/2014,WRIGGLESWORTH ENTERPRISES,GS-23F-BA014
LGAKN39324L,11/20/2014,HPC,LKR6,2KKC9,000000000000,"Key Ring, 6 In Dia",Key Duplicators,EA,3,1,15.42,46.26,D,15.68,47.04, $0.26 ,DEPARTMENT OF THE AIR FORCE,,No,No,NO,NO,NO,NO,NO,GSA ADVANTAGE,Government SmartPay Card,Standard,0.99,33039,28412,0,0,11/24/2014,WRIGGLESWORTH ENTERPRISES,GS-23F-BA014
LGAKN39668L,11/20/2014,CENTOCO,GRP800TM001,19RT07,000000000000,"Toilet Seat,Elongated,Open Front,19 In",Toilet Seats,EA,12,1,41.63,499.56,D,42.34,508.08, $0.71 ,DEPARTMENT OF HOMELAND SECURITY,,No,No,NO,NO,NO,NO,NO,GSA ADVANTAGE,Government SmartPay Card,Standard,71.4,02542,28412,0,0,12/9/2014,WRIGGLESWORTH ENTERPRISES,GS-23F-BA014
LGAKN40113L,11/20/2014,SCIENCEWARE,H195590000,21TR06,000000000000,"Connector,Stepped,3/16-3/8in,Poly,PK 12",Lab Adapters and Joints,PK,4,12,33.3,133.2,D,33.86,135.44, $0.56 ,Department of the Interior,,No,No,NO,NO,NO,NO,NO,GSA ADVANTAGE,Government SmartPay Card,Standard,0.4,49855,28412,0,0,12/1/2014,WRIGGLESWORTH ENTERPRISES,GS-23F-BA014
LGAKN40693L,11/20/2014,WD-40,110078,2CDU5,000000000000,"Lubricant,Aerosol w/Smart Straw,11oz",Evaporator Coils,EA,3,1,8.39,25.17,D,8.54,25.62, $0.15 ,Department of Agriculture,,No,No,NO,NO,NO,NO,NO,GSA ADVANTAGE,Government SmartPay Card,Standard,2.88,59014,28412,0,0,11/28/2014 ,WRIGGLESWORTH ENTERPRISES,GS-23F-BA014
MPS-A-YN426-4M,11/21/2014,PHILIPS ADVANCE,ICN4P32N,1VN22,000000000000,"Electronic Ballast,T8 Lamps,120/277V",Electronic Ballasts,EA,34,1,18.48,628.32,D,19.25,654.5, $0.77 ,GENERAL SERVICES ADMINISTRATION,,H197,No,NO,NO,NO,NO,NO,FAX,Government SmartPay Card,Standard,#N/A,08641,28412,0,0,12/12/2014,WRIGGLESWORTH ENTERPRISES,GS-23F-BA014
MPN-B-5M326-5M,11/21/2014,ECHO,PPT280,45A335,000000000000,"Gas Powered Pole Saw,28.1CC,12 In. L",Gas Powered Pole Saws,EA,1,1,774.36,774.36,D,787.52,787.52, $13.16 ,GENERAL SERVICES ADMINISTRATION,,No,No,NO,NO,NO,NO,NO,FAX,Government SmartPay Card,Standard,26.4,08641,28412,0,0,12/12/2014,WRIGGLESWORTH ENTERPRISES,GS-23F-BA014
MPN-E-5J720-5M,11/21/2014,STRANCO INC,DWRSINGLE88,30WZ24,000000000000,"Die Cut Number Label,8",Letters and Numbers,EA,12,1,9.68,116.16,D,9.85,118.2, $0.17 ,GENERAL SERVICES ADMINISTRATION,,No,No,NO,NO,NO,NO,NO,FAX,Government SmartPay Card,Standard,0.36,08641,28412,0,0,12/12/2014,WRIGGLESWORTH ENTERPRISES,GS-23F-BA014
MPN-E-5J719-5M,11/21/2014,STRANCO INC,DWRSINGLE87,30WZ23,000000000000,"Die Cut Number Label,7",Letters and Numbers,EA,12,1,9.68,116.16,D,9.85,118.2, $0.17 ,GENERAL SERVICES ADMINISTRATION,,No,No,NO,NO,NO,NO,NO,FAX,Government SmartPay Card,Standard,0.36,08641,28412,0,0,12/12/2014,WRIGGLESWORTH ENTERPRISES,GS-23F-BA014
MPN-E-5J718-5M,11/21/2014,STRANCO INC,DWRSINGLE86,30WZ22,000000000000,"Die Cut Number Label,6",Letters and Numbers,EA,12,1,9.68,116.16,D,9.85,118.2, $0.17 ,GENERAL SERVICES ADMINISTRATION,,No,No,NO,NO,NO,NO,NO,FAX,Government SmartPay Card,Standard,0.36,08641,28412,0,0,12/12/2014,WRIGGLESWORTH ENTERPRISES,GS-23F-BA014
MPN-E-5J717-5M,11/21/2014,STRANCO INC,DWRSINGLE85,30WZ21,000000000000,"Die Cut Number Label,5",Letters and Numbers,EA,12,1,9.68,116.16,D,9.85,118.2, $0.17 ,GENERAL SERVICES ADMINISTRATION,,No,No,NO,NO,NO,NO,NO,FAX,Government SmartPay Card,Standard,0.36,08641,28412,0,0,12/12/2014,WRIGGLESWORTH ENTERPRISES,GS-23F-BA014
MPN-E-5J715-5M,11/21/2014,STRANCO INC,DWRSINGLE84,30WZ20,000000000000,"Die Cut Number Label,4",Letters and Numbers,EA,12,1,9.68,116.16,D,9.85,118.2, $0.17 ,GENERAL SERVICES ADMINISTRATION,,No,No,NO,NO,NO,NO,NO,FAX,Government SmartPay Card,Standard,0.36,08641,28412,0,0,12/12/2014,WRIGGLESWORTH ENTERPRISES,GS-23F-BA014
LGAKN41540L,11/21/2014,CANARM,CP56BK,29NV27,000000000000,"Commercial Ceiling Fan,56 in. dia.,120V",Hazardous Location Exhaust Fans,EA,4,1,161.35,645.4,D,164.09,656.36, $2.74 ,Department of the Interior,,No,No,NO,NO,NO,NO,NO,GSA ADVANTAGE,Government SmartPay Card,Standard,64,97838,28412,0,0,12/03/2014 ,WRIGGLESWORTH ENTERPRISES,GS-23F-BA014
LGAKN41486L,11/21/2014,SAFE-T-ALERT,35711,39H975,000000000000,CO and LP/Natural Gas Alarm,Carbon Monoxide and Smoke Detectors,EA,24,1,77.11,1850.64,D,78.42,1882.08, $1.31 ,Office of the Secretary of Defense,,No,No,NO,NO,NO,NO,NO,GSA ADVANTAGE,Government SmartPay Card,Standard,13.2,20373,28412,0,0,,WRIGGLESWORTH ENTERPRISES,GS-23F-BA014
LGAKN42280L,11/21/2014,JAMCO,CK60,49R173,000000000000,"Corrosive Safety Cabinet,60 gal.,Blue",Pesticide Cabinets,EA,1,1,1507.74,1507.74,D,1533.36,1533.36, $25.62 ,DEPARTMENT OF HOMELAND SECURITY,,No,No,NO,NO,NO,NO,NO,GSA ADVANTAGE,Government SmartPay Card,Standard,525,36528,28412,0,0,12/05/2014 ,WRIGGLESWORTH ENTERPRISES,GS-23F-BA014
LGAKN42519L,11/21/2014,BRADY,122495,30D038,000000000000,First Aid Sign,Office and Facility Signs,EA,3,1,12.52,37.56,D,12.73,38.19, $0.21 ,DEPARTMENT OF COMMERCE,,No,No,NO,NO,NO,NO,NO,GSA ADVANTAGE,Government SmartPay Card,Standard,0.96,20910,28412,0,0,12/01/2014 ,WRIGGLESWORTH ENTERPRISES,GS-23F-BA014
LGAKN42565L,11/21/2014,AEROFLEX,310AC11812,19NF59,000000000000,"Pipe Insulation,1-1/8 In. ID,6 ft. L,Bl",Pipe Insulation,EA,30,1,6.5,195,D,6.61,198.3, $0.11 ,Department of Agriculture,,No,No,NO,NO,NO,NO,NO,GSA ADVANTAGE,Government SmartPay Card,Standard,30,54541,28412,0,0,12/01/2014 ,WRIGGLESWORTH ENTERPRISES,GS-23F-BA014
32152755SF065,11/21/2014,ENCON,05058201,9GEL3,000000000000,"Prot Goggles,Antfg,Clr",Letters and Numbers,EA,100,1,9.27,927,D,9.42,942, $0.15 ,DEPARTMENT OF HOMELAND SECURITY,,No,No,NO,NO,NO,NO,NO,GSA ADVANTAGE,Government SmartPay Card,Standard,500,28401,28412,0,0,12/8/2014,WRIGGLESWORTH ENTERPRISES,GS-23F-BA014
3214334SYZ002,11/21/2014,3M,021007,19TK36,000000000000,"Carabiner,Auto-Lock,Alloy Steel,5000 lb.",Carabiners,EA,6,1,38.42,230.52,D,39.07,234.42, $0.65 ,DEPARTMENT OF HOMELAND SECURITY,,No,No,NO,NO,NO,NO,NO,GSA ADVANTAGE,Government SmartPay Card,Standard,3.42,98315,28412,0,0,12/3/2014,WRIGGLESWORTH ENTERPRISES,GS-23F-BA014
LGAKN43000L,11/21/2014,SUREFIRE,6PXDCBK,19YL57,000000000000,"Defender Flashlight,LED,Black",Handheld Flashlights,EA,2,1,174.61,349.22,D,177.58,355.16, $2.97 ,DEPARTMENT OF THE ARMY,,No,No,NO,NO,NO,NO,NO,GSA ADVANTAGE,Government SmartPay Card,Standard,0.7,73503,28412,0,0,12/1/2014,WRIGGLESWORTH ENTERPRISES,GS-23F-BA014
LGAKN42639L,11/21/2014,PAC STRAPPING PRODUCTS,S50A,2CXP4,000000000000,"Strapping Seal,5/8 In.,Open,PK1000",Strapping Seals and Buckles,PK,1,1000,41.5,41.5,D,42.2,42.2, $0.70 ,DEPARTMENT OF THE AIR FORCE,,No,No,NO,NO,NO,NO,NO,GSA ADVANTAGE,Government SmartPay Card,Standard,13.09,45433,28412,0,0, 11/26/2014,WRIGGLESWORTH ENTERPRISES,GS-23F-BA014
LGAKN42648L,11/21/2014,DURACELL,PC1500BKD,5LE23,000000000000,"Battery,AA,Alkaline,PK 24",Standard Batteries,PK,15,1,6.92,103.8,D,7.21,108.15, $0.29 ,DEPARTMENT OF THE ARMY,,H132,No,NO,NO,NO,NO,NO,GSA ADVANTAGE,Government SmartPay Card,Standard,0,30060,28412,0,0,11/25/2014,WRIGGLESWORTH ENTERPRISES,GS-23F-BA014
LGAKN42836L,11/21/2014,GREENLEE COMMUNICATIONS,701KG,6JJH7,000000000000,"Tone Generator and Probe Kit, VDV",Test Equipment,EA,1,1,145.97,145.97,D,148.46,148.46, $2.49 ,DEPARTMENT OF THE ARMY,,No,No,NO,NO,NO,NO,NO,GSA ADVANTAGE,Government SmartPay Card,Standard,0.95,76544,28412,0,0,11/26/2014,WRIGGLESWORTH ENTERPRISES,GS-23F-BA014
LGAKN42940L,11/21/2014,HAZARD COMMUNICATION,ERG0018,18D231,000000000000,"Emergency Response Guide,2012,Book",Reference Books,EA,10,1,13.24,132.4,D,13.46,134.6, $0.22 ,DEPARTMENT OF COMMERCE,,No,No,NO,NO,NO,NO,NO,GSA ADVANTAGE,Government SmartPay Card,Standard,8.7,97365,28412,0,0,12/1/2014,WRIGGLESWORTH ENTERPRISES,GS-23F-BA014
LGAKN43447L,11/21/2014,BELL & GOSSETT,SERIES100,4RD16,000000000000,"Hot Water Circulator Pump,100 Series",Circulator Controls,EA,1,1,382.3,382.3,D,388.79,388.79, $6.49 ,DEPARTMENT OF THE NAVY,,No,No,NO,NO,NO,NO,NO,GSA ADVANTAGE,Government SmartPay Card,Standard,20.1,98314,28412,0,0,11/28/2014,WRIGGLESWORTH ENTERPRISES,GS-23F-BA014
MPN-E-5J714-5M,11/21/2014,STRANCO INC,DWRSINGLE83,30WZ19,000000000000,"Die Cut Number Label,3",Letters and Numbers,EA,12,1,9.68,116.16,D,9.85,118.2, $0.17 ,GENERAL SERVICES ADMINISTRATION,,No,No,NO,NO,NO,NO,NO,FAX,Government SmartPay Card,Standard,0.36,08641,28412,0,0,12/12/2014,WRIGGLESWORTH ENTERPRISES,GS-23F-BA014
MPN-E-5J713-5M,11/21/2014,STRANCO INC,DWRSINGLE82,30WZ18,000000000000,"Die Cut Number Label,2",Letters and Numbers,EA,12,1,9.68,116.16,D,9.85,118.2, $0.17 ,GENERAL SERVICES ADMINISTRATION,,No,No,NO,NO,NO,NO,NO,FAX,Government SmartPay Card,Standard,0.36,08641,28412,0,0,12/12/2014,WRIGGLESWORTH ENTERPRISES,GS-23F-BA014
L53382,11/24/2014,FIRST ALERT,SA511BWWG,48Z669,000000000000,"Smoke Alarm,Wireless Battery",Carbon Monoxide and Smoke Detectors,EA,2,1,78.42,156.84,D,79.75,159.5, $1.33 ,DEPARTMENT OF VETERANS AFFAIRS,,No,No,NO,NO,NO,NO,NO,FAX,Government SmartPay Card,Standard,1.32,32025,28412,0,0,11/26/2014,WRIGGLESWORTH ENTERPRISES,GS-23F-BA014
L53387,11/24/2014,FIRST ALERT,SA511BWWG,48Z669,000000000000,"Smoke Alarm,Wireless Battery",Carbon Monoxide and Smoke Detectors,EA,2,1,78.42,156.84,D,79.75,159.5, $1.33 ,DEPARTMENT OF VETERANS AFFAIRS,,No,No,NO,NO,NO,NO,NO,FAX,Government SmartPay Card,Standard,1.32,32025,28412,0,0,11/26/2014,WRIGGLESWORTH ENTERPRISES,GS-23F-BA014
LGAKN44561L,11/24/2014,DURACELL,DL303357BPK,2HYJ2,000000000000,"Button Cell Battery,303/357,Silver Oxide",Specialty Batteries,EA,10,1,2.64,26.4,D,2.69,26.9, $0.05 ,DEPARTMENT OF HEALTH AND HUMAN SERVICES,,No,No,NO,NO,NO,NO,NO,GSA ADVANTAGE,Government SmartPay Card,Standard,1.5,20993,28412,0,0,11/24/2014,WRIGGLESWORTH ENTERPRISES,GS-23F-BA014
LGAKN44682L,11/24/2014,LYLE,U11002RD10X7,24WT21,000000000000,"Notice Sign,10x7 In.,English",Security Signs,EA,28,1,11.07,309.96,D,11.26,315.28, $0.19 ,DEPARTMENT OF THE AIR FORCE,,No,No,NO,NO,NO,NO,NO,GSA ADVANTAGE,Government SmartPay Card,Standard,4.76,78236,28412,0,0,12/3/2014,WRIGGLESWORTH ENTERPRISES,GS-23F-BA014
LGAKN44722L,11/24/2014,BROTHER,TZe131,13C481,000000000000,"Label Tape,Black/Clear,26-1/5 ft. L",Label Maker Tapes,EA,2,1,20.55,41.1,D,20.9,41.8, $0.35 ,DEPARTMENT OF HOMELAND SECURITY,,No,No,NO,NO,NO,NO,NO,GSA ADVANTAGE,Government SmartPay Card,Standard,0.32,06320,28412,0,0,12/2/2014,WRIGGLESWORTH ENTERPRISES,GS-23F-BA014
CRAW15045H,11/24/2014,MANITOWOC,K00374,10l491,000000000000,"Cartridge,For SM-50A",Direct Connect Filter Cartridges,EA,2,1,58.95,117.9,D,59.95,119.9, $1.00 ,Department of Agriculture,,No,No,NO,NO,NO,NO,NO,GSA ADVANTAGE,Government SmartPay Card,Standard,1.5,25430,28412,0,0,12/03/2014 ,WRIGGLESWORTH ENTERPRISES,GS-23F-BA014
LGAKN47018L,11/25/2014,ULTRATECH,1840,30KD76,000000000000,"Ultra-Sidewinder,Large 3 ft. System,ABS",Wire and Cable Protection,EA,4,1,191.62,766.48,D,194.87,779.48, $3.25 ,DEPARTMENT OF THE ARMY,,No,No,NO,NO,NO,NO,NO,GSA ADVANTAGE,Government SmartPay Card,Standard,40.6,36362,28412,0,0,12/05/2014 ,WRIGGLESWORTH ENTERPRISES,GS-23F-BA014
L53776,11/25/2014,FIRST ALERT,SA511BWWG,48Z669,000000000000,"Smoke Alarm,Wireless Battery",Carbon Monoxide and Smoke Detectors,EA,2,1,78.42,156.84,D,79.75,159.5, $1.33 ,DEPARTMENT OF VETERANS AFFAIRS,,No,No,NO,NO,NO,NO,NO,GSA ADVANTAGE,Government SmartPay Card,Standard,1.32,32025,28412,0,0,12/01/2014 ,WRIGGLESWORTH ENTERPRISES,GS-23F-BA014
LGAKN49695L,11/25/2014,SQUARE D,9013FSG2J24P,2PXY7,000000000000,"Pressure Switch,DPST,40/60 psi,1/4"" FNPS",Pressure and Vacuum Switches,EA,1,1,28.35,28.35,D,28.84,28.84, $0.49 ,Department of the Interior,,No,No,NO,NO,NO,NO,NO,GSA ADVANTAGE,Government SmartPay Card,Standard,0.9,95318,28412,0,0, 12/10/2014,WRIGGLESWORTH ENTERPRISES,GS-23F-BA014
LGAKN05926L,11/25/2014,UEI TEST INSTRUMENTS,DTK2,30PJ78,000000000000,"Digital Thermometer, LCD",Circuit Tracers,EA,1,1,100.06,100.06,D,101.76,101.76, $1.70 ,DEPARTMENT OF THE AIR FORCE,,No,No,NO,NO,NO,NO,NO,GSA ADVANTAGE,Government SmartPay Card,Standard,0.69,96328,28412,0,0,,WRIGGLESWORTH ENTERPRISES,GS-23F-BA014
LGAKN44044L,11/25/2014,ENERPAC,G2513L,46C565,000000000000,"Pressure Gauge,0 to 600 psi,2-1/2In",Pressure and Vacuum Gauges,EA,3,1,89.22,267.66,D,90.73,272.19, $1.51 ,DEPARTMENT OF THE NAVY,,No,No,NO,NO,NO,NO,NO,GSA ADVANTAGE,Government SmartPay Card,Standard,1.65,09834,28412,0,0,12/9/2014,WRIGGLESWORTH ENTERPRISES,GS-23F-BA014
LGAKN45098L,11/25/2014,SUNNEX,CS2050C,5ERZ4,000000000000,"Surgical Exam Light,Halogen,Ceiling,105W",Medical Lighting,EA,1,1,2290.02,2290.02,D,2328.93,2328.93, $38.91 ,DEPARTMENT OF VETERANS AFFAIRS,,No,No,NO,NO,NO,NO,NO,GSA ADVANTAGE,Government SmartPay Card,Standard,52,35404,28412,0,0,12/4/2014,WRIGGLESWORTH ENTERPRISES,GS-23F-BA014
LGAKN52425L,11/26/2014,DUPONT,9998000000000000,29ER19,000000000000,"Self Test Device,Tychem(R) Level suits",Chemical Resistant and Disposable Clothing Accessories,EA,1,1,48.94,48.94,D,49.77,49.77, $0.83 ,DEPARTMENT OF HOMELAND SECURITY,,No,No,NO,NO,NO,NO,NO,GSA ADVANTAGE,Government SmartPay Card,Standard,3.58,27909,28412,0,0,,WRIGGLESWORTH ENTERPRISES,GS-23F-BA014
LGAKN51577L,11/26/2014,COMMAND,17081,5MVK3,000000000000,"Medium Designer Hook,L 3 1/8 In.,Pk 2",Hooks,PK,59,2,4.57,269.63,D,4.64,273.76, $0.07 ,DEPARTMENT OF THE NAVY,,No,No,NO,NO,NO,NO,NO,GSA ADVANTAGE,Government SmartPay Card,Standard,162.25,20509,28412,0,0,12/4/2014,WRIGGLESWORTH ENTERPRISES,GS-23F-BA014
LGAKN51196L,11/26/2014,CONDOR,22KA62,22KA62,000000000000,"Chem Resist Glove,PVC,12 In,L,Red,PR",Chemical Resistant Gloves,PR,15,1,7.47,112.05,D,7.6,114, $0.13 ,DEPARTMENT OF THE AIR FORCE,,No,No,NO,NO,NO,NO,NO,GSA ADVANTAGE,Government SmartPay Card,Standard,84.75,65305,28412,0,0,12/4/2014,WRIGGLESWORTH ENTERPRISES,GS-23F-BA014
SCF20015V0025,11/26/2014,JOHN GUEST,PPSV011223W,4hn34,000000000000,"1/4-Turn Stop,3/8 In PF x MNPT,5 PK",Water Supply Stops,PK,19,5,84.8,1611.2,D,86.24,1638.56, $1.44 ,DEPARTMENT OF STATE,,No,No,NO,NO,NO,NO,NO,GSA ADVANTAGE,Government SmartPay Card,Standard,11.4,20521,28412,0,0,12/5/2014,WRIGGLESWORTH ENTERPRISES,GS-23F-BA014
LGAKN53205L,11/26/2014,DURACELL,MN16RT4Z,2HYJ7,000000000000,"Battery,Alkaline,9V,PK 4",Standard Batteries,PK,3,1,11.31,33.93,D,11.78,35.34, $0.47 ,Department of Agriculture,,H138,No,NO,NO,NO,NO,NO,GSA ADVANTAGE,Government SmartPay Card,Standard,9,85364,28412,0,0, 12/4/2014 ,WRIGGLESWORTH ENTERPRISES,GS-23F-BA014
LGAKN53381L,11/26/2014,AIR HANDLER,1W709,1W709,000000000000,"Pipe Wrap,1/2 In. T,3 In W x 35 ft",Bin Shelving,EA,12,1,7.07,84.84,D,7.19,86.28, $0.12 ,DEPARTMENT OF THE NAVY,,No,No,NO,NO,NO,NO,NO,GSA ADVANTAGE,Government SmartPay Card,Standard,66.6,22134,28412,0,0,12/4/2014,WRIGGLESWORTH ENTERPRISES,GS-23F-BA014
LGAKN54732L,11/29/2014,G-OIL,1164,19A883,000000000000,"Full Synthetic Engine Oil,5W-30,5.1 Qt.",Engine and Motor Oils,EA,2,1,57.6,115.2,D,58.58,117.16, $0.98 ,DEPARTMENT OF THE NAVY,,No,No,NO,NO,NO,NO,NO,GSA ADVANTAGE,Government SmartPay Card,Standard,20.6,76127,28412,0,0,12/4/2014,WRIGGLESWORTH ENTERPRISES,GS-23F-BA014
,,,,,,,,,,,,,,,,,,,,,,,,,,,,,,,,,,,,
