Ord_num,Ord_date,Mfr_Name,Mfr_Part_No,Contractor_Part_No,UPC-A,Prod_Descr,PSC_Code,UNSPSC_Code,SubCategory,UOI,Qty,Items_Sold,BPA_Price,BPA_Ext_Price,Dbt_Crt_ind,MAS_Price,MAS_Ext_Price,Disc_Amt,Cust_Agency,Sub_Agency,Mkt_Basket_Flag,Ref_ID,AbilityOne_Flag,CPG_Ind,BioPreferred_Ind,Sales_Ch,Pay_Method,Dlvry_Method,Ship_Wt,To_Zip_Code,From_Zip_Code,Frgt_Charge,Suppl_Fee,Fulfill_Date,Contr_Name,Contr_No
MGAKM88018M,10292014,CORONA CLIPPER,FS 4350,CS7306-DNB4LH,038313002176,"CORONA CLIPPER # FS 4350 - 1 EA by UPS/FedExGd, Thinning Shear, Forged Coronium",Outdoor,EA,2,2,21.99,43.98,D,25.73,51.46,3.74,Department of Agriculture,"Other, not listed",No,No,No,No,No,No,No,GSA Advantage,Employee Credit Card,Standard,1.32,69033,25428,0,0,11012014,"Capitol Supply, Inc.",GS-23F-BA005
MGAKM88018M,10292014,DUTTON LAIN,DUT400,CS4635084-DN2BJZ,085077565607,"DUTTON LAIN # 400 - 1 EA by UPS/FedExGd, FENCE STRETCHER, The Manufacturer is d",Outdoor,EA,2,2,34.14,68.28,D,39.94,79.88,5.8,Department of Agriculture,"Other, not listed",No,No,No,No,No,No,No,GSA Advantage,Employee Credit Card,Standard,16.9,69033,25428,0,0,11012014,"Capitol Supply, Inc.",GS-23F-BA005
MGAKM88018M,10292014,CORONA CLIPPER,GS 6750-X6,CS13229509-LK8JLL,038313000059,"CORONA CLIPPER # GS 6750 - 6 EA by UPS/FedExGd, Professional Grass Shear, Sciss",Outdoor,BD,1,1,86.84,86.84,D,101.6,101.6,14.76,Department of Agriculture,"Other, not listed",No,No,No,No,No,No,No,GSA Advantage,Employee Credit Card,Standard,1.1,69033,80239,0,0,11022014,"Capitol Supply, Inc.",GS-23F-BA005
MGAKM89524M,10292014,MARTIN WHEEL,ZP1102RT-2O2,CS12357554-JDG94J,098663054997,"MARTIN WHEEL # ZP1102RT-2O2 - 1 EA by UPS/FedExGd, WHEEL HD PLY RIB TREAD OSBBH",Outdoor,EA,2,2,18.35,36.7,D,21.47,42.94,3.12,Department of the Air Force,"Other, not listed",No,No,No,No,No,No,No,GSA Advantage,Employee Credit Card,Standard,11.6,44903,25428,0,0,11012014,"Capitol Supply, Inc.",GS-23F-BA005
MGAKM90487M,10302014,DURACELL,DURMN1500B16,CS8575076-LCZ43R,041333704647,"AA Alkaline Batteries, 1.5 V, 16-pack Count Delivery by UPS GROUND",MARKET BASKET - Hardware,PK,3,3,10.63,31.89,D,11.99,35.97,1.36,Social Security Administration,"Other, not listed",Yes,No,No,No,No,No,No,GSA Advantage,Employee Credit Card,Standard,3,23005,21076,0,0,11012014,"Capitol Supply, Inc.",GS-23F-BA005
MGAKM92169M,10302014,ENERGIZER,EVEE91SBP24H,CS9760498-F49FLR,039800475572,"AA Alkaline Batteries, 1.5 V, 24-Pack Count Delivery by UPS GROUND",MARKET BASKET - Hardware,PK,2,128,13.54,27.08,D,16.95,33.9,3.41,Department of Education,"Other, not listed",Yes,No,No,No,No,No,No,GSA Advantage,Employee Credit Card,Standard,3,94105,,0,0,11012014,"Capitol Supply, Inc.",GS-23F-BA005
MGAKM94845M,10312014,NIB,6515001376345,CS9832296-F8Z6Y2,000000000000,"AbilityOne Item 6515001376345: Earplugs, 2-Color, 200/box Delivery by UPS GROUND",MARKET BASKET - Hardware,BX,1,1,29.18,29.18,D,32.88,32.88,3.7,Department of the Interior,"Other, not listed",Yes,Yes,No,No,No,No,No,GSA Advantage,Employee Credit Card,Standard,0,56101,,0,0,11012014,"Capitol Supply, Inc.",GS-23F-BA005
MGAKM48294M,10072014,VORNADO FANS,CR1-0089-16,CS7118310-DNPW7H,043765004555,"VORNADO FANS # CR1-0089-16 - 1 EA by UPS/FedExGd, 293HD, Heavy Duty, Shop Fan, ",HVAC,EA,5,5,116.13,580.65,D,137.24,686.2,21.11,Department of the Navy,"Other, not listed",No,No,No,No,No,No,No,GSA Advantage,Employee Credit Card,Standard,72.5,60193,25428,0,0,11042014,"Capitol Supply, Inc.",GS-23F-BA005
MGAKM99320M,11032014,SOLAR GROUP,ST200000,CS7753448-DD1X7L,046462100223,"SOLAR GROUP # ST200000 - 1 EA by UPS/FedExGd, Silver Gray, Jumbo T3 Ribbed Galv",MRO Supplies,EA,1,1,39.96,39.96,D,46.75,46.75,6.79,Department of Agriculture,"Other, not listed",No,No,No,No,No,No,No,GSA Advantage,Employee Credit Card,Standard,11.4,65622,25428,0,0,11062014,"Capitol Supply, Inc.",GS-23F-BA005
695R53076,11042014,SYLVANIA,SYL36010,CS8546410-DHFT7T,046135360107,"SYLVANIA # 36010 - 1 EA by UPS/FedExGd, DOT IT SILVER LED LIGHT, The Manufactur",Electrical,EA,3,3,11.9,35.7,D,13.92,41.76,2.02,Department of Veterans Affairs,"Other, not listed",No,No,No,No,No,No,No,GSA Advantage,Employee Credit Card,Standard,0.7,54311,25428,0,0,11062014,"Capitol Supply, Inc.",GS-23F-BA005
MGAKN19669M,11132014,3M,3111252,CS12846738-JPR1FR,080529110350,"3M # 3111252 - 1 BOX , NAPA MMM3111252 by UPS/FedExGd, Safety Ear Plugs, The Ma",MARKET BASKET - Hardware,BX,1,2,34.9,34.9,D,51.4,34.9,0,Department of Agriculture,"Other, not listed",Yes,No,No,No,No,No,No,GSA Advantage,Employee Credit Card,Standard,0,86024,,0,0,11162014,"Capitol Supply, Inc.",GS-23F-BA005
15KLS063,11132014,GILMOUR,18-58075,CS945918-F7PK1V,034411112274,"GILMOUR # 18-58075 - 1 EA by UPS/FedExGd, 18 Series, 5/8 in x 75', Rubber Hose,",Outdoor,EA,4,4,64.67,258.68,D,75.66,302.64,10.99,Department of Agriculture,"Other, not listed",No,No,No,No,No,No,No,GSA Advantage,Employee Credit Card,Standard,65.44,50010,25428,0,0,11162014,"Capitol Supply, Inc.",GS-23F-BA005
MGAKN20384M,11132014,ENERGIZER,EVEE91SBP24H,CS9760498-F49FLR,039800475572,"AA Alkaline Batteries, 1.5 V, 24-Pack Count Delivery by UPS GROUND",MARKET BASKET - Hardware,PK,2,128,13.54,27.08,D,16.95,33.9,3.41,Department of Health and Human Services,"Other, not listed",Yes,No,No,No,No,No,No,GSA Advantage,Employee Credit Card,Standard,3,94502,,0,0,11222014,"Capitol Supply, Inc.",GS-23F-BA005
MGAKN20890M,11132014,EPT  EMERSON POWER,1089358,CS8477409-D2JF5W,000000000000,"EPT EMERSON POWER # 1089358 - 1 EA , P33-336 by UPS/FedExGd, , 1089358 AX36 BEL",HVAC,EA,4,4,7.32,29.28,D,8.57,34.28,1.25,Department of Agriculture,"Other, not listed",No,No,No,No,No,No,No,GSA Advantage,Employee Credit Card,Standard,0.8,02542,,0,0,11182014,"Capitol Supply, Inc.",GS-23F-BA005
MGAKN21023M,11132014,ENERGIZER,EVEE91SBP24H,CS9760498-F49FLR,039800475572,"AA Alkaline Batteries, 1.5 V, 24-Pack Count Delivery by UPS GROUND",MARKET BASKET - Hardware,PK,2,128,13.54,27.08,D,16.95,33.9,3.41,Department of Homeland Security,"Other, not listed",Yes,No,No,No,No,No,No,GSA Advantage,Employee Credit Card,Standard,3,60155,46268,0,0,11142014,"Capitol Supply, Inc.",GS-23F-BA005
MGAKN20947M,11132014,ENERGIZER,EVEEN92,CS58957-XBHK,039800019202,"AAA Alkaline Batteries, 1.5V, 24-Pack Count Delivery by UPS GROUND",MARKET BASKET - Hardware,PK,4,4,7.92,31.68,D,8.93,35.72,1.01,Department of Justice,"Other, not listed",Yes,No,No,No,No,No,No,GSA Advantage,Employee Credit Card,Standard,2.64,24011,,0,0,11142014,"Capitol Supply, Inc.",GS-23F-BA005
QNE381,11142014,DANCO COMPANY,35752B-X5,CS8505451-F41VKK,037155357529,"DANCO COMPANY # 35752B - 5 EA by UPS/FedExGd, #38 O-RING BAG, The Manufacturer ",Plumbing,BD,4,4,6.99,27.96,D,8.18,32.72,1.19,Department of Homeland Security,"Other, not listed",No,No,No,No,No,No,No,GSA Advantage,Employee Credit Card,Standard,0.04,08204,25428,0,0,11192014,"Capitol Supply, Inc.",GS-23F-BA005
MGAKN22368M,11132014,HONEYWELL,PP901A1004/U,CS13917977-L2TFLD,000000000000,"HONEYWELL # PP901A1004/U - 1 EA , L39-884 by UPS/FedExGd, Pressure Reducing Val",HVAC,EA,2,2,159.48,318.96,D,186.6,373.2,27.12,Department of Veterans Affairs,"Other, not listed",No,No,No,No,No,No,No,GSA Advantage,Employee Credit Card,Standard,3.7,66622,,0,0,11182014,"Capitol Supply, Inc.",GS-23F-BA005
MGAKN23116M,11142014,EVEREADY BATTERY,EN22-X72,CS757651-GL657N,039800019127,"EVEREADY BATTERY # EN22 - 72 EA OF ( 12 EA) , G22-719 by UPS/FedExGd, Replaceme",HVAC,BD,2,2,112.88,225.76,D,132.07,264.14,19.19,Department of Homeland Security,"Other, not listed",No,No,No,No,No,No,No,GSA Advantage,Employee Credit Card,Standard,0.2,02222,,0,0,11182014,"Capitol Supply, Inc.",GS-23F-BA005
MGAKN23701M,11142014,ENERGIZER,EVEE91SBP24H,CS9760498-F49FLR,039800475572,"AA Alkaline Batteries, 1.5 V, 24-Pack Count Delivery by UPS GROUND",MARKET BASKET - Hardware,PK,2,128,13.54,27.08,D,16.95,33.9,3.41,Department of State,"Other, not listed",Yes,No,No,No,No,No,No,GSA Advantage,Employee Credit Card,Standard,3,33309,33167,0,0,11152014,"Capitol Supply, Inc.",GS-23F-BA005
MGAKN23344M,11142014,ENERGIZER,EVEE91SBP24H,CS9760498-F49FLR,039800475572,"AA Alkaline Batteries, 1.5 V, 24-Pack Count Delivery by UPS GROUND",MARKET BASKET - Hardware,PK,2,128,13.54,27.08,D,16.95,33.9,3.41,Office of the Secretary of Defense,"Other, not listed",Yes,No,No,No,No,No,No,GSA Advantage,Employee Credit Card,Standard,3,13669,13057,0,0,11152014,"Capitol Supply, Inc.",GS-23F-BA005
MGAKN24288M,11142014,ENERGIZER,EVEE91SBP24H,CS9760498-F49FLR,039800475572,"AA Alkaline Batteries, 1.5 V, 24-Pack Count Delivery by UPS GROUND",MARKET BASKET - Hardware,PK,6,128,13.54,81.24,D,16.95,101.7,3.41,Department of the Interior,"Other, not listed",Yes,No,No,No,No,No,No,GSA Advantage,Employee Credit Card,Standard,9,95988,95838,0,0,11152014,"Capitol Supply, Inc.",GS-23F-BA005
MGAKN24156M,11142014,ENERGIZER,EVEE91SBP24H,CS9760498-F49FLR,039800475572,"AA Alkaline Batteries, 1.5 V, 24-Pack Count Delivery by UPS GROUND",MARKET BASKET - Hardware,PK,2,128,13.54,27.08,D,16.95,33.9,3.41,Department of the Army,"Other, not listed",Yes,No,No,No,No,No,No,GSA Advantage,Employee Credit Card,Standard,3,46241,46268,0,0,11152014,"Capitol Supply, Inc.",GS-23F-BA005
MGAKN25318M,11142014,ENERGIZER,EVEE91SBP24H,CS9760498-F49FLR,039800475572,"AA Alkaline Batteries, 1.5 V, 24-Pack Count Delivery by UPS GROUND",MARKET BASKET - Hardware,PK,3,128,13.54,40.62,D,16.95,50.85,3.41,Department of Agriculture,"Other, not listed",Yes,No,No,No,No,No,No,GSA Advantage,Employee Credit Card,Standard,4.5,57701,80204,0,0,11152014,"Capitol Supply, Inc.",GS-23F-BA005
MGAKN25367M-5R0496,11142014,ENERGIZER,EVEE91SBP24H,CS9760498-F49FLR,039800475572,"AA Alkaline Batteries, 1.5 V, 24-Pack Count Delivery by UPS GROUND",MARKET BASKET - Hardware,PK,2,128,13.54,27.08,D,16.95,33.9,3.41,Department of Veterans Affairs,"Other, not listed",Yes,No,No,No,No,No,No,GSA Advantage,Employee Credit Card,Standard,3,01053,03063,0,0,11182014,"Capitol Supply, Inc.",GS-23F-BA005
MGAKN37719M,11202014,SPERIAN/BACOU,32-001050-0000,CS7126099-CRXZ39,364809420132,"SPERIAN/BACOU # 32-001050-0000 - 1 SET by UPS/FedExGd, PUREFLOW FLUID CARTRIDGE",Safety,ST,2,2,137.58,275.16,D,160.97,321.94,23.39,Department of the Air Force,"Other, not listed",No,No,No,No,No,No,No,GSA Advantage,Employee Credit Card,Standard,0,51111,,0,0,11242014,"Capitol Supply, Inc.",GS-23F-BA005
R51651,11202014,RUBBERMAID,RCP264000BK,CS78564-C4ZDH,086876015492,"5-Wheel Round Dolly, 20-55 gal. Capacity Delivery by UPS GROUND",MARKET BASKET - Hardware,EA,22,22,35.51,781.22,D,40.42,889.24,4.91,Department of Veterans Affairs,"Other, not listed",Yes,No,No,No,No,No,No,GSA Advantage,Employee Credit Card,Standard,130.9,17042,21076,0,0,11252014,"Capitol Supply, Inc.",GS-23F-BA005
MGAKN38675M,11202014,3M,3111252,CS12846738-JPR1FR,080529110350,"3M # 3111252 - 1 BOX , NAPA MMM3111252 by UPS/FedExGd, Safety Ear Plugs, The Ma",MARKET BASKET - Hardware,BX,1,2,34.9,34.9,D,51.4,34.9,0,Department of the Army,"Other, not listed",Yes,No,No,No,No,No,No,GSA Advantage,Employee Credit Card,Standard,0,54626,,0,0,11242014,"Capitol Supply, Inc.",GS-23F-BA005
MGAKN39455M,11202014,EVEREADY BATTERY,EVEE91BP4,CS8591028-DPS8SR,039800011329,Lithium AA Batteries 4-pack Count Delivery by UPS GROUND,MARKET BASKET - Hardware,PK,10,55,2.59,25.9,D,3.26,32.6,0.67,Department of the Air Force,"Other, not listed",Yes,No,No,No,No,No,No,GSA Advantage,Employee Credit Card,Standard,0.91,44473,,0,0,11242014,"Capitol Supply, Inc.",GS-23F-BA005
MGAKN38794M,11202014,MASTER,3KALF-3210,CS15835-TG1BBV,071649025709,"MASTER # 3KALF-3210 - 1 EA by UPS/FedExGd, 1-1/2 in Laminated Padlock With Keye",MRO Supplies,EA,5,5,8.73,43.65,D,10.21,51.05,1.48,Department of Agriculture,"Other, not listed",No,No,No,No,No,No,No,GSA Advantage,Employee Credit Card,Standard,2.45,74074,25428,0,0,11252014,"Capitol Supply, Inc.",GS-23F-BA005
MGAKN38929M,11202014,HILLMAN FASTENERS,122642-X6,CS7747557-DWKG95,038902679642,"HILLMAN FASTENERS # 122642 - 6 EA by UPS/FedExGd, 16 Pack, Red, Push Pins, The ",MRO Supplies,BD,7,7,3.79,26.53,D,4.44,31.08,0.65,Department of Homeland Security,United States Coast Guard,No,No,No,No,No,No,No,GSA Advantage,Employee Credit Card,Standard,0.35,87109,,0,0,11262014,"Capitol Supply, Inc.",GS-23F-BA005
MGAKN43123M,11212014,ENERGIZER,EVEE91SBP24H,CS9760498-F49FLR,039800475572,"AA Alkaline Batteries, 1.5 V, 24-Pack Count Delivery by UPS GROUND",MARKET BASKET - Hardware,PK,3,128,13.54,40.62,D,16.95,50.85,3.41,Department of the Interior,"Other, not listed",Yes,No,No,No,No,No,No,GSA Advantage,Employee Credit Card,Standard,4.5,37841,30082,0,0,11222014,"Capitol Supply, Inc.",GS-23F-BA005
MGAKN43431M,11212014,RITCHIE ENG CO,49967,CS761737-TJW2V,000000000000,"RITCHIE ENG CO # 49967 - 1 EA , H26-499 by UPS/FedExGd, R22, R404A, R410A 4-VAL",HVAC,EA,2,2,158.97,317.94,D,186,372,27.03,Office of the Secretary of Defense,"Other, not listed",No,No,No,No,No,No,No,GSA Advantage,Employee Credit Card,Standard,11.8,21702,,0,0,11252014,"Capitol Supply, Inc.",GS-23F-BA005
MGAKN43584M,11212014,STANLEY,33725,CS8525212-D2VHWL,076174337259,STANLEY  33-725 - 1 CD by UPSFedExGd 25FTX1-14IN TAPE RULE The Manufacturer is ,MARKET BASKET - Hardware,EA,2,6,15.76,31.52,D,30.03,60.06,14.27,Department of Homeland Security,"Other, not listed",Yes,No,No,No,No,No,No,GSA Advantage,Employee Credit Card,Standard,2.68,90012,25428,0,0,11262014,"Capitol Supply, Inc.",GS-23F-BA005
MGAKN44378M,11242014,ENERGIZER,EVEE91SBP24H,CS9760498-F49FLR,039800475572,"AA Alkaline Batteries, 1.5 V, 24-Pack Count Delivery by UPS GROUND",MARKET BASKET - Hardware,PK,2,128,13.54,27.08,D,16.95,33.9,3.41,Department of Homeland Security,"Other, not listed",Yes,No,No,No,No,No,No,GSA Advantage,Employee Credit Card,Standard,3,38122,38141,0,0,11252014,"Capitol Supply, Inc.",GS-23F-BA005
MGAKN44843M,11242014,ENERGIZER,EVEE91SBP24H,CS9760498-F49FLR,039800475572,"AA Alkaline Batteries, 1.5 V, 24-Pack Count Delivery by UPS GROUND",MARKET BASKET - Hardware,PK,3,128,13.54,40.62,D,16.95,50.85,3.41,Department of Agriculture,"Other, not listed",Yes,No,No,No,No,No,No,GSA Advantage,Employee Credit Card,Standard,4.5,79414,75007,0,0,11252014,"Capitol Supply, Inc.",GS-23F-BA005
MGAKN44843M,11242014,EVEREADY,E92LP16,CS12878741-J8RDS3,039800108111,AA Batteries 1.5 V 20-pack Count Delivery by UPS GROUND,MARKET BASKET - Hardware,PK,3,5,11.21,33.63,D,12.64,37.92,1.43,Department of Agriculture,"Other, not listed",Yes,No,No,No,No,No,No,GSA Advantage,Employee Credit Card,Standard,2.1,79414,,0,0,11252014,"Capitol Supply, Inc.",GS-23F-BA005
MGAKN47330M,11242014,ENERGIZER,EVEE91SBP24H,CS9760498-F49FLR,039800475572,"AA Alkaline Batteries, 1.5 V, 24-Pack Count Delivery by UPS GROUND",MARKET BASKET - Hardware,PK,2,128,13.54,27.08,D,16.95,33.9,3.41,Department of the Interior,"Other, not listed",Yes,No,No,No,No,No,No,GSA Advantage,Employee Credit Card,Standard,3,93001,85009,0,0,11262014,"Capitol Supply, Inc.",GS-23F-BA005
MGAKN45195M,11242014,ENERGIZER,EVEE91SBP24H,CS9760498-F49FLR,039800475572,"AA Alkaline Batteries, 1.5 V, 24-Pack Count Delivery by UPS GROUND",MARKET BASKET - Hardware,PK,2,128,13.54,27.08,D,16.95,33.9,3.41,Department of Agriculture,"Other, not listed",Yes,No,No,No,No,No,No,GSA Advantage,Employee Credit Card,Standard,3,02542,03063,0,0,11252014,"Capitol Supply, Inc.",GS-23F-BA005
MGAKN44839M,11242014,ENERGIZER,EVEE91SBP24H,CS9760498-F49FLR,039800475572,"AA Alkaline Batteries, 1.5 V, 24-Pack Count Delivery by UPS GROUND",MARKET BASKET - Hardware,PK,4,128,13.54,54.16,D,16.95,67.8,3.41,Department of Homeland Security,"Other, not listed",Yes,No,No,No,No,No,No,GSA Advantage,Employee Credit Card,Standard,6,33767,33167,0,0,11252014,"Capitol Supply, Inc.",GS-23F-BA005
MGAKN50251M,11252014,ENERGIZER,EVEE91SBP24H,CS9760498-F49FLR,039800475572,"AA Alkaline Batteries, 1.5 V, 24-Pack Count Delivery by UPS GROUND",MARKET BASKET - Hardware,PK,3,128,13.54,40.62,D,16.95,50.85,3.41,Department of the Army,"Other, not listed",Yes,No,No,No,No,No,No,GSA Advantage,Employee Credit Card,Standard,4.5,80913,80204,0,0,11262014,"Capitol Supply, Inc.",GS-23F-BA005
MGAKN50196M,11252014,ENERGIZER,EVEE91SBP24H,CS9760498-F49FLR,039800475572,"AA Alkaline Batteries, 1.5 V, 24-Pack Count Delivery by UPS GROUND",MARKET BASKET - Hardware,PK,4,128,13.54,54.16,D,16.95,67.8,3.41,Department of Justice,"Other, not listed",Yes,No,No,No,No,No,No,GSA Advantage,Employee Credit Card,Standard,6,17837,08057,0,0,11262014,"Capitol Supply, Inc.",GS-23F-BA005
MGAKN26283M,11172014,ENERGIZER,EVEE91SBP24H,CS9760498-F49FLR,039800475572,"AA Alkaline Batteries, 1.5 V, 24-Pack Count Delivery by UPS GROUND",MARKET BASKET - Hardware,PK,2,128,13.54,27.08,D,16.95,33.9,3.41,Department of Transportation,"Other, not listed",Yes,No,No,No,No,No,No,GSA Advantage,Employee Credit Card,Standard,3,08405,08057,0,0,11182014,"Capitol Supply, Inc.",GS-23F-BA005
MGAKN25062M,11142014,ENERGIZER,EVEE91SBP24H,CS9760498-F49FLR,039800475572,"AA Alkaline Batteries, 1.5 V, 24-Pack Count Delivery by UPS GROUND",MARKET BASKET - Hardware,PK,3,128,13.54,40.62,D,16.95,50.85,3.41,Department of the Army,Corps of Engineers,Yes,No,No,No,No,No,No,GSA Advantage,Employee Credit Card,Standard,4.5,41144,43207,0,0,11152014,"Capitol Supply, Inc.",GS-23F-BA005
MGAKN25769M,11142014,ENERGIZER,EVEE91SBP24H,CS9760498-F49FLR,039800475572,"AA Alkaline Batteries, 1.5 V, 24-Pack Count Delivery by UPS GROUND",MARKET BASKET - Hardware,PK,2,128,13.54,27.08,D,16.95,33.9,3.41,Department of Agriculture,"Other, not listed",Yes,No,No,No,No,No,No,GSA Advantage,Employee Credit Card,Standard,3,59725,84104,0,0,11182014,"Capitol Supply, Inc.",GS-23F-BA005
MGAKN27002M,11172014,SHOP-VAC,SHO9609710,CS8582718-DPBPKZ,026282960979,"SHOP-VAC # 9609710 - 1 EA , NAPA SHV9609710 , SHO9609710 by UPS/FedExGd, Vacuum",MRO Supplies,EA,6,6,233.3,1399.8,D,275.73,1654.38,42.43,Department of the Army,"Other, not listed",No,No,No,No,No,No,No,GSA Advantage,Employee Credit Card,Standard,210,17201,,0,0,11262014,"Capitol Supply, Inc.",GS-23F-BA005
MGAKN26997M,11172014,ENERGIZER,EVEE91SBP24H,CS9760498-F49FLR,039800475572,"AA Alkaline Batteries, 1.5 V, 24-Pack Count Delivery by UPS GROUND",MARKET BASKET - Hardware,PK,2,128,13.54,27.08,D,16.95,33.9,3.41,Department of Homeland Security,United States Coast Guard,Yes,No,No,No,No,No,No,GSA Advantage,Employee Credit Card,Standard,3,92324,85009,0,0,11182014,"Capitol Supply, Inc.",GS-23F-BA005
15MGF130,11172014,LENOX,30912VB12,CS760335-TTP9J,082472309126,"LENOX # 30912VB12 - 1 EA , H24-874 by UPS/FedExGd, Vari Bit Hole Saws , 30912VB",HVAC,EA,6,6,64.44,386.64,D,75.4,452.4,10.96,Department of Agriculture,"Other, not listed",No,No,No,No,No,No,No,GSA Advantage,Employee Credit Card,Standard,1.5,50010,,0,0,11242014,"Capitol Supply, Inc.",GS-23F-BA005
MGAKN27895M,11172014,ENERGIZER,EVEE91SBP24H,CS9760498-F49FLR,039800475572,"AA Alkaline Batteries, 1.5 V, 24-Pack Count Delivery by UPS GROUND",MARKET BASKET - Hardware,PK,2,128,13.54,27.08,D,16.95,33.9,3.41,Armed Forces Retirement Home,"Other, not listed",Yes,No,No,No,No,No,No,GSA Advantage,Employee Credit Card,Standard,3,39507,70001,0,0,11182014,"Capitol Supply, Inc.",GS-23F-BA005
15-059-B162,11172014,EVEREADY BATTERY,EVEE91BP4,CS8591028-DPS8SR,039800011329,Lithium AA Batteries 4-pack Count Delivery by UPS GROUND,MARKET BASKET - Hardware,PK,45,55,2.59,116.55,D,3.26,146.7,0.67,Department of Commerce,"Other, not listed",Yes,No,No,No,No,No,No,GSA Advantage,Employee Credit Card,Standard,4.09,20899,,0,0,11192014,"Capitol Supply, Inc.",GS-23F-BA005
MGAKN28268M,11172014,ENERGIZER,EVEE91SBP24H,CS9760498-F49FLR,039800475572,"AA Alkaline Batteries, 1.5 V, 24-Pack Count Delivery by UPS GROUND",MARKET BASKET - Hardware,PK,5,128,13.54,67.7,D,16.95,84.75,3.41,Department of the Interior,"Other, not listed",Yes,No,No,No,No,No,No,GSA Advantage,Employee Credit Card,Standard,7.5,87801,85009,0,0,11182014,"Capitol Supply, Inc.",GS-23F-BA005
MGAKN28211M,11172014,NIB,6230001631856,CS71872-CJSWX,098589001013,"AbilityOne Item 6230001631856: Flashlight, Watertight Delivery by UPS GROUND",MARKET BASKET - Hardware,EA,5,5,6.06,30.3,D,6.83,34.15,0.77,Department of Commerce,"Other, not listed",Yes,Yes,No,No,No,No,No,GSA Advantage,Employee Credit Card,Standard,2.08,29405,,0,0,11272014,"Capitol Supply, Inc.",GS-23F-BA005
MGAKN28935M,11172014,HONEYWELL,T104B1038,CS763199-TJNXD,000000000000,"HONEYWELL # T104B1038 - 1 EA , L37-802 by UPS/FedExGd, Thermostatic Radiator Va",HVAC,EA,10,10,74.63,746.3,D,88.2,882,13.57,Department of Veterans Affairs,"Other, not listed",No,No,No,No,No,No,No,GSA Advantage,Employee Credit Card,Standard,6.5,66622,,0,0,11242014,"Capitol Supply, Inc.",GS-23F-BA005
MGAKN28643M,11172014,HOWARD JOHNSONS,9598,CS10015361-F1XGTL,078159333607,"HOWARD JOHNSONS # 9598 - 1 EA by UPS/FedExGd, 8LB JUG PET GUARD ICE MELT, The M",Outdoor,EA,4,4,11.67,46.68,D,13.66,54.64,1.99,Department of the Interior,"Other, not listed",No,No,No,No,No,No,No,GSA Advantage,Employee Credit Card,Standard,32,82601,25428,0,0,11192014,"Capitol Supply, Inc.",GS-23F-BA005
MGAKN30945M,11182014,DUPONT PERSONAL PROTECTION,TY120SWHXL002500,CS12143123-T4RP5X,000000000000,"DUPONT PERSONAL PROTECTION # TY120SWHXL002500 - 1 EA by UPS/FedExGd, Tyvek, 25 ",MRO Supplies,EA,2,2,98.61,197.22,D,115.38,230.76,16.77,Department of the Air Force,"Other, not listed",No,No,No,No,No,No,No,GSA Advantage,Employee Credit Card,Standard,18,85707,,0,0,11212014,"Capitol Supply, Inc.",GS-23F-BA005
MGAKN31162M,11182014,ENERGIZER,EVEE91SBP24H,CS9760498-F49FLR,039800475572,"AA Alkaline Batteries, 1.5 V, 24-Pack Count Delivery by UPS GROUND",MARKET BASKET - Hardware,PK,2,128,13.54,27.08,D,16.95,33.9,3.41,Department of the Air Force,"Other, not listed",Yes,No,No,No,No,No,No,GSA Advantage,Employee Credit Card,Standard,3,23511,08057,0,0,11192014,"Capitol Supply, Inc.",GS-23F-BA005
MGAKN31722M,11182014,DELTA FAUCET,100-DST,CS10000022-F11FC7,034449593335,"DELTA FAUCET # 100-DST - 1 EA by UPS/FedExGd, Classic Series, Chrome, Single Le",Plumbing,EA,1,11,69.87,69.87,D,81.75,81.75,11.88,Office of the Secretary of Defense,"Other, not listed",No,No,No,No,No,No,No,GSA Advantage,Employee Credit Card,Standard,4.56,21702,25428,0,0,11202014,"Capitol Supply, Inc.",GS-23F-BA005
MGAKN29188M,11182014,STANLEY,33725,CS8525212-D2VHWL,076174337259,STANLEY  33-725 - 1 CD by UPSFedExGd 25FTX1-14IN TAPE RULE The Manufacturer is ,MARKET BASKET - Hardware,EA,3,6,15.76,47.28,D,30.03,90.09,14.27,Department of the Interior,National Park Service,Yes,No,No,No,No,No,No,GSA Advantage,Employee Credit Card,Standard,4.02,94104,25428,0,0,11202014,"Capitol Supply, Inc.",GS-23F-BA005
MGAKN29170M,11182014,SHOP-VAC,9030400,CS778710-TBKFM,026282903044,"SHOP-VAC # 9030400 - 1 EA , X71-004 by UPS/FedExGd, Vacuum Cleaner Cartridge Fi",HVAC,EA,4,4,12.01,48.04,D,14.05,56.2,2.04,Department of the Interior,NATIONAL PARK SERVICE,No,No,No,No,No,No,No,GSA Advantage,Employee Credit Card,Standard,9.99,95318,,0,0,11212014,"Capitol Supply, Inc.",GS-23F-BA005
MGAKN32443M,11182014,ENERGIZER,EVEE91SBP24H,CS9760498-F49FLR,039800475572,"AA Alkaline Batteries, 1.5 V, 24-Pack Count Delivery by UPS GROUND",MARKET BASKET - Hardware,PK,2,128,13.54,27.08,D,16.95,33.9,3.41,Department of the Interior,"Other, not listed",Yes,No,No,No,No,No,No,GSA Advantage,Employee Credit Card,Standard,3,82431,84104,0,0,11192014,"Capitol Supply, Inc.",GS-23F-BA005
MGAKN34234M,11192014,REGAL BELOIT,A213,CS13955389-LHWC9L,000000000000,"REGAL BELOIT # A213 - 1 EA , X82-252 by UPS/FedExGd, , A213 1/25HP DRFT INDUCER",HVAC,EA,3,3,125.51,376.53,D,146.85,440.55,21.34,Department of Agriculture,"Other, not listed",No,No,No,No,No,No,No,GSA Advantage,Employee Credit Card,Standard,20.4,54541,,0,0,11242014,"Capitol Supply, Inc.",GS-23F-BA005
MGAKN35435M,11192014,ENERGIZER,EVEE91SBP24H,CS9760498-F49FLR,039800475572,"AA Alkaline Batteries, 1.5 V, 24-Pack Count Delivery by UPS GROUND",MARKET BASKET - Hardware,PK,4,128,13.54,54.16,D,16.95,67.8,3.41,Department of Veterans Affairs,"Other, not listed",Yes,No,No,No,No,No,No,GSA Advantage,Employee Credit Card,Standard,6,60141,49512,0,0,11202014,"Capitol Supply, Inc.",GS-23F-BA005
MGAKN31449M,11182014,NIB,8115001178249,CS71850-CJ5ZV,352550604666,"AbilityOne Item 8115001178249: Storage Box - White, 14-3/4'' x 12'' x 9-1/2'', ",MARKET BASKET - Hardware,EA,2,100,53.78,107.56,D,60.62,121.24,6.84,Department of Justice,"Other, not listed",Yes,Yes,No,No,No,No,No,GSA Advantage,Employee Credit Card,Standard,80,22314,79936,0,0,11242014,"Capitol Supply, Inc.",GS-23F-BA005
MGAKN32799M,11182014,ENERGIZER,EVEE91SBP24H,CS9760498-F49FLR,039800475572,"AA Alkaline Batteries, 1.5 V, 24-Pack Count Delivery by UPS GROUND",MARKET BASKET - Hardware,PK,2,128,13.54,27.08,D,16.95,33.9,3.41,Department of Agriculture,"Other, not listed",Yes,No,No,No,No,No,No,GSA Advantage,Employee Credit Card,Standard,3,59917,84104,0,0,11192014,"Capitol Supply, Inc.",GS-23F-BA005
MGAKN32756M,11182014,ENERGIZER,EVEE91SBP24H,CS9760498-F49FLR,039800475572,"AA Alkaline Batteries, 1.5 V, 24-Pack Count Delivery by UPS GROUND",MARKET BASKET - Hardware,PK,4,128,13.54,54.16,D,16.95,67.8,3.41,Department of the Interior,National Park Service,Yes,No,No,No,No,No,No,GSA Advantage,Employee Credit Card,Standard,6,82431,84104,0,0,11192014,"Capitol Supply, Inc.",GS-23F-BA005
MGAKN33788M,11192014,G E LIGHTING,97608-X10,CS7114536-DWC54F,043168976084,"G E LIGHTING # 97608 - 10 EA by UPS/FedExGd, GE, F26DBX/835/ECO, CFL 26W, Plug ",Electrical,BD,1,1,69.18,69.18,D,80.94,80.94,11.76,Department of the Interior,"Other, not listed",No,No,No,No,Yes,No,No,GSA Advantage,Employee Credit Card,Standard,0.23,05091,03103,0,0,11232014,"Capitol Supply, Inc.",GS-23F-BA005
MGAKN33788M,11192014,NIB,6230015132663,CS8730855-TJ13T5,000000000000,AbilityOne Item 6230015132663: Flashlight Delivery by UPS GROUND,MARKET BASKET - Hardware,EA,2,6,10.37,20.74,D,11.69,23.38,1.32,Department of the Interior,"Other, not listed",Yes,Yes,No,No,No,No,No,GSA Advantage,Employee Credit Card,Standard,0,05091,,0,0,11202014,"Capitol Supply, Inc.",GS-23F-BA005
MGAKN35739M,11192014,HONEYWELL,RF9999-3-X4,CS14037438-LSM4KD,723987005454,"HONEYWELL # RF9999-3 - 4 EA by UPS/FedExGd, Pur, 3 Pack, 3 Stage Filter, For Fa",Plumbing,BD,2,2,129.46,258.92,D,151.47,302.94,22.01,Department of the Air Force,"Other, not listed",No,No,No,No,No,No,No,GSA Advantage,Employee Credit Card,Standard,2.2,73145,,0,0,11232014,"Capitol Supply, Inc.",GS-23F-BA005
MGAKN35693M,11192014,SPARCO,SPR56016,CS363986-GB4XK,035255560160,"Stretch Wrap Film, 18'' x 1500' Roll, Heavyweight, 80 Gauge, 4-count, Clear  De",MARKET BASKET - Hardware,EA,1,1,58.01,58.01,D,65.38,65.38,7.37,Department of Veterans Affairs,"Other, not listed",Yes,No,No,No,No,No,No,GSA Advantage,Employee Credit Card,Standard,39.4,37130,37228,0,0,11202014,"Capitol Supply, Inc.",GS-23F-BA005
MGAKN35932M,11192014,VICTOR,0384-2045,CS11559233-G3R31V,716352551786,"VICTOR # 0384-2045 - 1 EA by UPS/FedExGd, PERFORMER EDGE 510/540,  Features: Bu",Welding,EA,2,2,280.96,561.92,D,332.05,664.1,51.09,Department of the Air Force,"Other, not listed",No,No,No,No,No,No,No,GSA Advantage,Employee Credit Card,Standard,0,73145,,0,0,11242014,"Capitol Supply, Inc.",GS-23F-BA005
MGAKN36032M,11192014,MAG INSTRUMENT,ST3D016,CS6438-FZ31N1,038739510804,"MAG INSTRUMENT # ST3D016 - 1 EA by UPS/FedExGd, Black, 3 D Cell LED Flashlight,",MARKET BASKET - Hardware,EA,2,2,25.29,50.58,D,32.86,65.72,7.57,Department of the Air Force,"Other, not listed",Yes,No,No,No,No,No,No,GSA Advantage,Employee Credit Card,Standard,2.4,65305,25428,0,0,11212014,"Capitol Supply, Inc.",GS-23F-BA005
MGAKN36517M,11192014,ENERGIZER,EVEE91SBP24H,CS9760498-F49FLR,039800475572,"AA Alkaline Batteries, 1.5 V, 24-Pack Count Delivery by UPS GROUND",MARKET BASKET - Hardware,PK,2,128,13.54,27.08,D,16.95,33.9,3.41,Department of Agriculture,"Other, not listed",Yes,No,No,No,No,No,No,GSA Advantage,Employee Credit Card,Standard,3,97502,98188,0,0,11202014,"Capitol Supply, Inc.",GS-23F-BA005
MGAKN36876M,11192014,ENERGIZER,EVEE91SBP24H,CS9760498-F49FLR,039800475572,"AA Alkaline Batteries, 1.5 V, 24-Pack Count Delivery by UPS GROUND",MARKET BASKET - Hardware,PK,2,128,13.54,27.08,D,16.95,33.9,3.41,Department of Agriculture,"Other, not listed",Yes,No,No,No,No,No,No,GSA Advantage,Employee Credit Card,Standard,3,59901,84104,0,0,11202014,"Capitol Supply, Inc.",GS-23F-BA005
MGAKN36828M,11192014,EVEREADY,L92BP4,CS731650-G3CH1H,039800079312,"Lithium AAA Batteries, 4-pack Count Delivery by UPS GROUND",MRO Supplies,PK,10,18,6.33,63.3,D,7.13,71.3,0.8,Department of Justice,United States Marshals Service,No,No,No,No,No,No,No,GSA Advantage,Employee Credit Card,Standard,0.9,78840,,0,0,11252014,"Capitol Supply, Inc.",GS-23F-BA005
MGAKN52180M,11262014,ENERGIZER,EVEE91SBP24H,CS9760498-F49FLR,039800475572,"AA Alkaline Batteries, 1.5 V, 24-Pack Count Delivery by UPS GROUND",MARKET BASKET - Hardware,PK,2,128,13.54,27.08,D,16.95,33.9,3.41,Department of the Army,"Other, not listed",Yes,No,No,No,No,No,No,GSA Advantage,Employee Credit Card,Standard,3,27604,28206,0,0,11272014,"Capitol Supply, Inc.",GS-23F-BA005
MGAKN51734M,11262014,ESSICK AIR PRODUCTS,ESS1045-X3,CS713512-GP4SS,043129092068,"ESSICK AIR PRODUCTS # 1045 - 3 EA by UPS/FedExGd, Replacement Wick, For H12 Ser",Appliances & Electronics,BD,1,1,48.05,48.05,D,56.22,56.22,8.17,Department of Commerce,"Other, not listed",No,No,No,No,No,No,No,GSA Advantage,Employee Credit Card,Standard,1.33,50131,56001,0,0,11282014,"Capitol Supply, Inc.",GS-23F-BA005
MGAKN52802M,11262014,ENERGIZER,EVEE91SBP24H,CS9760498-F49FLR,039800475572,"AA Alkaline Batteries, 1.5 V, 24-Pack Count Delivery by UPS GROUND",MARKET BASKET - Hardware,PK,2,128,13.54,27.08,D,16.95,33.9,3.41,Department of State,"Other, not listed",Yes,No,No,No,No,No,No,GSA Advantage,Employee Credit Card,Standard,3,22209,23222,0,0,11272014,"Capitol Supply, Inc.",GS-23F-BA005
MGAKM97106M,11032014,ENERGIZER,EVEE91SBP24H,CS9760498-F49FLR,039800475572,"AA Alkaline Batteries, 1.5 V, 24-Pack Count Delivery by UPS GROUND",MARKET BASKET - Hardware,PK,3,128,13.54,40.62,D,16.95,50.85,3.41,Department of Labor,"Other, not listed",Yes,No,No,No,No,No,No,GSA Advantage,Employee Credit Card,Standard,4.5,78232,78154,0,0,11042014,"Capitol Supply, Inc.",GS-23F-BA005
MGAKM96892M,11032014,LITTLE GIANT,15145001,CSZ-15145001,000000000000,Multipurpose Ladder Telescoping Fiberglass Ladder Height 22 ANSI Type 1A Capaci,MARKET BASKET - Hardware,EA,1,1,420.83,420.83,D,474.3,474.3,53.47,United States Postal Service,"Other, not listed",Yes,Yes,No,No,No,No,No,GSA Advantage,Employee Credit Card,Standard,,43055,,0,0,11102014,"Capitol Supply, Inc.",GS-23F-BA005
MGAKM96838M,11032014,NIB,6230015132663,CS8730855-TJ13T5,000000000000,AbilityOne Item 6230015132663: Flashlight Delivery by UPS GROUND,MARKET BASKET - Hardware,EA,4,6,10.37,41.48,D,11.69,46.76,1.32,Department of Veterans Affairs,"Other, not listed",Yes,Yes,No,No,No,No,No,GSA Advantage,Employee Credit Card,Standard,0,25405,,0,0,11042014,"Capitol Supply, Inc.",GS-23F-BA005
MGAKM98503M,11032014,ENERGIZER,EVEE91SBP24H,CS9760498-F49FLR,039800475572,"AA Alkaline Batteries, 1.5 V, 24-Pack Count Delivery by UPS GROUND",MARKET BASKET - Hardware,PK,3,128,13,39,D,16.95,50.85,3.95,Department of the Air Force,"Other, not listed",Yes,No,No,No,No,No,No,GSA Advantage,Employee Credit Card,Standard,4.5,01731,03063,0,0,11042014,"Capitol Supply, Inc.",GS-23F-BA005
MGAKM98426M,11032014,NIB,8115001178249,CS71850-CJ5ZV,352550604666,"AbilityOne Item 8115001178249: Storage Box - White, 14-3/4'' x 12'' x 9-1/2'', ",MARKET BASKET - Hardware,EA,5,100,53.78,268.9,D,60.62,303.1,6.84,Department of Labor,"Other, not listed",Yes,Yes,No,No,No,No,No,GSA Advantage,Employee Credit Card,Standard,200,19106,79936,0,0,11062014,"Capitol Supply, Inc.",GS-23F-BA005
MGAKN15252M,11102014,CERRO WIRE&CABLE,112-1651J,CS13840606-L4VN5X,048243989713,"CERRO WIRE&CABLE # 112-1651J - 1 SPL by UPS/FedExGd, 500' Black 12 Solid Buildi",Electrical,EA,1,1,87.91,87.91,D,102.86,102.86,14.95,Department of Veterans Affairs,"Other, not listed",No,No,No,No,No,No,No,GSA Advantage,Employee Credit Card,Standard,12.3,66622,,0,0,11142014,"Capitol Supply, Inc.",GS-23F-BA005
MGAKN15252M,11102014,CERRO WIRE&CABLE,112-1655J,CS13829904-L4VCXN,048243989751,"CERRO WIRE&CABLE # 112-1655J - 1 SPL by UPS/FedExGd, 500' Green 12 Solid Buildi",Electrical,EA,1,1,87.91,87.91,D,102.86,102.86,14.95,Department of Veterans Affairs,"Other, not listed",No,No,No,No,No,No,No,GSA Advantage,Employee Credit Card,Standard,12.3,66622,,0,0,11142014,"Capitol Supply, Inc.",GS-23F-BA005
MGAKN15252M,11102014,CERRO WIRE&CABLE,112-1652J,CS13839429-L4V4VK,048243989720,"CERRO WIRE&CABLE # 112-1652J - 1 SPL by UPS/FedExGd, 500' White 12 Solid Buildi",Electrical,EA,1,1,87.91,87.91,D,102.86,102.86,14.95,Department of Veterans Affairs,"Other, not listed",No,No,No,No,No,No,No,GSA Advantage,Employee Credit Card,Standard,12.3,66622,,0,0,11142014,"Capitol Supply, Inc.",GS-23F-BA005
MGAKN15252M,11102014,CERRO WIRE&CABLE,112-1654J,CS13830090-L4VWNC,048243989744,"CERRO WIRE&CABLE # 112-1654J - 1 SPL by UPS/FedExGd, 500' Blue 12 Solid Buildin",Electrical,EA,1,1,87.91,87.91,D,102.86,102.86,14.95,Department of Veterans Affairs,"Other, not listed",No,No,No,No,No,No,No,GSA Advantage,Employee Credit Card,Standard,12.3,66622,,0,0,11142014,"Capitol Supply, Inc.",GS-23F-BA005
MGAKN15252M,11102014,CERRO WIRE&CABLE,112-1653J,CS13840079-L4VNZF,048243989737,"CERRO WIRE&CABLE # 112-1653J - 1 SPL by UPS/FedExGd, 500' Red 12 Solid Building",Electrical,EA,1,1,87.91,87.91,D,102.86,102.86,14.95,Department of Veterans Affairs,"Other, not listed",No,No,No,No,No,No,No,GSA Advantage,Employee Credit Card,Standard,12.3,66622,,0,0,11142014,"Capitol Supply, Inc.",GS-23F-BA005
MGAKN16121M,11122014,NIB,8115001178249,CS71850-CJ5ZV,352550604666,"AbilityOne Item 8115001178249: Storage Box - White, 14-3/4'' x 12'' x 9-1/2'', ",MARKET BASKET - Hardware,EA,1,100,53.78,53.78,D,60.62,60.62,6.84,Department of Labor,"Other, not listed",Yes,Yes,No,No,No,No,No,GSA Advantage,Employee Credit Card,Standard,40,02203,79936,0,0,11192014,"Capitol Supply, Inc.",GS-23F-BA005
MGAKN16821M,11122014,THERMWELL,P1025/6,CS11562996-G3SR7C,077578027111,"THERMWELL # P1025/6 - 1 EA by UPS/FedExGd, CLEAR SHEETING 6MIL, The Manufacture",MRO Supplies,EA,3,3,12.81,38.43,D,14.99,44.97,2.18,Department of the Army,"Other, not listed",No,No,No,No,No,No,No,GSA Advantage,Employee Credit Card,Standard,21.6,40121,25428,0,0,11142014,"Capitol Supply, Inc.",GS-23F-BA005
MGAKN16961M,11122014,ENERGIZER,EVEE91SBP24H,CS9760498-F49FLR,039800475572,"AA Alkaline Batteries, 1.5 V, 24-Pack Count Delivery by UPS GROUND",MARKET BASKET - Hardware,PK,4,128,13.54,54.16,D,16.95,67.8,3.41,Department of Homeland Security,"Other, not listed",Yes,No,No,No,No,No,No,GSA Advantage,Employee Credit Card,Standard,6,68102,64120,0,0,11132014,"Capitol Supply, Inc.",GS-23F-BA005
MGAKN17073M,11122014,HOWARD LEIGHT,LL-30-X100,CS7996002-W1M1C6,033552002215,"HOWARD LEIGHT # LL-30 - 100 PR by UPS/FedExGd, LASER LITE MULTI-COLOR FOAM EAR ",Safety,BD,5,5,26.92,134.6,D,31.5,157.5,4.58,Department of Homeland Security,"Other, not listed",No,No,No,No,No,No,No,GSA Advantage,Employee Credit Card,Standard,0,92136,,0,0,11142014,"Capitol Supply, Inc.",GS-23F-BA005
MGAKN17433M,11122014,ENERGIZER,EVEE91SBP24H,CS9760498-F49FLR,039800475572,"AA Alkaline Batteries, 1.5 V, 24-Pack Count Delivery by UPS GROUND",MARKET BASKET - Hardware,PK,2,128,13.54,27.08,D,16.95,33.9,3.41,Department of Agriculture,"Other, not listed",Yes,No,No,No,No,No,No,GSA Advantage,Employee Credit Card,Standard,3,30601,30082,0,0,11132014,"Capitol Supply, Inc.",GS-23F-BA005
MGAKN17418M,11122014,NIB,8115001178249,CS71850-CJ5ZV,352550604666,"AbilityOne Item 8115001178249: Storage Box - White, 14-3/4'' x 12'' x 9-1/2'', ",MARKET BASKET - Hardware,EA,20,100,53.24,1064.8,D,60.62,1212.4,7.38,Department of Homeland Security,"Other, not listed",Yes,Yes,No,No,No,No,No,GSA Advantage,Employee Credit Card,Standard,800,85034,79936,0,0,11182014,"Capitol Supply, Inc.",GS-23F-BA005
MGAKN18335M,11122014,AMERICAN STANDARD BRASS,2175.505.002,CS12296706-T9W7WV,012611267888,"AMERICAN STANDARD BRASS # 2175.505.002 - 1 EA by UPS/FedExGd, PC COLONY L/DRN 1",Plumbing,EA,2,2,68.78,137.56,D,80.47,160.94,11.69,Department of Veterans Affairs,"Other, not listed",No,No,No,No,No,No,No,GSA Advantage,Employee Credit Card,Standard,5,66622,,0,0,11242014,"Capitol Supply, Inc.",GS-23F-BA005
MGAKN18754M,11122014,MECHANICAL PLASTICS,21015-X10,CS29525-2241,036296210151,"MECHANICAL PLASTICS # 21015 - 10 BOX by UPS/FedExGd, Toggler, 25 Pack, 3/8 in -",MRO Supplies,BD,1,1,163.04,163.04,D,190.76,190.76,27.72,Department of the Interior,"Other, not listed",No,No,No,No,No,No,No,GSA Advantage,Employee Credit Card,Standard,1.48,89005,,0,0,11162014,"Capitol Supply, Inc.",GS-23F-BA005
MGAKN18838M,11122014,LAGASSE BROTHERS,WIN 1220-85,CS20564-73XR,000000000000,"LAGASSE BROTHERS # WIN 1220-85 - 1 CA by UPS/FedExGd, 30 Pack, White 2 Ply Hous",MRO Supplies,EA,1,1,53.59,53.59,D,62.7,62.7,9.11,Department of the Interior,"Other, not listed",No,No,No,No,No,No,No,GSA Advantage,Employee Credit Card,Standard,21,59715,97477,0,0,11162014,"Capitol Supply, Inc.",GS-23F-BA005
MGAKN19898M,11132014,NIB,8115001178249,CS71850-CJ5ZV,352550604666,"AbilityOne Item 8115001178249: Storage Box - White, 14-3/4'' x 12'' x 9-1/2'', ",MARKET BASKET - Hardware,EA,10,100,53.24,532.4,D,60.62,606.2,7.38,Department of Veterans Affairs,"Other, not listed",Yes,Yes,No,No,No,No,No,GSA Advantage,Employee Credit Card,Standard,400,14202,79936,0,0,11192014,"Capitol Supply, Inc.",GS-23F-BA005
MGAKN19895M,11132014,EVEREADY,E92LP16,CS12878741-J8RDS3,039800108111,AA Batteries 1.5 V 20-pack Count Delivery by UPS GROUND,MARKET BASKET - Hardware,PK,2,5,11.21,22.42,D,12.64,25.28,1.43,Department of State,"Other, not listed",Yes,No,No,No,No,No,No,GSA Advantage,Employee Credit Card,Standard,1.4,20520,,0,0,11142014,"Capitol Supply, Inc.",GS-23F-BA005
MGAKM99907M,11042014,DURACELL,DURDL123AB2BPK,CS56019-13FK,041333212104,"Ultra High Power Lithium Battery, 123, 3.0 V, 2-pack Count  Delivery by UPS GRO",MARKET BASKET - Hardware,PK,4,24,7.33,29.32,D,8.26,33.04,0.93,Department of Agriculture,"Other, not listed",Yes,No,No,No,No,No,No,GSA Advantage,Employee Credit Card,Standard,0.39,56633,49544,0,0,11062014,"Capitol Supply, Inc.",GS-23F-BA005
MGAKN01123M,11042014,ENERGIZER,EVEE91SBP24H,CS9760498-F49FLR,039800475572,"AA Alkaline Batteries, 1.5 V, 24-Pack Count Delivery by UPS GROUND",MARKET BASKET - Hardware,PK,2,128,13.54,27.08,D,16.95,33.9,3.41,Department of Agriculture,"Other, not listed",Yes,No,No,No,No,No,No,GSA Advantage,Employee Credit Card,Standard,3,84337,84104,0,0,11052014,"Capitol Supply, Inc.",GS-23F-BA005
MGAKN01825M,11042014,NIB,8115001178249,CS71850-CJ5ZV,352550604666,"AbilityOne Item 8115001178249: Storage Box - White, 14-3/4'' x 12'' x 9-1/2'', ",MARKET BASKET - Hardware,EA,30,100,53.24,1597.2,D,60.62,1818.6,7.38,Department of Homeland Security,"Other, not listed",Yes,Yes,No,No,No,No,No,GSA Advantage,Employee Credit Card,Standard,1200,78840,79936,0,0,11122014,"Capitol Supply, Inc.",GS-23F-BA005
MGAKN02512M,11052014,ENERGIZER,EVEE91SBP24H,CS9760498-F49FLR,039800475572,"AA Alkaline Batteries, 1.5 V, 24-Pack Count Delivery by UPS GROUND",MARKET BASKET - Hardware,PK,2,128,13.54,27.08,D,16.95,33.9,3.41,Department of Health and Human Services,"Other, not listed",Yes,No,No,No,No,No,No,GSA Advantage,Employee Credit Card,Standard,3,10601,10941,0,0,11062014,"Capitol Supply, Inc.",GS-23F-BA005
MGAKN01599M,11042014,ENERGIZER,EVEE91SBP24H,CS9760498-F49FLR,039800475572,"AA Alkaline Batteries, 1.5 V, 24-Pack Count Delivery by UPS GROUND",MARKET BASKET - Hardware,PK,2,128,13.54,27.08,D,16.95,33.9,3.41,Office of the Secretary of Defense,"Other, not listed",Yes,No,No,No,No,No,No,GSA Advantage,Employee Credit Card,Standard,3,92647,85009,0,0,11052014,"Capitol Supply, Inc.",GS-23F-BA005
MGAKN04458M,11052014,SAMAR COMPANY,7003PTV,CS710528-G6Z1H,092503270035,"SAMAR COMPANY # 7003PTV - 1 ROL by UPS/FedExGd, Master Plumber, 1/4 in ID x 3/8",Plumbing,EA,2,2,12.84,25.68,D,15.02,30.04,2.18,Department of Health and Human Services,"Other, not listed",No,No,No,No,No,No,No,GSA Advantage,Employee Credit Card,Standard,8,20837,18106,0,0,11082014,"Capitol Supply, Inc.",GS-23F-BA005
MGAKN04971M,11052014,ENERGIZER,EVEE91SBP24H,CS9760498-F49FLR,039800475572,"AA Alkaline Batteries, 1.5 V, 24-Pack Count Delivery by UPS GROUND",MARKET BASKET - Hardware,PK,2,128,13.54,27.08,D,16.95,33.9,3.41,Department of Agriculture,"Other, not listed",Yes,No,No,No,No,No,No,GSA Advantage,Employee Credit Card,Standard,3,59808,84104,0,0,11062014,"Capitol Supply, Inc.",GS-23F-BA005
MGAKN05148M,11052014,JOHNSON CONTROLS,A350PS-1C,CS764795-TLK54,000000000000,"JOHNSON CONTROLS # A350PS-1C - 1 EA , L39-489 by UPS/FedExGd, Temperature Contr",HVAC,EA,1,1,202.55,202.55,D,236.99,236.99,34.44,Department of the Air Force,"Other, not listed",No,No,No,No,No,No,No,GSA Advantage,Employee Credit Card,Standard,0.2,73145,,0,0,11072014,"Capitol Supply, Inc.",GS-23F-BA005
MGAKN06222M,11062014,GOJO,0957-12-X12,CS946576-GBMR9Y,000000000000,"GOJO # 0957-12 - 12 BTL by Truck, 14-OZ NATURAL ORANGE W/PUMICE LOTION HAND CLE",MRO Supplies,BD,1,1,49.45,49.45,D,57.86,57.86,8.41,Department of Homeland Security,"Other, not listed",No,No,No,No,No,No,No,GSA Advantage,Employee Credit Card,Standard,1.17,04106,,0,0,11102014,"Capitol Supply, Inc.",GS-23F-BA005
MGAKN06471M,11062014,MODINE MFG,MOD12339,CS6546478-91KXF,000000000000,"MODINE MFG # 12339 - 1 EA , L39-220 by UPS/FedExGd, Fan Delay Relay , 12339 5H7",HVAC,EA,1,1,35.33,35.33,D,41.34,41.34,6.01,Department of Agriculture,"Other, not listed",No,No,No,No,No,No,No,GSA Advantage,Employee Credit Card,Standard,0.1,70354,,0,0,11122014,"Capitol Supply, Inc.",GS-23F-BA005
MGAKN05325M,11052014,ENERGIZER,EVEE91SBP24H,CS9760498-F49FLR,039800475572,"AA Alkaline Batteries, 1.5 V, 24-Pack Count Delivery by UPS GROUND",MARKET BASKET - Hardware,PK,2,128,13.54,27.08,D,16.95,33.9,3.41,Department of Commerce,"Other, not listed",Yes,No,No,No,No,No,No,GSA Advantage,Employee Credit Card,Standard,3,73072,73128,0,0,11062014,"Capitol Supply, Inc.",GS-23F-BA005
MGAKN06973M,11062014,ENERGIZER,EVEE91SBP24H,CS9760498-F49FLR,039800475572,"AA Alkaline Batteries, 1.5 V, 24-Pack Count Delivery by UPS GROUND",MARKET BASKET - Hardware,PK,5,128,13.54,67.7,D,16.95,84.75,3.41,Department of Homeland Security,"Other, not listed",Yes,No,No,No,No,No,No,GSA Advantage,Employee Credit Card,Standard,7.5,31524,30082,0,0,11072014,"Capitol Supply, Inc.",GS-23F-BA005
MGAKN07499M,11062014,STANLEY,33725,CS8525212-D2VHWL,076174337259,STANLEY  33-725 - 1 CD by UPSFedExGd 25FTX1-14IN TAPE RULE The Manufacturer is ,MARKET BASKET - Hardware,EA,1,6,15.76,15.76,D,30.03,30.03,14.27,Department of Health and Human Services,"Other, not listed",Yes,No,No,No,No,No,No,GSA Advantage,Employee Credit Card,Standard,1.34,94502,25428,0,0,11112014,"Capitol Supply, Inc.",GS-23F-BA005
MGAKN06295M,11062014,WEISS INSTRUMENTS,9VU35-240,CS6555137-9VTV3,000000000000,"WEISS INSTRUMENTS # 9VU35-240 - 1 EA , L87-242 by UPS/FedExGd, Industrial Glass",HVAC,EA,1,1,31.28,31.28,D,36.6,36.6,5.32,Department of Homeland Security,"Other, not listed",No,No,No,No,No,No,No,GSA Advantage,Employee Credit Card,Standard,0.45,06320,,0,0,11122014,"Capitol Supply, Inc.",GS-23F-BA005
MGAKN07165M,11062014,SHARPIE,SHA30102PP-X6,CS8409216-D7VK7J,071641301023,"SHARPIE # 30102PP - 6 MKR by UPS/FedExGd, SHARPIE RED FINE TIP MARKER,  Feature",Material Handling,BD,2,2,12.88,25.76,D,15.07,30.14,2.19,Department of Justice,"Other, not listed",No,No,No,No,No,No,No,GSA Advantage,Employee Credit Card,Standard,0,46250,,0,0,11142014,"Capitol Supply, Inc.",GS-23F-BA005
MGAKN06455M,11062014,EPT  EMERSON POWER,2351476,CS8478360-D2J7VP,000000000000,"EPT EMERSON POWER # 2351476 - 1 EA , P34-574 by UPS/FedExGd, , 2351476 BX74 BEL",HVAC,EA,3,3,17.12,51.36,D,20.03,60.09,2.91,Department of the Air Force,"Other, not listed",No,No,No,No,No,No,No,GSA Advantage,Employee Credit Card,Standard,2.1,31098,,0,0,11122014,"Capitol Supply, Inc.",GS-23F-BA005
MGAKN09516M,11062014,DEL MONTE FOODS,7910051411-X12,CS13483640-LJ5XWY,079100514113,"DEL MONTE FOODS # 7910051411 - 12 EA by UPS/FedExGd, 24 OZ, Milk Bone Biscuits ",Outdoor,BD,1,1,56.9,56.9,D,66.57,66.57,9.67,Department of Homeland Security,"Other, not listed",No,No,No,No,No,No,No,GSA Advantage,Employee Credit Card,Standard,1.5,77032,75110,0,0,11112014,"Capitol Supply, Inc.",GS-23F-BA005
MGAKN09575M,11062014,ENERGIZER,EVEE91SBP24H,CS9760498-F49FLR,039800475572,"AA Alkaline Batteries, 1.5 V, 24-Pack Count Delivery by UPS GROUND",MARKET BASKET - Hardware,PK,5,128,13.54,67.7,D,16.95,84.75,3.41,Department of Health and Human Services,"Other, not listed",Yes,No,No,No,No,No,No,GSA Advantage,Employee Credit Card,Standard,7.5,20892,20794,0,0,11082014,"Capitol Supply, Inc.",GS-23F-BA005
MGAKN09642M,11062014,TRI PALM INTERNATIONAL,P3CP SAN,CS8547246-DHFHZF,092026132377,"TRI PALM INTERNATIONAL # P3CP SAN - 1 EA by UPS/FedExGd, 3GAL FREESTAND SAN WAT",Plumbing,EA,1,1,455.74,455.74,D,533.23,533.23,77.49,Department of the Navy,"Other, not listed",No,No,No,No,No,No,No,GSA Advantage,Employee Credit Card,Standard,62,98314,25428,0,0,11112014,"Capitol Supply, Inc.",GS-23F-BA005
MGAKN09729M,11062014,EVEREADY,L92BP4,CS731650-G3CH1H,039800079312,"Lithium AAA Batteries, 4-pack Count Delivery by UPS GROUND",MRO Supplies,PK,4,18,6.33,25.32,D,7.13,28.52,0.8,Department of Homeland Security,"Other, not listed",No,No,No,No,No,No,No,GSA Advantage,Employee Credit Card,Standard,0.36,98230,91752,0,0,11092014,"Capitol Supply, Inc.",GS-23F-BA005
MGAKN11773M,11072014,ENERGIZER,EVEE91SBP24H,CS9760498-F49FLR,039800475572,"AA Alkaline Batteries, 1.5 V, 24-Pack Count Delivery by UPS GROUND",MARKET BASKET - Hardware,PK,3,128,13.54,40.62,D,16.95,50.85,3.41,Department of Homeland Security,"Other, not listed",Yes,No,No,No,No,No,No,GSA Advantage,Employee Credit Card,Standard,4.5,07114,08057,0,0,11082014,"Capitol Supply, Inc.",GS-23F-BA005
MGAKN09139M,11062014,ENERGIZER,EVEE91SBP24H,CS9760498-F49FLR,039800475572,"AA Alkaline Batteries, 1.5 V, 24-Pack Count Delivery by UPS GROUND",MARKET BASKET - Hardware,PK,2,128,13.54,27.08,D,16.95,33.9,3.41,Department of the Interior,"Other, not listed",Yes,No,No,No,No,No,No,GSA Advantage,Employee Credit Card,Standard,3,79834,75007,0,0,11072014,"Capitol Supply, Inc.",GS-23F-BA005
MGAKN09117M,11062014,MAURICE SPORTING GOODS,MAU24011-X10,CS7119897-DW7ZT8,026285240115,"MAURICE SPORTING GOODS # 24011 - 10 EA by UPS/FedExGd, Hoppes Bore Snake, M16-2",Outdoor,BD,1,1,177.12,177.12,D,207.23,207.23,30.11,Department of the Navy,"Other, not listed",No,No,No,No,No,No,No,GSA Advantage,Employee Credit Card,Standard,1.5,98278,,0,0,11142014,"Capitol Supply, Inc.",GS-23F-BA005
MGAKN11128M,11072014,ENERGIZER,EVEE91SBP24H,CS9760498-F49FLR,039800475572,"AA Alkaline Batteries, 1.5 V, 24-Pack Count Delivery by UPS GROUND",MARKET BASKET - Hardware,PK,2,128,13.54,27.08,D,16.95,33.9,3.41,Office of the Secretary of Defense,"Other, not listed",Yes,No,No,No,No,No,No,GSA Advantage,Employee Credit Card,Standard,3,90245,85009,0,0,11082014,"Capitol Supply, Inc.",GS-23F-BA005
MGAKN12157M,11072014,DURACELL,DURDL123AB2BPK,CS56019-13FK,041333212104,"Ultra High Power Lithium Battery, 123, 3.0 V, 2-pack Count  Delivery by UPS GRO",MARKET BASKET - Hardware,PK,20,24,7.33,146.6,D,8.26,165.2,0.93,Department of Homeland Security,"Other, not listed",Yes,No,No,No,No,No,No,GSA Advantage,Employee Credit Card,Standard,1.94,90012,,0,0,11182014,"Capitol Supply, Inc.",GS-23F-BA005
MGAKN12516M,11072014,ENERGIZER,EVEE91SBP24H,CS9760498-F49FLR,039800475572,"AA Alkaline Batteries, 1.5 V, 24-Pack Count Delivery by UPS GROUND",MARKET BASKET - Hardware,PK,3,128,13.54,40.62,D,16.95,50.85,3.41,Department of Justice,"Other, not listed",Yes,No,No,No,No,No,No,GSA Advantage,Employee Credit Card,Standard,4.5,37203,37228,0,0,11082014,"Capitol Supply, Inc.",GS-23F-BA005
MGAKN15831M,11122014,ENERGIZER,EVEE91SBP24H,CS9760498-F49FLR,039800475572,"AA Alkaline Batteries, 1.5 V, 24-Pack Count Delivery by UPS GROUND",MARKET BASKET - Hardware,PK,2,128,13.54,27.08,D,16.95,33.9,3.41,Department of the Interior,"Other, not listed",Yes,No,No,No,No,No,No,GSA Advantage,Employee Credit Card,Standard,3,95002,,0,0,11222014,"Capitol Supply, Inc.",GS-23F-BA005
MGAKN15978M,11122014,EAR,3111254,CS13611755-LM9WB4,080529110596,EAR  311-1254 - 1 BOX OF  200 PR by UPSFedExGd E-A-R SOFT SUPERFIT REGSIZE CORD,MARKET BASKET - Hardware,CA,80,80,34.62,2769.6,D,57.16,4572.8,22.54,Department of the Air Force,"Other, not listed",Yes,No,No,No,No,No,No,GSA Advantage,Employee Credit Card,Standard,0,31098,,0,0,11212014,"Capitol Supply, Inc.",GS-23F-BA005
MGAKN15191M,11102014,GOJO,9631-24-X24,CS4470470-89XKR,073852096316,"GOJO # 9631-24 - 24 BTL , GOJ963124 by UPS/FedExGd, Gojo PURELL Instant Hand Sa",MRO Supplies,BD,1,1,62.83,62.83,D,73.51,73.51,10.68,Department of Homeland Security,"Other, not listed",No,No,No,No,No,No,No,GSA Advantage,Employee Credit Card,Standard,0.29,45242,,0,0,11112014,"Capitol Supply, Inc.",GS-23F-BA005
MGAKN15432M,11102014,NIB,8115001178249,CS71850-CJ5ZV,352550604666,"AbilityOne Item 8115001178249: Storage Box - White, 14-3/4'' x 12'' x 9-1/2'', ",MARKET BASKET - Hardware,EA,2,100,53.78,107.56,D,60.62,121.24,6.84,Department of Labor,"Other, not listed",Yes,Yes,No,No,No,No,No,GSA Advantage,Employee Credit Card,Standard,80,98104,79936,0,0,11142014,"Capitol Supply, Inc.",GS-23F-BA005
M00681-14-F-0113,09192014,FRIGIDAIRE,FFHI1826PS,CS13983544-LHPZ8K,012505636004,"MFG Part#:FFHI1826PS FRIGIDAIRE - FFHI1826PS - Energy Star, 2 Sliding Spillsafe TM, Full Width Glass Shelves, Deli, 2 Crispers, Factory ICE, (S Right Swing, K Left Swing) - MFG Part: FFHI1826PS",Appliances & Electronics,EA,40,40,610,24400,D,961.64,38465.6,351.64,Department of the Navy,"Other, not listed",No,No,No,No,Yes,No,No,Vendor Portal,ETF,Standard,8200,92055,,0,0,11212014,"Capitol Supply, Inc.",GS-23F-BA005
FA5209-14-F-0056,10082014,LAMBRO INDUSTRIES,284L,CS7748829-GCYCR5,039899002840,MFG Part#:284L-X50 LAMBRO INDUSTRIES - 284L - 4IN GALV WORM GEAR CLAMP - MFG Part: 284L,HVAC,EA,800,800,2,1600,D,8.55,6840,6.55,Department of the Navy,"Other, not listed",No,No,No,No,No,No,No,Vendor Portal,ETF,Standard,80,95376,,0,0,11252014,"Capitol Supply, Inc.",GS-23F-BA005
FA5209-14-F-0056,10082014,LAMBRO INDUSTRIES,498PL,CS10256882-GFMB9N,039899049814,MFG Part#:498PL LAMBRO INDUSTRIES - 498PL - 4in.  X 8' DRYER TRANSITION DUCT - MFG Part: 498PL,HVAC,EA,200,200,11,2200,D,15.9,3180,4.9,Department of the Navy,"Other, not listed",No,No,No,No,No,No,No,Vendor Portal,ETF,Standard,184,95376,,0,0,11252014,"Capitol Supply, Inc.",GS-23F-BA005
211561,10302014,PRESTO LIFTS,B552,CS12789702-J2NNRW,000000000000,MFG Part#:B-552 PRESTO LIFTS - B-552 - STACKER W/24X24 PLAT. - MFG Part: B552,Material Handling,EA,2,2,2905.63,5811.26,D,3516.66,7033.32,611.03,Department of the Air Force,"Other, not listed",No,No,No,No,No,No,No,Vendor Portal,Employee Credit Card,Standard,920,31098,,0,0,11252014,"Capitol Supply, Inc.",GS-23F-BA005
73370417,11032014,MAURICE SPORTING GOODS,24015-X10,CS7119824-T2NT4W,000000000000,"MFG Part#:24015-X10 MAURICE SPORTING GOODS - 24015 - Hoppes Bore Snake, 30 Caliber Rifle Cleaner. - MFG Part: 24015",Outdoor,EA,50,50,18.13,906.5,D,21.22,1061,3.09,Department of the Navy,"Other, not listed",No,No,No,No,No,No,No,Vendor Portal,Employee Credit Card,Standard,75,23459,,0,0,11142014,"Capitol Supply, Inc.",GS-23F-BA005
W912DY-14-F-0440,10242014,PARENT METAL PRODUCTS,178SBLACK,CS12770760-J2WV41,000000000000,MFG Part#:178-S BLACK PARENT METAL PRODUCTS - 178-S BLACK - STORAGE CAB 36X18X78 BLACK - MFG Part: 178SBLACK,Material Handling,EA,39,39,519.49,20260.11,D,607.82,23704.98,88.33,"Other, not listed","Other, not listed",No,No,No,No,No,No,No,Vendor Portal,Employee Credit Card,Standard,6045,71459,,0,0,11242014,"Capitol Supply, Inc.",GS-23F-BA005
141103150444788910,11042014,RAYOVAC,ALAA48,CS8474455-D2G262,012800503889,"MFG Part#:ALAA-48-X125 RAYOVAC - ALAA-48 - Ultra Pro Alkaline Batteries, AA, 48/Pack - MFG Part: ALAA48",MARKET BASKET - Hardware,PK,1,1,15.33,15.33,D,28.34,28.34,13.01,Department of Housing and Urban Development,"Other, not listed",Yes,No,No,No,No,No,No,Vendor Portal,Employee Credit Card,Standard,2.63,27407,,0,0,11062014,"Capitol Supply, Inc.",GS-23F-BA005
141103172250902327,11042014,VALLEY FORGE FLAG,60731,CS8547771-DHFSHG,093581297341,MFG Part#:60731 VALLEY FORGE FLAG - 60731 - 5FT BRUSHED ALUM POLE W/RING - MFG Part: 60731,MRO Supplies,EA,2,2,16.02,32.04,D,18.74,37.48,2.72,Department of Veterans Affairs,"Other, not listed",No,No,No,No,No,No,No,Vendor Portal,Employee Credit Card,Standard,2.68,61615,25428,0,0,11062014,"Capitol Supply, Inc.",GS-23F-BA005
141103172250902327,11042014,VALLEY FORGE FLAG,USPN1,CS8547795-DHFSV4,093581001276,MFG Part#:USPN-1 VALLEY FORGE FLAG - USPN-1 - 3X5 NYLON AMERICAN FLAG - MFG Part: USPN1,MRO Supplies,CG,2,2,26.7,53.4,D,31.24,62.48,4.54,Department of Veterans Affairs,"Other, not listed",No,No,No,No,No,No,No,Vendor Portal,Employee Credit Card,Standard,1.42,61615,25428,0,0,11062014,"Capitol Supply, Inc.",GS-23F-BA005
693-P52771,11052014,JOHNSON CONTROLS,P66BAB1C,CS749545-TD329,000000000000,"MFG Part#:P66BAB-1C JOHNSON CONTROLS - P66BAB-1C - Pressure Actuated Motor Speed Controller, P66BAB-1C MTR SPD CNTRL, PRESS ACTD MTR SPD CNTRL - MFG Part: P66BAB1C",HVAC,EA,1,1,371.39,371.39,D,434.54,434.54,63.15,Department of Veterans Affairs,"Other, not listed",No,No,No,No,No,No,No,Vendor Portal,Employee Credit Card,Standard,4,18711,,0,0,11072014,"Capitol Supply, Inc.",GS-23F-BA005
4308-4412,11052014,HOWARD LEIGHT,FUS30S-HP-X100,CS7995995-JJKL74,000000000000,MFG Part#:FUS30S-HP-X100 HOWARD LEIGHT - FUS30S-HP - FUSION EARPLUG SML CORDED IN HEATPACK CS - MFG Part: FUS30SHP,Safety,EA,300,300,1.13,339,D,1.32,396,0.19,Department of the Army,"Other, not listed",No,No,No,No,No,No,No,Vendor Portal,Employee Credit Card,Standard,0,09180,,0,0,11072014,"Capitol Supply, Inc.",GS-23F-BA005
4308-4412,11052014,HOWARD LEIGHT,FUS30-HP-X100,CS7995993-JJKL7D,000000000000,MFG Part#:FUS30-HP-X100 HOWARD LEIGHT - FUS30-HP - FUSION EARPLUG REG CORDED IN HEATPACK CS - MFG Part: FUS30HP,Safety,EA,300,300,1.16,348,D,1.35,405,0.19,Department of the Army,"Other, not listed",No,No,No,No,No,No,No,Vendor Portal,Employee Credit Card,Standard,0,09180,,0,0,11072014,"Capitol Supply, Inc.",GS-23F-BA005
1176946,11052014,GT WATER PRODUCTS,186,CS8531906-D23L7P,077115186141,MFG Part#:186 GT WATER PRODUCTS - 186 - 1-1/2TO3IN DRAIN OPEN/CLEANER - MFG Part: 186,Plumbing,CG,10,10,9.15,91.5,D,10.71,107.1,1.56,Department of the Navy,"Other, not listed",No,No,No,No,No,No,No,Vendor Portal,Employee Credit Card,Standard,30,23511,25428,0,0,11072014,"Capitol Supply, Inc.",GS-23F-BA005
1176946,11052014,DELTA FAUCET,100DST,CS10000022-F11FC7,034449593335,"MFG Part#:100-DST DELTA FAUCET - 100-DST - Classic Series, Chrome, Single Lever Handle, 3 Hole, Kitchen Faucet, No Spray, 8in.  Center Set Installation, 360 Degrees Swivel Spout, 8in.  Long Spout, Str",Plumbing,EA,10,11,69.87,698.7,D,81.75,817.5,11.88,Department of the Navy,"Other, not listed",No,No,No,No,No,No,No,Vendor Portal,Employee Credit Card,Standard,45.6,23511,18106,0,0,11092014,"Capitol Supply, Inc.",GS-23F-BA005
MGAKL77921M,11052014,Eveready,L92BP4,CS731650-G3CH1H,039800079312,"L92BP-4 Energizer, 4 Pack, ""AAA"", Ultimate Lithium Battery, Lasts 9 Times Longer Than Ordinary Alkaline Batteries, Performs Well In Extreme Temperatures, -40 Degrees Fahrenheit To 140 Degrees Fahrenhe",MRO Supplies,PK,4,18,6.33,25.32,D,35.39,141.56,29.06,Department of Agriculture,"Other, not listed",No,No,No,No,No,No,No,GSA Advantage,Employee Credit Card,Standard,0.36,82941,17038,0,0,11062014,"Capitol Supply, Inc.",GS-23F-BA005
31011115,11122014,DURACELL,MN2400B4ZAAA,CS8490234-D2MMYH,041333424019,MFG Part#:MN2400B4Z AAA DURACELL - MN2400B4Z AAA - COPPER TOP AAA BATTERY 4PK - MFG Part: MN2400B4ZAAA,Electrical,EA,7,7,10.35,72.45,D,12.11,84.77,1.76,Department of the Treasury,"Other, not listed",No,No,No,No,No,No,No,Vendor Portal,Employee Credit Card,Standard,0.91,20228,25428,0,0,11142014,"Capitol Supply, Inc.",GS-23F-BA005
Q50638x1444773,11102014,RAYOVAC,ALAAA24,CS8474457-D2G2PX,012800507986,"MFG Part#:ALAAA-24 RAYOVAC - ALAAA-24 - Ultra Pro Alkaline Batteries, AAA, 24/Pack - MFG Part: ALAAA24",MRO Supplies,PK,1,1,16.73,16.73,D,19.58,19.58,2.85,Department of Veterans Affairs,"Other, not listed",No,No,No,No,No,No,No,Vendor Portal,Employee Credit Card,Standard,0.67,85012,,0,0,11122014,"Capitol Supply, Inc.",GS-23F-BA005
573-5k9567,11122014,FIRST ALERT,SA300CN3,CS366283-GNKF1,029054123008,MFG Part#:SA300CN3 FIRST ALERT - SA300CN3 - 9V SMOKE ALARM W/EZ ACCESS - MFG Part: SA300CN3,Electrical,EA,2,2,13.59,27.18,D,15.9,31.8,2.31,Department of Veterans Affairs,"Other, not listed",No,No,No,No,No,No,No,Vendor Portal,Employee Credit Card,Standard,0.42,32024,25428,0,0,11142014,"Capitol Supply, Inc.",GS-23F-BA005
08840317,11142014,AbilityOne,8115001178249,CS71850-CJ5ZV,352550604666,"1178249 BOX,SHPG,FIBERBD,ARC,8115",MARKET BASKET - Hardware,EA,30,100,53.78,1613.4,D,60.62,1818.6,6.84,Department of Health and Human Services,"Other, not listed",Yes,Yes,No,No,No,No,No,Vendor Portal,Employee Credit Card,Standard,1200,73114,79936,0,0,11192014,"Capitol Supply, Inc.",GS-23F-BA005
141119132016032327,11202014,BUNN,6100,CS51935-R66K,072504040011,MFG Part#:BUN6100 BUNN - 6100 - 12 CUP UNBREAKABLE DECANTER - MFG Part: 6100,MRO Supplies,EA,2,2,31.01,62.02,D,37.42,74.84,6.41,Department of Veterans Affairs,"Other, not listed",No,No,No,No,No,No,No,Vendor Portal,Employee Credit Card,Standard,2.2,61615,60188,0,0,11252014,"Capitol Supply, Inc.",GS-23F-BA005
04390717,11252014,ENERGIZER,ELCRV3BP2-X10,CS9893554-FRPCFG,000000000000,"MFG Part#:ELCRV3BP2-X10 ENERGIZER - ELCRV3BP2 - Energizer E2, 2 Pack, 3V, CRV3, Lithium Photo Battery, Operates Well In Extreme Temperatures, -40 Degrees To +140 Degrees Fahrenheit, Shelf Live Of Up T",Electrical,EA,12,12,24.22,290.64,D,28.35,340.2,4.13,Department of Housing and Urban Development,"Other, not listed",No,No,No,No,No,No,No,Vendor Portal,Employee Credit Card,Standard,1.92,60604,44145,0,0,11282014,"Capitol Supply, Inc.",GS-23F-BA005
553-O50978x1209094,11262014,BALKAMP,7303098,CS7319992-C3G8J3,664766131370,"MFG Part#:BAL7303098 BALKAMP - 7303098 - Seat Belt, Construction Seat Belt; Black - MFG Part: 7303098 [NAPA BK7303098]",Safety,EA,2,2,54.71,109.42,D,64.01,128.02,9.3,Department of Veterans Affairs,"Other, not listed",No,No,No,No,No,No,No,Vendor Portal,Employee Credit Card,Standard,2,48201,,0,0,11282014,"Capitol Supply, Inc.",GS-23F-BA005
