Ord_Num,Ord_Date,Mfr_Name,Mfr_Part_No,Contractor_Part_No,UPC-A,Prod_Descr,Subcategory,UOI,Qty,Items_Sold, BPA_Price , BPA_Ext_Price ,Dbt_Crdt_Ind, MAS_Price , MAS_Ext_Price ,Disc_Amt,Cust_Agency,Sub_Agency,Mkt_Basket_Flag,AbilityOne_Flag,Berry_Amend_Flag,CPG_Ind,BioPreferred_Ind,ENERGYSTAR_Ind,WaterSense_Ind,Sales_Ch,Pay_Method,Dlvry_Method,Ship_Wt,To_Zip_Code,From_Zip_Code,Frgt_Charge,Suppl_Fee,Fulfill_Date,Contr_Name,Contr_No
PR3802831,10162014,S.E.T. TOOLS,HBB24_6VMY6,6VMY6,000000000000,"ULTRA FORCE 24"" HALIGAN TYPE",Tools and Tool Cabinets,PR,1,1, 220.00 , 220.00 ,D, 387.59 , 387.59 ,167.59,Department of State,"Other, not listed",No,No,No,No,No,No,No,Fax,Government SmartPay Card,Standard,,22027,55445,0,0,11032014,WECsys,GS23FBPA013
PR3802831,10162014,S.E.T. TOOLS,HBB24_6VMY6,6VMY6,000000000000,"ULTRA FORCE 24"" HALIGAN TYPE",Tools and Tool Cabinets,PR,2,1, 220.00 , 440.00 ,D, 387.59 , 775.18 ,167.59,Department of State,"Other, not listed",No,No,No,No,No,No,No,Fax,Government SmartPay Card,Standard,,22027,55445,0,0,11032014,WECsys,GS23FBPA013
MGAKM55130M,10102014,FLUKE,FLUKE922KIT_1CWL6,1CWL6,000000000000,"Handheld Micromanometer Kit,0 to 16In WC",Hardware,EA,1,1, 841.21 , 841.21 ,D, 841.21 , 841.21 ,0,Office of the Secretary of Defense,"Other, not listed",No,No,No,No,No,No,No,GSA Advantage,Government SmartPay Card,Standard,,22060,55445,0,0,11032014,WECsys,GS23FBPA013
MGAKM91999M,10302014,3M,1870_6KXT9,6KXT9,000000000000,"Disposable Respirator,N95,PK 20",Hardware,PK,20,20, 48.59 , 971.80 ,D, 48.59 , 971.80 ,0,Department of Justice,"Other, not listed",No,No,No,No,No,No,No,GSA Advantage,Government SmartPay Card,Standard,,79901,55445,0,0,11032014,WECsys,GS23FBPA013
MGAKM93915M,10312014,LINCOLN ELECTRIC,ED032588_12C112,12C112,000000000000,"Stick Elect.,7018 MR,3/32 In,14 L,10 lb.",Hardware,EA,5,1, 43.66 , 218.30 ,D, 43.66 , 218.30 ,0,Department of the Navy,"Other, not listed",No,No,No,No,No,No,No,GSA Advantage,Government SmartPay Card,Standard,,28533,55445,0,0,11032014,WECsys,GS23FBPA013
MGAKM94059M,10312014,SWAN,CSNCHW58025_9MG34,9MG34,000000000000,"Water Hose,5/8 In ID,25 ft L",Hardware,EA,10,1, 32.97 , 329.70 ,D, 32.97 , 329.70 ,0,Department of Health and Human Services,National Institute of Health,No,No,No,No,No,No,No,GSA Advantage,Government SmartPay Card,Standard,,20837,55445,0,0,11032014,WECsys,GS23FBPA013
MGAKM94361M,10312014,HANSEN,A3P_31C906,31C906,000000000000,"Coupler Plug,(M)NPT,1/4,Brass",Hardware,EA,10,1, 5.74 , 57.40 ,D, 5.74 , 57.40 ,0,Department of the Air Force,"Other, not listed",No,No,No,No,No,No,No,GSA Advantage,Government SmartPay Card,Standard,,25311,55445,0,0,11032014,WECsys,GS23FBPA013
MGAKM94361M,10312014,HANSEN,11B_31C984,31C984,000000000000,"Coupler Plug,(F)NPT,1/4,Brass",Hardware,EA,10,1, 4.40 , 44.00 ,D, 4.40 , 44.00 ,0,Department of the Air Force,"Other, not listed",No,No,No,No,No,No,No,GSA Advantage,Government SmartPay Card,Standard,,25311,55445,0,0,11032014,WECsys,GS23FBPA013
MGAKM94610M,10312014,PROTO,J544134_4JW38,4JW38,000000000000,"Socket Bit,1/2 Dr,3/4 In,Hex",Tools and Tool Cabinets,EA,3,1, 24.44 , 73.32 ,D, 24.44 , 73.32 ,0,Department of the Navy,"Other, not listed",No,No,No,No,No,No,No,GSA Advantage,Government SmartPay Card,Standard,,98315,55445,0,0,11032014,WECsys,GS23FBPA013
MGAKM46171M,10032014,ONSRUD,3715_4KPJ7,G2814777,000000000000,"Engraving Tool,Carbide, 0.090 In,60 Deg",Tools and Tool Cabinets,EA,10,1, 28.63 , 286.30 ,D, 28.63 , 286.30 ,0,Department of the Army,"Other, not listed",No,No,No,No,No,No,No,GSA Advantage,Government SmartPay Card,Standard,,22211,55445,0,0,11042014,WECsys,GS23FBPA013
MPN-F-47184-4M,10132014,WIEGMANN,BN4121206CH_4KP06,4KP06,000000000000,"Enclosure, 12 In. H, 12 In. W, 6 In. D",Hardware,EA,1,1, 180.86 , 180.86 ,D, 180.86 , 180.86 ,0,"Other, not listed","Other, not listed",No,No,No,No,No,No,No,Fax,EFT,Standard,,95304,55445,0,0,11042014,WECsys,GS23FBPA013
MGAKM90723M,10302014,ENERGIZER,38W366,38W366,000000000000,"Battery,Alkaline,AAA,1.5V,PK 24",Hardware,PK,20,24, 6.71 , 134.20 ,D, 25.67 , 513.40 ,18.96,Department of Veterans Affairs,"Other, not listed",Yes,No,No,No,No,No,No,GSA Advantage,Government SmartPay Card,Standard,,54660,55445,0,0,11042014,WECsys,GS23FBPA013
MGAKJ71455M,10312014,RED HAT,8262H129_39P476,39P476,000000000000,"Solenoid Valve, 2/2,1/8 In, NO, 120/110V",Hardware,EA,4,1, 103.42 , 413.68 ,D, 103.42 , 413.68 ,0,Department of Health and Human Services,National Institute of Health,No,No,No,No,No,No,No,GSA Advantage,Government SmartPay Card,Standard,,59840,55445,0,0,11042014,WECsys,GS23FBPA013
MGAKM96505M,11012014,AMPROBE,SM10_4FKR5,4FKR5,000000000000,"Digital Sound Level Meter,30 to 130 dB",Hardware,EA,2,1, 249.00 , 498.00 ,D, 249.60 , 499.20 ,0.6,Office of the Secretary of Defense,"Other, not listed",No,No,No,No,No,No,No,GSA Advantage,Government SmartPay Card,Standard,,85008,55445,0,0,11042014,WECsys,GS23FBPA013
M00010433056,11032014,SCOTCHCODE,STDC_4DYW9,4DYW9,000000000000,Wire Marking Tape Dispenser with Tape,Hardware,EA,1,1, 63.72 , 63.72 ,D, 61.85 , 61.85 ,-1.87,Department of the Navy,"Other, not listed",No,No,No,No,No,No,No,DoD Emall,Government SmartPay Card,Standard,,98314,55445,0,0,11042014,WECsys,GS23FBPA013
M00010433056,11032014,3M,MGCPK100_4DYW7,4DYW7,000000000000,"Moisture Guard Connector,Blk,3Port,PK100",Hardware,PK,1,100, 155.09 , 155.09 ,D, 160.90 , 160.90 ,5.81,Department of the Navy,"Other, not listed",No,No,No,No,No,No,No,DoD Emall,Government SmartPay Card,Standard,,98314,55445,0,0,11042014,WECsys,GS23FBPA013
M00010433617,11032014,SUD CHEMIE,07601450024_2CXF4,2CXF4,000000000000,"Desiccant,Tyvek Packet, 0.83 cu ft,PK300",Hardware,PK,1,300, 110.99 , 110.99 ,D, 111.42 , 111.42 ,0.43,"Corps of Engineers, Civil","Other, not listed",No,No,No,No,No,No,No,DoD Emall,Government SmartPay Card,Standard,,39180,55445,0,0,11042014,WECsys,GS23FBPA013
M00010429610,11032014,STREAMLIGHT,65069_2RVN1,2RVN1,000000000000,"UV Flashlight,Black,11/2/2/7 L,LED,365nm",Hardware,EA,3,1, 38.45 , 115.35 ,D, 38.39 , 115.17 ,-0.06,Department of the Navy,"Other, not listed",No,No,No,No,No,No,No,DoD Emall,Government SmartPay Card,Standard,,93943,55445,0,0,11042014,WECsys,GS23FBPA013
MGAKM34891M,11042014,WESCO,274102_4YPR4,4YPR4,000000000000,"Fold Out Rear Wheel Carriage,725 lb.",Hardware,EA,-2,1," 1,182.57 "," (2,365.14)",C," 1,244.81 "," (2,489.62)",62.24,Department of the Air Force,"Other, not listed",No,No,No,No,No,No,No,GSA Advantage,Government SmartPay Card,Standard,,78243,55445,236.51,0,11042014,WECsys,GS23FBPA013
2015-015,10312014,PRESCO PRODUCTS CO,4521OG188_8TKK7,G3903365,000000000000,"Marking Flag,Orange Glo,Blank,PVC,PK100",Hardware,PK,8,100, 7.90 , 63.20 ,D, 7.90 , 63.20 ,0,Department of Agriculture,"Other, not listed",No,No,No,No,No,No,No,GSA Advantage,Government SmartPay Card,Standard,,30458,55445,0,0,11052014,WECsys,GS23FBPA013
2015-015,10312014,PRESCO PRODUCTS CO,4521OG188_8TKK7,G3903365,000000000000,"Marking Flag,Orange Glo,Blank,PVC,PK100",Hardware,PK,62,100, 7.90 , 489.80 ,D, 7.90 , 489.80 ,0,Department of Agriculture,"Other, not listed",No,No,No,No,No,No,No,GSA Advantage,Government SmartPay Card,Standard,,30458,55445,0,0,11052014,WECsys,GS23FBPA013
MGAKM96936M,11032014,WERA,05071012001_3EJX4,3EJX4,000000000000,"Phillips Inert Bit,SS,#3,1 In L",Hardware,EA,35,1, 3.93 , 137.55 ,D, 3.93 , 137.55 ,0,Department of the Air Force,"Other, not listed",No,No,No,No,No,No,No,GSA Advantage,Government SmartPay Card,Standard,,71110,55445,0,0,11052014,WECsys,GS23FBPA013
MGAKM98448M,11032014,ALBION,SO1062710G_4DE47,4DE47,000000000000,"Tubed Pneumatic Wheel,10 In,350 lb",Hardware,EA,8,1, 39.42 , 315.36 ,D, 39.42 , 315.36 ,0,Department of Justice,"Other, not listed",No,No,No,No,No,No,No,GSA Advantage,Government SmartPay Card,Standard,,48226,55445,0,0,11052014,WECsys,GS23FBPA013
MGAKM99376M,11032014,SALSBURY INDUSTRIES,4895BLK_3YNZ9,3YNZ9,000000000000,"Standard Post,Black",Hardware,EA,1,1, 109.79 , 109.79 ,D, 109.79 , 109.79 ,0,Department of Agriculture,"Other, not listed",No,No,No,No,No,No,No,GSA Advantage,Government SmartPay Card,Standard,,65622,55445,0,0,11052014,WECsys,GS23FBPA013
MGAKN00774M,11042014,ACCUFORM SIGNS,MASE816VA_6TUX8,6TUX8,000000000000,"Notice Security Sign,7 x 10In,AL,ENG",Hardware,EA,5,1, 21.09 , 105.45 ,D, 21.09 , 105.45 ,0,Department of Homeland Security,United States Coast Guard,No,No,No,No,No,No,No,GSA Advantage,Government SmartPay Card,Standard,,70380,55445,0,0,11052014,WECsys,GS23FBPA013
MGAKN01228M,11042014,PHILIPS ADVANCE,REZ2S32SC_3VK03,3VK03,000000000000,"Dimming Ballast,Electronic,120VLamp",Hardware,EA,6,1, 113.94 , 683.64 ,D, 113.94 , 683.64 ,0,Department of Veterans Affairs,"Other, not listed",No,No,No,No,No,No,No,GSA Advantage,Government SmartPay Card,Standard,,98493,55445,0,0,11052014,WECsys,GS23FBPA013
MGAKN01228M,11042014,LEVITON,66681I_6PYJ9,6PYJ9,000000000000,"Lighting Dimmer,Slide,1-Pole,500W,Ivory",Hardware,EA,2,1, 93.14 , 186.28 ,D, 93.14 , 186.28 ,0,Department of Veterans Affairs,"Other, not listed",No,No,No,No,No,No,No,GSA Advantage,Government SmartPay Card,Standard,,98493,55445,0,0,11052014,WECsys,GS23FBPA013
MGAKM98630M,11042014,GE LIGHTING,MVR175CU_5V691,5V691,000000000000,"Quartz Metal Halide Lamp,ED28,175W",Hardware,EA,6,1, 37.60 , 225.60 ,D, 37.60 , 225.60 ,0,Department of Education,Department of Defense Education Activity,No,No,No,No,No,No,No,GSA Advantage,Government SmartPay Card,Standard,,28307,55445,0,0,11052014,WECsys,GS23FBPA013
MGAKN01992M,11042014,APPROVED VENDOR,2NE67_2NE67,2NE67,000000000000,"Multi Screw Kit,252 PC",Hardware,EA,2,1, 52.68 , 105.36 ,D, 52.68 , 105.36 ,0,Department of Homeland Security,"Other, not listed",No,No,No,No,No,No,No,GSA Advantage,Government SmartPay Card,Standard,,78503,55445,0,0,11052014,WECsys,GS23FBPA013
MGAKN02586M,11052014,GOLDLINE,635000076_14J852,14J852,000000000000,"Bungee Strap Assortment,S-Hook,PK 10",Hardware,PK,10,10, 14.92 , 149.20 ,D, 14.92 , 149.20 ,0,Department of Veterans Affairs,"Other, not listed",No,No,No,No,No,No,No,GSA Advantage,Government SmartPay Card,Standard,,54660,55445,0,0,11062014,WECsys,GS23FBPA013
M00010436000,11052014,AIR HANDLER,2W233_2W233,2W233,000000000000,"Std Cap.Pleated Filter,20x25x2,MERV7",Hardware,EA,24,1, 10.00 , 240.00 ,D, 9.64 , 231.36 ,-0.36,Department of the Navy,"Other, not listed",No,No,No,No,No,No,No,DoD Emall,Government SmartPay Card,Standard,,98314,55445,0,0,11062014,WECsys,GS23FBPA013
MGAKN04186M,11052014,EDGE EYEWEAR,XDF610_20C453,20C453,000000000000,"Tactical Safety Glasses,Tiger Eye Lens",Hardware,EA,11,1, 9.41 , 103.51 ,D, 9.41 , 103.51 ,0,Department of Homeland Security,United States Coast Guard,No,No,No,No,No,No,No,GSA Advantage,Government SmartPay Card,Standard,,02109,55445,0,0,11062014,WECsys,GS23FBPA013
MGAKN04244M,11052014,CAROL,80140601080_1YPZ9,1YPZ9,000000000000,"Bulk Battery Cable,Black,2/0AWG,25 ft",Hardware,EA,1,1, 166.32 , 166.32 ,D, 166.32 , 166.32 ,0,Department of the Air Force,"Other, not listed",No,No,No,No,No,No,No,GSA Advantage,Government SmartPay Card,Standard,,73145,55445,0,0,11062014,WECsys,GS23FBPA013
MGAKN04244M,11052014,CAROL,80140603080_1YPZ8,1YPZ8,000000000000,"Bulk Battery Cable,Red,2/0AWG,25 ft",Hardware,EA,1,1, 166.32 , 166.32 ,D, 166.32 , 166.32 ,0,Department of the Air Force,"Other, not listed",No,No,No,No,No,No,No,GSA Advantage,Government SmartPay Card,Standard,,73145,55445,0,0,11062014,WECsys,GS23FBPA013
MGAKN04287M,11052014,AIR HANDLER,4WZ62_4WZ62,4WZ62,000000000000,"Filter Media Roll,135 ft.Lx24Wx1/2In. T",Hardware,EA,2,1, 70.67 , 141.34 ,D, 70.67 , 141.34 ,0,Department of Health and Human Services,Food and Drug Administration,No,No,No,No,No,No,No,GSA Advantage,Government SmartPay Card,Standard,,72079,55445,0,0,11062014,WECsys,GS23FBPA013
MGAKN04484M,11052014,DRIFIRE,DF4505TSDSL_36H429,36H429,000000000000,"FR Ultra Lightweight SS T-Shirt,DS,L",Hardware,EA,6,1, 48.20 , 289.20 ,D, 48.20 , 289.20 ,0,Department of the Air Force,Air National Guard (Not for Fleet Lease),No,No,No,No,No,No,No,GSA Advantage,Government SmartPay Card,Standard,,25405,55445,0,0,11062014,WECsys,GS23FBPA013
MGAKN04689M,11052014,BRADY,121033_6N786,6N786,000000000000,"Aisle Marking Tape,Dot,2In D,PK500",Hardware,PK,2,500, 80.53 , 161.06 ,D, 80.53 , 161.06 ,0,Department of Homeland Security,United States Coast Guard,No,No,No,No,No,No,No,GSA Advantage,Government SmartPay Card,Standard,,27909,55445,0,0,11062014,WECsys,GS23FBPA013
MGAKN05382M,11052014,DRILL DOCTOR,DD750X_6YB32,6YB32,000000000000,"Drill Bit Sharpener,115 To 140 Deg",Tools and Tool Cabinets,EA,1,1, 221.76 , 221.76 ,D, 221.76 , 221.76 ,0,Department of the Army,"Other, not listed",No,No,No,No,No,No,No,GSA Advantage,Government SmartPay Card,Standard,,66027,55445,0,0,11062014,WECsys,GS23FBPA013
M00010433019,10312014,MILWAUKEE HAND TRUCKS,310-33045,310-33045,091919330456,HEAVY DUTY P HANDLE HANDTRUCK W/ACE-TUFF,Hardware,EA,1,1, 95.00 , 95.00 ,D, 94.68 , 94.68 ,-0.32,Department of the Navy,"Other, not listed",No,No,No,No,No,No,No,DoD Emall,Government SmartPay Card,Standard,,98345,55445,0,0,11072014,WECsys,GS23FBPA013
P50096,11032014,RED HEAD,WS3454_3A463,3A463,000000000000,"Wedge Anchor,Stl,3/4x5 1/2 L,PK10",Hardware,PK,4,10, 42.34 , 169.36 ,D, 42.34 , 169.36 ,0,Department of Veterans Affairs,"Other, not listed",No,No,No,No,No,No,No,GSA Advantage,Government SmartPay Card,Standard,,85706,55445,0,0,11072014,WECsys,GS23FBPA013
MGAKN01401M,11042014,DURHAM,EGCC1250_16D716,16D716,000000000000,"Gas Cylinder Cabinet,50x42,Capacity 12",Hardware,EA,1,1," 1,593.72 "," 1,593.72 ",D," 1,593.72 "," 1,593.72 ",0,Department of the Navy,"Other, not listed",No,No,No,No,No,No,No,GSA Advantage,Government SmartPay Card,Standard,,29904,55445,0,0,11072014,WECsys,GS23FBPA013
15-0132,11042014,TRACEABLE,4321_6KED3,6KED3,000000000000,"Thermometer,-58 to 158F,LCD",Hardware,EA,10,1, 58.54 , 585.40 ,D, 58.54 , 585.40 ,0,Department of the Navy,"Other, not listed",No,No,No,No,No,No,No,GSA Advantage,Government SmartPay Card,Standard,,23511,55445,0,0,11072014,WECsys,GS23FBPA013
MGAKN03387M,11052014,ADVANCE PRODUCTS & SYSTEMS,T01150_3KHN3,3KHN3,000000000000,"Flange Spray Shield,L 16-3/8 In.PTFE",Hardware,EA,5,1, 31.05 , 155.25 ,D, 31.05 , 155.25 ,0,Department of Homeland Security,United States Coast Guard,No,No,No,No,No,No,No,GSA Advantage,Government SmartPay Card,Standard,,94590,55445,0,0,11072014,WECsys,GS23FBPA013
MGAKN03387M,11052014,ADVANCE PRODUCTS & SYSTEMS,T02150_3KHN9,3KHN9,000000000000,"Flange Spray Shield,L 21-7/8 In.PTFE",Hardware,EA,5,1, 35.13 , 175.65 ,D, 35.13 , 175.65 ,0,Department of Homeland Security,United States Coast Guard,No,No,No,No,No,No,No,GSA Advantage,Government SmartPay Card,Standard,,94590,55445,0,0,11072014,WECsys,GS23FBPA013
MGAKN03387M,11052014,ADVANCE PRODUCTS & SYSTEMS,T03150_3KHP3,3KHP3,000000000000,"Flange Spray Shield,L 26-9/16 In.PTFE",Hardware,EA,5,1, 42.97 , 214.85 ,D, 42.97 , 214.85 ,0,Department of Homeland Security,United States Coast Guard,No,No,No,No,No,No,No,GSA Advantage,Government SmartPay Card,Standard,,94590,55445,0,0,11072014,WECsys,GS23FBPA013
MGAKN03387M,11052014,ADVANCE PRODUCTS & SYSTEMS,PE04150_3KHP4,3KHP4,000000000000,"Flange Spray Shield,L 31-1/4 In.",Hardware,EA,5,1, 15.56 , 77.80 ,D, 15.56 , 77.80 ,0,Department of Homeland Security,United States Coast Guard,No,No,No,No,No,No,No,GSA Advantage,Government SmartPay Card,Standard,,94590,55445,0,0,11072014,WECsys,GS23FBPA013
MGAKN04871M,11052014,SALISBURY,SKCA8XL1200_30L115,30L115,000000000000,"Arc Coverall Kit w/AS1200HAT,8 Cal,XL",Hardware,EA,1,1, 598.88 , 598.88 ,D, 598.88 , 598.88 ,0,Department of Veterans Affairs,"Other, not listed",No,No,No,No,No,No,No,GSA Advantage,Government SmartPay Card,Standard,,60141,55445,0,0,11072014,WECsys,GS23FBPA013
MGAKN04871M,11052014,SALISBURY,SKCA8L1200_30L114,30L114,000000000000,"Arc Coverall Kit w/AS1200HAT,8 Cal,L",Hardware,EA,2,1, 598.88 ," 1,197.76 ",D, 598.88 ," 1,197.76 ",0,Department of Veterans Affairs,"Other, not listed",No,No,No,No,No,No,No,GSA Advantage,Government SmartPay Card,Standard,,60141,55445,0,0,11072014,WECsys,GS23FBPA013
MGAKN07675M,11062014,WOOSTER,R9149_6WB37,6WB37,000000000000,Paint Roller Kit,"Paints, Adhesives and Sealants",EA,10,1, 16.92 , 169.20 ,D, 16.92 , 169.20 ,0,Department of Agriculture,Forest Service,No,No,No,No,No,No,No,GSA Advantage,Government SmartPay Card,Standard,,81130,55445,0,0,11072014,WECsys,GS23FBPA013
MGAKN07675M,11062014,WOOSTER,RR013_3WA86,3WA86,000000000000,"Mini Roller Frame,12 In","Paints, Adhesives and Sealants",EA,10,1, 10.16 , 101.60 ,D, 10.16 , 101.60 ,0,Department of Agriculture,Forest Service,No,No,No,No,No,No,No,GSA Advantage,Government SmartPay Card,Standard,,81130,55445,0,0,11072014,WECsys,GS23FBPA013
MGAKN08973M,11062014,PERMA-PATCH,PP60C_3ZC17,3ZC17,000000000000,"Permanent Pavement Repair,60 lb.,Bag","Paints, Adhesives and Sealants",EA,10,1, 30.16 , 301.60 ,D, 30.16 , 301.60 ,0,"Corps of Engineers, Civil","Other, not listed",No,No,No,No,No,No,No,GSA Advantage,Government SmartPay Card,Standard,,39180,55445,0,0,11072014,WECsys,GS23FBPA013
MGAKK08538M,09022014,DRI-EAZ,F292_41H435,41H435,000000000000,"Low-Grain Dehumidifier,143 pt,115V,60Hz",Hardware,EA,1,1," 2,141.74 "," 2,141.74 ",D," 2,141.74 "," 2,141.74 ",0,Department of the Air Force,Air National Guard (Not for Fleet Lease),No,No,No,No,No,No,No,GSA Advantage,Government SmartPay Card,Standard,,62225,55445,0,0,11102014,WECsys,GS23FBPA013
WI 44349,09022014,AMPCO,W283_46C009,46C009,000000000000,"Hinged Handle Socket Wrench,1/2 in Dr",Tools and Tool Cabinets,EA,1,1, 145.03 , 145.03 ,D, 145.03 , 145.03 ,0,Department of the Navy,"Other, not listed",No,No,No,No,No,No,No,GSA Advantage,Check,Standard,,98277,55445,0,0,11102014,WECsys,GS23FBPA013
MGAKN10273M,11072014,EARTHWAY,2030PP_3EYG1,3EYG1,000000000000,"Broadcast Spreader,65 lb.,Pneumatic",Hardware,EA,4,1, 114.87 , 459.48 ,D, 114.87 , 459.48 ,0,Department of Agriculture,Forest Service,No,No,No,No,No,No,No,GSA Advantage,Government SmartPay Card,Standard,,37620,55445,0,0,11102014,WECsys,GS23FBPA013
P50039,11072014,MSA,MSA485364_3RRV4,3RRV4,000000000000,"Hard Hat,FrtBrim,Slotted,4PinLk,Pink",Hardware,EA,8,1, 15.06 , 120.48 ,D, 15.06 , 120.48 ,0,Department of Veterans Affairs,"Other, not listed",No,No,No,No,No,No,No,Phone,Government SmartPay Card,Standard,,97471,55445,0,0,11102014,WECsys,GS23FBPA013
4302G252,11072014,LEGACY,HFZ3850YW2_1TBA4,1TBA4,000000000000,"Air Hose,Coupled Assembly,3/8 In.",Hardware,EA,5,1, 53.22 , 266.10 ,D, 53.22 , 266.10 ,0,Department of the Navy,"Other, not listed",No,No,No,No,No,No,No,GSA Advantage,Government SmartPay Card,Standard,,93555,55445,0,0,11102014,WECsys,GS23FBPA013
MGAKN11482M,11072014,APPROVED VENDOR,ER70S212510T_41R380,41R380,000000000000,"Welding Rod,ER70S-2,1/8 In Dia.,10 lb.",Hardware,EA,3,1, 49.10 , 147.30 ,D, 49.10 , 147.30 ,0,Department of the Navy,"Other, not listed",No,No,No,No,No,No,No,GSA Advantage,Government SmartPay Card,Standard,,28542,55445,0,0,11102014,WECsys,GS23FBPA013
MGAKN12192M,11072014,KINGFISHER,5PU34_5PU34,5PU34,000000000000,"Grease Fitting,Button,1/8-27,PK10",Hardware,PK,5,10, 15.49 , 77.45 ,D, 15.49 , 77.45 ,0,"Corps of Engineers, Civil","Other, not listed",No,No,No,No,No,No,No,GSA Advantage,Government SmartPay Card,Standard,,15225,55445,0,0,11102014,WECsys,GS23FBPA013
MGAKN12192M,11072014,KINGFISHER,5PU35_5PU35,5PU35,000000000000,"Grease Fitting,Button,1/4-18,PK10",Hardware,PK,5,10, 15.48 , 77.40 ,D, 15.48 , 77.40 ,0,"Corps of Engineers, Civil","Other, not listed",No,No,No,No,No,No,No,GSA Advantage,Government SmartPay Card,Standard,,15225,55445,0,0,11102014,WECsys,GS23FBPA013
DANIEL0829,10102014,SPILFYTER,680044_3CNZ3,3CNZ3,000000000000,Decontamination Solution 4,Hardware,EA,2,1, 174.70 , 349.40 ,D, 174.70 , 349.40 ,0,Department of the Air Force,"Other, not listed",No,No,No,No,No,No,No,Phone,Government SmartPay Card,Standard,,23511,55445,0,0,11112014,WECsys,GS23FBPA013
6105415CCSS102,10272014,PLASTICADE,502RUBBER_3JVE1,3JVE1,000000000000,"Traffic Cone Base Weight,Black,15 In L",Hardware,EA,50,1, 45.55 ," 2,277.50 ",D, 47.95 ," 2,397.50 ",2.4,Department of the Navy,"Other, not listed",No,No,No,No,No,No,No,GSA Advantage,Government SmartPay Card,Standard,,96349,55445,0,0,11112014,WECsys,GS23FBPA013
MGAKM80672M,10272014,UNITED ABRASIVES-SAIT,23101_1ATZ3,G2160767,000000000000,"Abrsv Cut Whl,4-1/2 Dx0.045In T",Hardware,EA,100,1, 2.86 , 286.00 ,D, 2.86 , 286.00 ,0,Department of Homeland Security,"Other, not listed",No,No,No,No,No,No,No,GSA Advantage,Government SmartPay Card,Standard,,20135,55445,0,0,11112014,WECsys,GS23FBPA013
MGAKM80672M,10272014,CGW ABRASIVES,421-54025,42154025,655332540252,4-1/2X7/8 Z3-80 T29 ULTIMATE FLAP DISC,Hardware,EA,9,1, 4.42 , 39.78 ,D, 4.42 , 39.78 ,0,Department of Homeland Security,"Other, not listed",No,No,No,No,No,No,No,GSA Advantage,Government SmartPay Card,Standard,,20135,55445,0,0,11112014,WECsys,GS23FBPA013
MGAKM80672M,10272014,CGW ABRASIVES,421-54025,42154025,655332540252,4-1/2X7/8 Z3-80 T29 ULTIMATE FLAP DISC,Hardware,EA,91,1, 4.42 , 402.22 ,D, 4.42 , 402.22 ,0,Department of Homeland Security,"Other, not listed",No,No,No,No,No,No,No,GSA Advantage,Government SmartPay Card,Standard,,20135,55445,0,0,11112014,WECsys,GS23FBPA013
MGAKN00962M,11042014,JET,JSG96_42W970,42W970,000000000000,"Belt/Disc Sander,3/4 HP,6x48 Belt",Tools and Tool Cabinets,EA,1,1, 896.15 , 896.15 ,D, 896.15 , 896.15 ,0,Department of the Navy,"Other, not listed",No,No,No,No,No,No,No,GSA Advantage,Government SmartPay Card,Standard,,92145,55445,0,0,11112014,WECsys,GS23FBPA013
M00010436589,11052014,APPROVED VENDOR,4NLZ7_4NLZ7,G0741377,000000000000,"Cork Sheet,1/2 In Th,12x36 In",Hardware,EA,20,1, 5.99 , 119.80 ,D, 6.07 , 121.40 ,0.08,Department of the Navy,"Other, not listed",No,No,No,No,No,No,No,DoD Emall,Government SmartPay Card,Standard,,93043,55445,0,0,11112014,WECsys,GS23FBPA013
MPN-E-4F377-4M,11062014,PROTO,5C882,5C882,000000000000,"Proto / Stanley Socket Set, 3/8 In Dr, 20 pc",Tools and Tool Cabinets,EA,1,1, 154.56 , 154.56 ,D, 274.49 , 274.49 ,119.93,"Other, not listed","Other, not listed",Yes,No,No,No,No,No,No,Fax,EFT,Standard,,95304,55445,0,0,11112014,WECsys,GS23FBPA013
MGAKN07326M,11062014,RUBBERMAID,FG452089BLA_1FD42,1FD42,000000000000,"Utility Cart,500 lb. Load Cap.",Hardware,EA,1,1, 139.02 , 139.02 ,D, 139.02 , 139.02 ,0,"Corps of Engineers, Civil","Other, not listed",No,No,No,No,No,No,No,GSA Advantage,Government SmartPay Card,Standard,,28801,55445,0,0,11112014,WECsys,GS23FBPA013
573-P51737MM,11062014,SKILCRAFT,29JL72,29JL72,000000000000,"Scissors,SS,Bent,8-1/4 in.",Tools and Tool Cabinets,EA,36,1, 3.86 , 138.96 ,D, 4.17 , 150.12 ,0.31,Department of Veterans Affairs,"Other, not listed",Yes,Yes,No,No,No,No,No,GSA Advantage,Government SmartPay Card,Standard,,32608,55445,0,0,11112014,WECsys,GS23FBPA013
MGAKN13106M,11072014,DAYCO,80089_4GJW5,4GJW5,000000000000,"Fuel Injection Hose,ID 5/16 In",Hardware,EA,1,1, 196.87 , 196.87 ,D, 196.87 , 196.87 ,0,Department of the Army,"Other, not listed",No,No,No,No,No,No,No,GSA Advantage,Government SmartPay Card,Standard,,03755,55445,0,0,11112014,WECsys,GS23FBPA013
M00010439455,11072014,NASHUA,398_2W504,2W504,000000000000,"Duct Tape,48mm x 55m,11 mil,Silver",Hardware,EA,36,1, 13.38 , 481.68 ,D, 13.23 , 476.28 ,-0.15,Department of the Navy,"Other, not listed",No,No,No,No,No,No,No,DoD Emall,Government SmartPay Card,Standard,,98315,55445,0,0,11112014,WECsys,GS23FBPA013
MGAKN15264M,11102014,INGERSOLL-RAND,2135PTIMAX_1UMK7,1UMK7,000000000000,"Air Impact Wrench,1/2 In. Dr.,9800 rpm",Tools and Tool Cabinets,EA,1,1, 422.58 , 422.58 ,D, 422.58 , 422.58 ,0,Department of Homeland Security,United States Coast Guard,No,No,No,No,No,No,No,GSA Advantage,Government SmartPay Card,Standard,,20598,55445,0,0,11112014,WECsys,GS23FBPA013
MGAKN08063M,11062014,MUSTANG SURVIVAL,MRD030_5UYA7,G1227414,000000000000,"Ring Buoy with Reflective Tape,30 In",Hardware,EA,15,1, 88.36 ," 1,325.40 ",D, 88.36 ," 1,325.40 ",0,Department of Homeland Security,United States Coast Guard,No,No,No,No,No,No,No,GSA Advantage,Government SmartPay Card,Standard,,90731,55445,0,0,11122014,WECsys,GS23FBPA013
MGAKN15013M,11102014,UVEX BY HONEYWELL,3ZL19,3ZL19,000000000000,"Chem Splsh/Impct Rstnt Goggles,Antfg,Clr",Hardware,EA,12,1, 8.67 , 104.04 ,D, 9.20 , 110.40 ,0.53,Department of Homeland Security,United States Coast Guard,Yes,No,No,No,No,No,No,GSA Advantage,Government SmartPay Card,Standard,,94501,55445,0,0,11122014,WECsys,GS23FBPA013
M00010428927,10282014,WRIGHT TOOL,875-461,875461,076799004611,12PC 1/2DR DEEP METRIC IMPACT SOCKET SET W/TRAY,Tools and Tool Cabinets,SE,1,1, 125.27 , 125.27 ,D, 149.88 , 149.88 ,24.61,Department of the Navy,"Other, not listed",No,No,No,No,No,No,No,DoD Emall,Government SmartPay Card,Standard,,98315,55445,0,0,11132014,WECsys,GS23FBPA013
M00010438116,11062014,LOUISVILLE LADDER,443-FE1720,G8521554,728865068415,20' FIBERGLASS CHANNEL EXTENSION LADDER TYPE I,Hardware,EA,1,1, 273.20 , 273.20 ,D, 324.52 , 324.52 ,51.32,Office of the Secretary of Defense,Defense Logistics Agency,No,No,No,No,No,No,No,DoD Emall,Government SmartPay Card,Standard,,98314,55445,0,0,11132014,WECsys,GS23FBPA013
M00010438116,11062014,LOUISVILLE LADDER,443-FE1720,G8521554,728865068415,20' FIBERGLASS CHANNEL EXTENSION LADDER TYPE I,Hardware,EA,1,1, 273.20 , 273.20 ,D, 324.52 , 324.52 ,51.32,Office of the Secretary of Defense,Defense Logistics Agency,No,No,No,No,No,No,No,DoD Emall,Government SmartPay Card,Standard,,98314,55445,0,0,11132014,WECsys,GS23FBPA013
MGAKN16389M,11122014,LUMAPRO,4RZW2_4RZW2,4RZW2,000000000000,"Incandescent Light Bulb,S6,3W",Hardware,EA,20,1, 5.13 , 102.60 ,D, 5.13 , 102.60 ,0,Department of the Interior,Bureau of Land Management,No,No,No,No,No,No,No,GSA Advantage,Government SmartPay Card,Standard,,79124,55445,0,0,11132014,WECsys,GS23FBPA013
MGAKN16354M,11122014,SHOWA BEST,8005PFL_3AB65,3AB65,000000000000,"Disposable Gloves,Nitrile,L,Blue,PK50",Hardware,PK,12,50, 34.50 , 414.00 ,D, 34.50 , 414.00 ,0,Department of the Air Force,Air National Guard (Not for Fleet Lease),No,No,No,No,No,No,No,GSA Advantage,Government SmartPay Card,Standard,,25405,55445,0,0,11132014,WECsys,GS23FBPA013
MGAKN16354M,11122014,SHOWA BEST,8005XL_1AV58,1AV58,000000000000,"Disposable Gloves,Nitrile,XL,Blue,PK50",Hardware,PK,12,50, 34.60 , 415.20 ,D, 34.60 , 415.20 ,0,Department of the Air Force,Air National Guard (Not for Fleet Lease),No,No,No,No,No,No,No,GSA Advantage,Government SmartPay Card,Standard,,25405,55445,0,0,11132014,WECsys,GS23FBPA013
MGAKN16739M,11122014,RUST-OLEUM,248938_4YKY4,4YKY4,000000000000,"Engine Enamel,Low Gloss Blk,16 oz,Spray","Paints, Adhesives and Sealants",EA,24,1, 5.67 , 136.08 ,D, 5.67 , 136.08 ,0,Department of the Army,"Other, not listed",No,No,No,No,No,No,No,GSA Advantage,Government SmartPay Card,Standard,,80504,55445,0,0,11132014,WECsys,GS23FBPA013
MGAKN17772M,11122014,SPANSET,TS1215_8RPV3,8RPV3,000000000000,"Tow Strap,2 In x 15 Ft,Yellow",Hardware,EA,4,1, 36.67 , 146.68 ,D, 36.67 , 146.68 ,0,Department of the Army,"Other, not listed",No,No,No,No,No,No,No,GSA Advantage,Government SmartPay Card,Standard,,36362,55445,0,0,11132014,WECsys,GS23FBPA013
MGAKN17240M,11122014,CRESCENT,CTK170CMP2_3LJG9,3LJG9,000000000000,"Master Tool Set,General Purpose",Tools and Tool Cabinets,EA,1,1, 159.06 , 159.06 ,D, 159.06 , 159.06 ,0,Department of Veterans Affairs,"Other, not listed",No,No,No,No,No,No,No,GSA Advantage,Government SmartPay Card,Standard,,25701,55445,0,0,11132014,WECsys,GS23FBPA013
MGAKN17934M,11122014,ELVEX,GG40CAF_3JUF3,3JUF3,000000000000,"Dust Goggles,Antfg,Clr",Hardware,EA,20,1, 11.41 , 228.20 ,D, 11.41 , 228.20 ,0,Department of Homeland Security,United States Coast Guard,No,No,No,No,No,No,No,GSA Advantage,Government SmartPay Card,Standard,,95519,55445,0,0,11132014,WECsys,GS23FBPA013
MGAKM68538M,10212014,GE LIGHTING,F32T8SPP41ECO_4PL16,4PL16,000000000000,"Fluorescent Linear Lamp,T8,Cool,4100K",Hardware,EA,36,1, 4.21 , 151.56 ,D, 4.21 , 151.56 ,0,Department of the Air Force,"Other, not listed",No,No,No,No,No,No,No,GSA Advantage,Government SmartPay Card,Standard,,32542,55445,0,0,11142014,WECsys,GS23FBPA013
05M-0053MN,11032014,THERMOSAFE,500H_8AU01,8AU01,000000000000,Storage and Transport Chest,Hardware,EA,1,1, 982.87 , 982.87 ,D, 982.87 , 982.87 ,0,Department of the Air Force,"Other, not listed",No,No,No,No,No,No,No,GSA Advantage,Government SmartPay Card,Standard,,96853,55445,0,0,11142014,WECsys,GS23FBPA013
M00010441417,11122014,DEWALT,6VEE3,6VEE3,000000000000,"Battery Pack,18V,NiCd,2.2A/hr.,PK 2",Tools and Tool Cabinets,PK,3,2, 167.09 , 501.27 ,D, 164.66 , 493.98 ,-2.43,Department of the Navy,"Other, not listed",Yes,No,No,No,No,No,No,DoD Emall,Government SmartPay Card,Standard,,23459,55445,0,0,11142014,WECsys,GS23FBPA013
JC095MAT,11132014,ELVEX,GG45CAF_6ENR8,6ENR8,000000000000,"Safety Glasses,Clear,Antifog",Hardware,EA,25,1, 10.01 , 250.25 ,D, 10.01 , 250.25 ,0,Department of Homeland Security,United States Coast Guard,No,No,No,No,No,No,No,GSA Advantage,Government SmartPay Card,Standard,,23322,55445,0,0,11142014,WECsys,GS23FBPA013
MGAKN22176M,11132014,PURLOGIX,PMV2000NB_12X255,12X255,000000000000,"Water Cooler,POU Electronic,Floor",Hardware,EA,1,1, 994.47 , 994.47 ,D, 994.47 , 994.47 ,0,Department of the Air Force,Air National Guard (Not for Fleet Lease),No,No,No,No,No,No,No,GSA Advantage,Government SmartPay Card,Standard,,40213,55445,0,0,11172014,WECsys,GS23FBPA013
MGAKN25050M,11142014,ALBION,XS0520112G_5VT80,5VT80,000000000000,"Caster Wheel,375 lb.,5 D x 2 In.",Hardware,EA,4,1, 26.81 , 107.24 ,D, 26.81 , 107.24 ,0,Department of the Treasury,Bureau of Prisons,No,No,No,No,No,No,No,GSA Advantage,Government SmartPay Card,Standard,,31599,55445,0,0,11172014,WECsys,GS23FBPA013
MGAKN25719M,11142014,APPROVED VENDOR,1YZY4_1YZY4,1YZY4,000000000000,"Sheet Stck,24 In. W,24 In. L,0.250 In. T",Hardware,EA,32,1, 24.14 , 772.48 ,D, 24.14 , 772.48 ,0,Department of the Army,"Other, not listed",No,No,No,No,No,No,No,GSA Advantage,Government SmartPay Card,Standard,,39180,55445,0,0,11182014,WECsys,GS23FBPA013
MGAKN26553M,11172014,THOMAS & BETTS,HSKIT_4YF48,4YF48,000000000000,Heat Shrink Kit,Hardware,EA,2,1, 57.95 , 115.90 ,D, 57.95 , 115.90 ,0,Securities and Exchange Commission,"Other, not listed",No,No,No,No,No,No,No,GSA Advantage,Government SmartPay Card,Standard,,20549,55445,0,0,11182014,WECsys,GS23FBPA013
MGAKN27530M,11172014,GROTE,849465_2FFT3,2FFT3,000000000000,Ground Strap Braided,Hardware,EA,5,1, 20.17 , 100.85 ,D, 20.17 , 100.85 ,0,Department of the Air Force,"Other, not listed",No,No,No,No,No,No,No,GSA Advantage,Government SmartPay Card,Standard,,94535,55445,0,0,11182014,WECsys,GS23FBPA013
MGAKN28140M,11172014,MR. CHAIN,50002100_9JD57,9JD57,000000000000,"Plastic Chain,2 In x 100 ft,Yellow",Hardware,EA,1,1, 119.40 , 119.40 ,D, 119.40 , 119.40 ,0,Department of the Air Force,"Other, not listed",No,No,No,No,No,No,No,GSA Advantage,Government SmartPay Card,Standard,,93437,55445,0,0,11182014,WECsys,GS23FBPA013
MGAKM65839M,10202014,W F HARRIS LIGHTING,100WL20LED_5NKU0,5NKU0,000000000000,"Portable Work Light ,LED,29W,White",Hardware,EA,3,1, 738.76 ," 2,216.28 ",D, 777.64 ," 2,332.92 ",38.88,Department of the Air Force,"Other, not listed",No,No,No,No,No,No,No,GSA Advantage,Government SmartPay Card,Standard,,31098,55445,0,0,11192014,WECsys,GS23FBPA013
MGAKM65839M,10202014,W F HARRIS LIGHTING,100WL20LED_5NKU0,5NKU0,000000000000,"Portable Work Light ,LED,29W,White",Hardware,EA,1,1, 738.76 , 738.76 ,D, 777.64 , 777.64 ,38.88,Department of the Air Force,"Other, not listed",No,No,No,No,No,No,No,GSA Advantage,Government SmartPay Card,Standard,,31098,55445,0,0,11192014,WECsys,GS23FBPA013
BBGB6815W045,11182014,SQUARE D,HU361RB_1H375,1H375,000000000000,"Safety Switch,30A,600VAC,3PH",Hardware,EA,2,1, 317.12 , 634.24 ,D, 317.12 , 634.24 ,0,Independent U.S. Government Offices,"Other, not listed",No,No,No,No,No,No,No,GSA Advantage,Government SmartPay Card,Standard,,20151,55445,0,0,11192014,WECsys,GS23FBPA013
589-R51259,11182014,HANNA,HI98502_3KTN2,3KTN2,000000000000,"Digital Pocket Thermometer,LCD",Hardware,EA,2,1, 41.25 , 82.50 ,D, 41.25 , 82.50 ,0,Department of Veterans Affairs,"Other, not listed",No,No,No,No,No,No,No,Phone,Government SmartPay Card,Standard,,67218,55445,0,0,11192014,WECsys,GS23FBPA013
MGAKN30631M,11182014,APPROVED VENDOR,TRB860_9NT76,9NT76,000000000000,"Rope,PPL,Twisted,3/8 In. dia.,600 ft. L",Hardware,EA,3,1, 79.34 , 238.02 ,D, 79.34 , 238.02 ,0,Department of the Navy,"Other, not listed",No,No,No,No,No,No,No,GSA Advantage,Government SmartPay Card,Standard,,90740,55445,0,0,11192014,WECsys,GS23FBPA013
MGAKN31937M,11182014,RICE LAKE,12735_15F093,15F093,000000000000,"Calibration Weight,5kg,Stainless Steel",Hardware,EA,1,1, 339.29 , 339.29 ,D, 339.29 , 339.29 ,0,Department of Veterans Affairs,"Other, not listed",No,No,No,No,No,No,No,GSA Advantage,Government SmartPay Card,Standard,,29405,55445,0,0,11192014,WECsys,GS23FBPA013
MGAKN32428M,11182014,UVEX BY HONEYWELL,S3420X_2CVG7,2CVG7,000000000000,"OTG Goggles,Antfg,Clr",Hardware,EA,15,1, 21.37 , 320.55 ,D, 21.37 , 320.55 ,0,Department of the Navy,"Other, not listed",No,No,No,No,No,No,No,GSA Advantage,Government SmartPay Card,Standard,,93042,55445,0,0,11192014,WECsys,GS23FBPA013
MGAKN24715M,11142014,ENERGIZER,2LBJ6,2LBJ6,000000000000,"Battery,AA,Lithium,PK 8",Hardware,PK,10,8, 12.66 , 126.60 ,D, 19.19 , 191.90 ,6.53,Department of Homeland Security,United States Coast Guard,Yes,No,No,No,No,No,No,GSA Advantage,Government SmartPay Card,Standard,,73169,55445,0,0,11202014,WECsys,GS23FBPA013
MGAKN27233M,11172014,PREMIERE,CPM050P_4W973,G0797081,000000000000,"Ice Melt,Granular,50 lb. Carton,-8 F",Hardware,EA,8,1, 25.73 , 205.84 ,D, 25.73 , 205.84 ,0,Department of Veterans Affairs,"Other, not listed",No,No,No,No,No,No,No,GSA Advantage,Government SmartPay Card,Standard,,73538,55445,0,0,11202014,WECsys,GS23FBPA013
MGAKN33380M,11192014,MAGNECRAFT,16700DIN_6CUR2,6CUR2,000000000000,"DIN Rail, Aluminum, 39.37 In L",Hardware,EA,4,1, 31.99 , 127.96 ,D, 31.99 , 127.96 ,0,Department of the Navy,"Other, not listed",No,No,No,No,No,No,No,GSA Advantage,Government SmartPay Card,Standard,,20670,55445,0,0,11202014,WECsys,GS23FBPA013
MGAKN33403M,11192014,WESTWARD,4LZF9_4LZF9,4LZF9,000000000000,"Impact Bit Holder,3/8 In. Dr,2 In.",Tools and Tool Cabinets,EA,21,1, 4.80 , 100.80 ,D, 4.80 , 100.80 ,0,Department of the Air Force,"Other, not listed",No,No,No,No,No,No,No,GSA Advantage,Government SmartPay Card,Standard,,31699,55445,0,0,11202014,WECsys,GS23FBPA013
M00010447386,11192014,DAYTON,15035_4LEX7,4LEX7,000000000000,Swing Away Safety Guard,Tools and Tool Cabinets,EA,1,1, 161.01 , 161.01 ,D, 150.06 , 150.06 ,-10.95,Department of the Navy,"Other, not listed",No,No,No,No,No,No,No,DoD Emall,Government SmartPay Card,Standard,,32226,55445,0,0,11202014,WECsys,GS23FBPA013
MGAKN34919M,11192014,OTC,3167HD_1EAP6,1EAP6,000000000000,"Battery Tester,Kit,24 Volt",Hardware,EA,1,1, 820.02 , 820.02 ,D, 820.02 , 820.02 ,0,Department of the Interior,National Park Service,No,No,No,No,No,No,No,GSA Advantage,Government SmartPay Card,Standard,,92277,55445,0,0,11202014,WECsys,GS23FBPA013
MGAKN36231M,11192014,HUBBELL WIRING DEVICE-KELLEMS,HBL8431C_5Z890,5Z890,000000000000,"Plug,15-30P,30A,250V 3 Phase",Hardware,EA,1,1, 113.64 , 113.64 ,D, 113.64 , 113.64 ,0,Department of the Army,"Other, not listed",No,No,No,No,No,No,No,GSA Advantage,Government SmartPay Card,Standard,,39507,55445,0,0,11202014,WECsys,GS23FBPA013
MGAKN24855M,11142014,ACME ELECTRIC,T279746S_4WUE2,4WUE2,000000000000,"Transformer,Out 120/240,10kVA",Hardware,EA,2,1," 2,102.04 "," 4,204.08 ",D," 2,212.67 "," 4,425.34 ",110.63,Department of the Army,"Other, not listed",No,No,No,No,No,No,No,GSA Advantage,Government SmartPay Card,Standard,,20755,55445,0,0,11212014,WECsys,GS23FBPA013
MGAKN25132M,11142014,MILLER BY HONEYWELL,7700AYLGP1_19D185,19D185,000000000000,"Body Belt,20 to 60 In,2 Anchor Points",Hardware,EA,3,1, 950.36 ," 2,851.08 ",D," 1,000.38 "," 3,001.14 ",50.02,Office of the Secretary of Defense,"Other, not listed",No,No,No,No,No,No,No,GSA Advantage,Government SmartPay Card,Standard,,92518,55445,0,0,11212014,WECsys,GS23FBPA013
M00010444088,11142014,MR. CHAIN,30002300_8DLR5,G3786867,000000000000,"Plastic Chain,1-1/2 In x 300 ft,Yellow",Hardware,EA,4,1, 301.13 ," 1,204.52 ",D, 306.52 ," 1,226.08 ",5.39,Department of the Navy,"Other, not listed",No,No,No,No,No,No,No,DoD Emall,Government SmartPay Card,Standard,,98314,55445,0,0,11212014,WECsys,GS23FBPA013
MGAKN38542M,11202014,APC BY SCHNEIDER ELECTRIC,P6TM_6PYG6,6PYG6,000000000000,"Surge Protector,15A,6 Outlet,4 ft,Gray",Hardware,EA,4,1, 32.32 , 129.28 ,D, 32.32 , 129.28 ,0,Department of Homeland Security,Transportation Security Administration,No,No,No,No,No,No,No,GSA Advantage,Government SmartPay Card,Standard,,44720,55445,0,0,11212014,WECsys,GS23FBPA013
MGAKN30023M,11192014,INTERSIGN,6219615RED_8WRR2,8WRR2,000000000000,"Admittance Sign,5-1/2 x 5-1/2In,WHT/R",Hardware,EA,4,1, 33.47 , 133.88 ,D, 33.47 , 133.88 ,0,Department of Homeland Security,Immigration and Customs Enforcement,No,No,No,No,No,No,No,GSA Advantage,Government SmartPay Card,Standard,,20598,55445,0,0,11242014,WECsys,GS23FBPA013
MGAKN37274M,11192014,SIGNODE,34HOCSTDPKG_5ZV48,5ZV48,000000000000,"Strapping Seal,3/4 In.,Push,PK700",Hardware,PK,3,700, 209.93 , 629.79 ,D, 209.93 , 629.79 ,0,Department of the Army,"Other, not listed",No,No,No,No,No,No,No,GSA Advantage,Government SmartPay Card,Standard,,96376,55445,0,0,11242014,WECsys,GS23FBPA013
N660214314B130,11192014,OLFA,A1160B_5LC50,5LC50,000000000000,"Snap Art Blade,Pk10",Tools and Tool Cabinets,PK,10,10, 10.17 , 101.70 ,D, 10.17 , 101.70 ,0,Department of the Navy,"Other, not listed",No,No,No,No,No,No,No,GSA Advantage,Government SmartPay Card,Standard,,96306,55445,0,0,11242014,WECsys,GS23FBPA013
RDC150012,11212014,NELSON PAINT,2926GLYELLOW_3TWR6,3TWR6,000000000000,"Boundary Marking Paints,Yellow,1 gal.","Paints, Adhesives and Sealants",EA,2,1, 62.15 , 124.30 ,D, 62.15 , 124.30 ,0,Department of the Air Force,"Other, not listed",No,No,No,No,No,No,No,GSA Advantage,Government SmartPay Card,Standard,,93550,55445,0,0,11242014,WECsys,GS23FBPA013
MGAKN42306M,11212014,KURIYAMA,K315016_4HM07,4HM07,000000000000,"Braided Tubing,PVC,Flexible,1 In ID",Hardware,EA,1,1, 327.47 , 327.47 ,D, 327.47 , 327.47 ,0,Department of Homeland Security,United States Coast Guard,No,No,No,No,No,No,No,GSA Advantage,Government SmartPay Card,Standard,,98134,55445,0,0,11242014,WECsys,GS23FBPA013
MGAKN43050M,11212014,3M,Super77_3MA23,3MA23,000000000000,"Adhesive,Spray,16.75 Oz Can","Paints, Adhesives and Sealants",EA,12,1, 24.56 , 294.72 ,D, 24.56 , 294.72 ,0,Department of the Treasury,Office of the Inspector General for Tax Administration (TIGTA),No,No,No,No,No,No,No,GSA Advantage,Government SmartPay Card,Standard,,95821,55445,0,0,11242014,WECsys,GS23FBPA013
MGAKN37543M,11202014,3M,38377_2CTJ1,2CTJ1,000000000000,"Car Wash Soap, Concentrate",Hardware,EA,4,1, 32.38 , 129.52 ,D, 32.38 , 129.52 ,0,Department of the Air Force,"Other, not listed",No,No,No,No,No,No,No,GSA Advantage,Government SmartPay Card,Standard,,31098,55445,0,0,11252014,WECsys,GS23FBPA013
MGAKN43987M,11242014,GORILLA GLUE,7805002_4GZK6,4GZK6,000000000000,"Super Glue,Instant Bonding,15g Bottle","Paints, Adhesives and Sealants",EA,36,1, 5.57 , 200.52 ,D, 5.57 , 200.52 ,0,Department of the Navy,"Other, not listed",No,No,No,No,No,No,No,GSA Advantage,Government SmartPay Card,Standard,,19112,55445,0,0,11252014,WECsys,GS23FBPA013
MGAKN43987M,11242014,GORILLA TAPE,6003001_5REA3,5REA3,000000000000,"Duct Tape,2.88 In x 30 yd,17 mil,Black",Hardware,EA,24,1, 22.15 , 531.60 ,D, 22.15 , 531.60 ,0,Department of the Navy,"Other, not listed",No,No,No,No,No,No,No,GSA Advantage,Government SmartPay Card,Standard,,19112,55445,0,0,11252014,WECsys,GS23FBPA013
646-Q57130,11242014,EXTECH,407736_3ZH88,3ZH88,000000000000,"Meter,Sound Level",Hardware,EA,1,1, 336.09 , 336.09 ,D, 336.09 , 336.09 ,0,Department of Veterans Affairs,"Other, not listed",No,No,No,No,No,No,No,GSA Advantage,Government SmartPay Card,Standard,,15240,55445,0,0,11252014,WECsys,GS23FBPA013
MGAKN45049M,11242014,ONGUARD,868561133_8NET9,8NET9,000000000000,"Roll Down Hip Waders,Stl,Mens,Size11,PR1",Hardware,PR,1,1, 120.59 , 120.59 ,D, 120.59 , 120.59 ,0,Department of the Army,"Other, not listed",No,No,No,No,No,No,No,GSA Advantage,Government SmartPay Card,Standard,,01569,55445,0,0,11252014,WECsys,GS23FBPA013
MGAKN45049M,11242014,ONGUARD,868561033_8AEP8,8AEP8,000000000000,"Roll Down Hip Waders,Stl,Mens,Size10,PR1",Hardware,PR,1,1, 120.59 , 120.59 ,D, 120.59 , 120.59 ,0,Department of the Army,"Other, not listed",No,No,No,No,No,No,No,GSA Advantage,Government SmartPay Card,Standard,,01569,55445,0,0,11252014,WECsys,GS23FBPA013
MGAKN45049M,11242014,ONGUARD,868560933_8PE57,8PE57,000000000000,"Roll Down Hip Waders,Stl,Mens,Size 9,PR1",Hardware,PR,1,1, 120.59 , 120.59 ,D, 120.59 , 120.59 ,0,Department of the Army,"Other, not listed",No,No,No,No,No,No,No,GSA Advantage,Government SmartPay Card,Standard,,01569,55445,0,0,11252014,WECsys,GS23FBPA013
MGAKN45049M,11242014,ONGUARD,868561333_9HY54,9HY54,000000000000,"Roll Down Hip Waders,Stl,Mens,Size13,PR1",Hardware,PR,1,1, 120.59 , 120.59 ,D, 120.59 , 120.59 ,0,Department of the Army,"Other, not listed",No,No,No,No,No,No,No,GSA Advantage,Government SmartPay Card,Standard,,01569,55445,0,0,11252014,WECsys,GS23FBPA013
P51540,11242014,APPROVED VENDOR,4WMJ5_4WMJ5,4WMJ5,000000000000,"Safety Rail,Silver,15 In L",Hardware,EA,1,1, 78.06 , 78.06 ,D, 78.06 , 78.06 ,0,Department of Veterans Affairs,"Other, not listed",No,No,No,No,No,No,No,Fax,Government SmartPay Card,Standard,,93445,55445,0,0,11252014,WECsys,GS23FBPA013
DIRECTVOUCHERSTAMPS,09302014,UNISAN,871-32,87132,000000000000,"Stamp Pad, Black Ink",Tools and Tool Cabinets,EA,150,1, 3.00 , 450.00 ,D, 0.67 , 100.50 ,-2.33,Office of the Secretary of Defense,Defense Contract Audit Agency,No,No,No,No,No,No,No,E-mail,Government SmartPay Card,Standard,,20151,55445,0,0,11262014,WECsys,GS23FBPA013
MGAKN13077M,11072014,ENERGIZER,38W366,38W366,000000000000,"Battery,Alkaline,AAA,1.5V,PK 24",Hardware,PK,25,24, 6.71 , 167.75 ,D, 25.67 , 641.75 ,18.96,Department of the Air Force,"Other, not listed",Yes,No,No,No,No,No,No,GSA Advantage,Government SmartPay Card,Standard,,93524,55445,0,0,11262014,WECsys,GS23FBPA013
MGAKN13077M,11072014,ENERGIZER,EN93_38W367,38W367,000000000000,"Battery,Alkaline,C,1.5V,PK 12",Hardware,PK,4,12, 23.96 , 95.84 ,D, 23.96 , 95.84 ,0,Department of the Air Force,"Other, not listed",No,No,No,No,No,No,No,GSA Advantage,Government SmartPay Card,Standard,,93524,55445,0,0,11262014,WECsys,GS23FBPA013
SRS50015V0114,11252014,APOLLO,1060725_6KJ78,6KJ78,000000000000,"Safety Relief Valve,1-1/2 In,125 psi",Hardware,EA,8,1, 239.99 ," 1,919.92 ",D, 239.99 ," 1,919.92 ",0,Department of State,"Other, not listed",No,No,No,No,No,No,No,GSA Advantage,Government SmartPay Card,Standard,,20521,55445,0,0,11262014,WECsys,GS23FBPA013
MGAKN51221M-QNE402,11262014,BULK-STRAP,P34300R_4DYR1,4DYR1,000000000000,"Strap Webbing,300 ft. x 3/4 In.,375 lb.",Hardware,EA,2,1, 59.73 , 119.46 ,D, 59.73 , 119.46 ,0,Department of Homeland Security,United States Coast Guard,No,No,No,No,No,No,No,GSA Advantage,Government SmartPay Card,Standard,,08204,55445,0,0,11282014,WECsys,GS23FBPA013
MGAKN47962M,11252014,TSURUMI,HS375S61_38H473,38H473,000000000000,"Submersible Trash Pump,1 HP,115V",Hardware,EA,1,1, 749.20 , 749.20 ,D, 749.20 , 749.20 ,0,Department of the Army,"Other, not listed",No,No,No,No,No,No,No,GSA Advantage,Government SmartPay Card,Standard,,13602,55445,0,0,11282014,WECsys,GS23FBPA013
MGAKN52907M,11262014,SCHNEIDER ELECTRIC,XVBL37_6HM58,6HM58,000000000000,"Beacon,Steady,10W,Clear",Hardware,EA,1,1, 140.10 , 140.10 ,D, 140.10 , 140.10 ,0,Office of the Secretary of Defense,"Other, not listed",No,No,No,No,No,No,No,GSA Advantage,Government SmartPay Card,Standard,,25253,55445,0,0,11282014,WECsys,GS23FBPA013
MGAKN53009M,11262014,BRADY,86564_8CWM2,8CWM2,000000000000,"Eye Wash Sta Inspection Tag,Grn/Wht,PK10",Hardware,PK,6,10, 20.32 , 121.92 ,D, 20.32 , 121.92 ,0,Department of Health and Human Services,Center for Disease Control,No,No,No,No,No,No,No,GSA Advantage,Government SmartPay Card,Standard,,80521,55445,0,0,11282014,WECsys,GS23FBPA013
