Ord_Num,Ord_Date,Mfr_Name,Mfr_Part_No,Contractor_Part_No,UPC-A,Prod_Descr,Subcategory ,UOI,Qty,Items_Sold,BPA_Price,BPA_Ext_Price,Dbt_Crt_Ind,MAS_Price,MAS_Ext_Price,Disc_ Amt,Cust_Agency,Sub_Agency,Mkt_Basket_Flag,AbilityOne_Flag,Berry_Amend_Flag,CPG_Ind,BioPreferred_Ind,ENERGYSTAR_Ind,WaterSense_Ind,Sales_Ch,Pay_Method,Dlvry_Method,Ship_Wt,To_Zip_Code,From_Zip_Code,Frgt_Charge,Suppl_Fee,Fulfill_Date,Contr_Name,Contr_No
LGAKK80529L,09/02/2014,LCIndustries,8115001178249,77GD62,00000000000,Storage Box 14 3/4X12 X 9 1/2,Hardware,EA,3,25,47.79,143.37,D,47.79,143.37,0,United States Marshals Service,,Yes,Yes,No,No,No,No,No,GSA Advantage,Government SmartPay Card,Standard,129,45202,27703,0,0,,WRIGGLESWORTH ENTERPRISES,GS23FBA014
LGAKL03366L,09/05/2014,LCIndustries,8115001178249,77GD62,00000000000,Storage Box 14 3/4X12 X 9 1/3,Hardware,EA,5,25,47.79,238.95,D,47.79,238.95,0,DEPARTMENT OF THE NAVY,,Yes,Yes,No,No,No,No,No,GSA Advantage,Government SmartPay Card,Standard,215,32214,27703,0,0,,WRIGGLESWORTH ENTERPRISES,GS23FBA014
LGAKL06326L,09/05/2014,LCIndustries,8115001178249,77GD62,00000000000,Storage Box 14 3/4X12 X 9 1/4,Hardware,EA,20,25,47.79,955.8,D,47.79,955.8,0,DEPARTMENT OF HOMELAND SECURITY,,Yes,Yes,No,No,No,No,No,GSA Advantage,Government SmartPay Card,Standard,860,60018,27703,0,0,10022014,WRIGGLESWORTH ENTERPRISES,GS23FBA014
LGAKL06285L,09/05/2014,LCIndustries,8115001178249,77GD62,00000000000,Storage Box 14 3/4X12 X 9 1/5,Hardware,EA,20,25,47.79,955.8,D,47.79,955.8,0,DEPARTMENT OF HOMELAND SECURITY,,Yes,Yes,No,No,No,No,No,GSA Advantage,Government SmartPay Card,Standard,860,60666,27703,0,0,10022014,WRIGGLESWORTH ENTERPRISES,GS23FBA014
LGAKL11572L,09/08/2014,LCIndustries,8115001178249,77GD62,00000000000,Storage Box 14 3/4X12 X 9 1/6,Hardware,EA,78,25,47.79,3727.62,D,47.79,3727.62,0,Department of Health and Human Services,Indian Health Service,Yes,Yes,No,No,No,No,No,GSA Advantage,Government SmartPay Card,Standard,3354,73114,27703,0,0,10012014,WRIGGLESWORTH ENTERPRISES,GS23FBA014
LGAKL26397L,09/10/2014,LCIndustries,8115001178249,77GD62,00000000000,Storage Box 14 3/4X12 X 9 1/7,Hardware,EA,3,25,47.79,143.37,D,47.79,143.37,0,DEPARTMENT OF HEALTH AND HUMAN SERVICES,,Yes,Yes,No,No,No,No,No,GSA Advantage,Government SmartPay Card,Standard,129,59101,27703,0,0,9232014,WRIGGLESWORTH ENTERPRISES,GS23FBA014
LGAKL37142L,09/11/2014,LCIndustries,8115001178249,77GD62,00000000000,Storage Box 14 3/4X12 X 9 1/8,Hardware,EA,4,25,47.79,191.16,D,47.79,191.16,0,DEPARTMENT OF THE INTERIOR,,Yes,Yes,No,No,No,No,No,GSA Advantage,Government SmartPay Card,Standard,172,94102,27703,0,0,,WRIGGLESWORTH ENTERPRISES,GS23FBA014
LGAKL38746L,09/11/2014,LCIndustries,8115001178249,77GD62,00000000000,Storage Box 14 3/4X12 X 9 1/9,Hardware,EA,20,25,47.79,955.8,D,47.79,955.8,0,GENERAL SERVICES ADMINISTRATION,,Yes,Yes,No,No,No,No,No,GSA Advantage,Government SmartPay Card,Standard,860,28308,27703,0,0,9252014,WRIGGLESWORTH ENTERPRISES,GS23FBA014
LGAKL45650L,09/12/2014,LCIndustries,8115001178249,77GD62,00000000000,Storage Box 14 3/4X12 X 9 1/10,Hardware,EA,42,25,47.79,2007.18,D,47.79,2007.18,0,JUDICIARY,,Yes,Yes,No,No,No,No,No,GSA Advantage,Government SmartPay Card,Standard,1806,37203,27703,0,0,9242014,WRIGGLESWORTH ENTERPRISES,GS23FBA014
LGAKL45673L,09/12/2014,LCIndustries,8115001178249,77GD62,00000000000,Storage Box 14 3/4X12 X 9 1/11,Hardware,EA,4,25,47.79,191.16,D,47.79,191.16,0,SOCIAL SECURITY ADMINISTRATION,,Yes,Yes,No,No,No,No,No,GSA Advantage,Government SmartPay Card,Standard,172,20785,27703,0,0,9242014,WRIGGLESWORTH ENTERPRISES,GS23FBA014
LGAKL42191L,09/12/2014,LCIndustries,8115001178249,77GD62,00000000000,Storage Box 14 3/4X12 X 9 1/12,Hardware,EA,24,25,47.79,1146.96,D,47.79,1146.96,0,DEPARTMENT OF VETERANS AFFAIRS,,Yes,Yes,No,No,No,No,No,GSA Advantage,Government SmartPay Card,Standard,1032,33128,27703,0,0,10062014,WRIGGLESWORTH ENTERPRISES,GS23FBA014
LGAKL43010L,09/12/2014,LCIndustries,8115001178249,77GD62,00000000000,Storage Box 14 3/4X12 X 9 1/13,Hardware,EA,12,25,47.79,573.48,D,47.79,573.48,0,DEPARTMENT OF JUSTICE,,Yes,Yes,No,No,No,No,No,GSA Advantage,Government SmartPay Card,Standard,516,19114,27703,0,0,10012014,WRIGGLESWORTH ENTERPRISES,GS23FBA014
LGAKL60146L,09/16/2014,LCIndustries,8115001178249,77GD62,00000000000,Storage Box 14 3/4X12 X 9 1/14,Hardware,EA,3,25,47.79,143.37,D,47.79,143.37,0,SOCIAL SECURITY ADMINISTRATION,,Yes,Yes,No,No,No,No,No,GSA Advantage,Government SmartPay Card,Standard,129,10451,27703,0,0,10042014,WRIGGLESWORTH ENTERPRISES,GS23FBA014
LGAKL64884L,09/17/2014,LCIndustries,8115001178249,77GD62,00000000000,Storage Box 14 3/4X12 X 9 1/15,Hardware,EA,13,25,47.79,621.27,D,47.79,621.27,0,DEPARTMENT OF HOMELAND SECURITY,,Yes,Yes,No,No,No,No,No,GSA Advantage,Government SmartPay Card,Standard,559,33150,27703,0,0,,WRIGGLESWORTH ENTERPRISES,GS23FBA014
LGAKL67098L,09/17/2014,LCIndustries,8115001178249,77GD62,00000000000,Storage Box 14 3/4X12 X 9 1/16,Hardware,EA,3,25,47.79,143.37,D,47.79,143.37,0,DEPARTMENT OF LABOR,,Yes,Yes,No,No,No,No,No,GSA Advantage,Government SmartPay Card,Standard,129,80111,27703,0,0,10062014,WRIGGLESWORTH ENTERPRISES,GS23FBA014
LGAKL69903L,09/17/2014,LCIndustries,8115001178249,77GD62,00000000000,Storage Box 14 3/4X12 X 9 1/17,Hardware,EA,5,25,47.79,238.95,D,47.79,238.95,0,SOCIAL SECURITY ADMINISTRATION,,Yes,Yes,No,No,No,No,No,GSA Advantage,Government SmartPay Card,Standard,215,02148,27703,0,0,,WRIGGLESWORTH ENTERPRISES,GS23FBA014
LGAKL85901L,09/19/2014,LCIndustries,8115001178249,77GD62,00000000000,Storage Box 14 3/4X12 X 9 1/18,Hardware,EA,4,25,47.79,191.16,D,47.79,191.16,0,DEPARTMENT OF AGRICULTURE,,Yes,Yes,No,No,No,No,No,GSA Advantage,Government SmartPay Card,Standard,172,17110,27703,0,0,10062014,WRIGGLESWORTH ENTERPRISES,GS23FBA014
LGAKL89681L,09/22/2014,LCIndustries,8115001178249,77GD62,00000000000,Storage Box 14 3/4X12 X 9 1/19,Hardware,EA,8,25,47.79,382.32,D,47.79,382.32,0,DEPARTMENT OF THE INTERIOR,,Yes,Yes,No,No,No,No,No,GSA Advantage,Government SmartPay Card,Standard,344,80225,27703,0,0,10142014,WRIGGLESWORTH ENTERPRISES,GS23FBA014
LGAKL96548L,09/23/2014,LCIndustries,8115001178249,77GD62,00000000000,Storage Box 14 3/4X12 X 9 1/20,Hardware,EA,3,25,47.79,143.37,D,47.79,143.37,0,DEPARTMENT OF THE ARMY,,Yes,Yes,No,No,No,No,No,GSA Advantage,Government SmartPay Card,Standard,129,94720,27703,0,0,10142014,WRIGGLESWORTH ENTERPRISES,GS23FBA014
LGAKL90136L,09/23/2014,LCIndustries,8115001178249,77GD62,00000000000,Storage Box 14 3/4X12 X 9 1/21,Hardware,EA,62,25,47.79,2962.98,D,47.79,2962.98,0,DEPARTMENT OF ENERGY,,Yes,Yes,No,No,No,No,No,GSA Advantage,Government SmartPay Card,Standard,2666,23604,27703,0,0,10102014,WRIGGLESWORTH ENTERPRISES,GS23FBA014
LGAKL98637L,09/23/2014,LCIndustries,8115001178249,77GD62,00000000000,Storage Box 14 3/4X12 X 9 1/22,Hardware,EA,4,25,47.79,191.16,D,47.79,191.16,0,DEPARTMENT OF THE INTERIOR,,Yes,Yes,No,No,No,No,No,GSA Advantage,Government SmartPay Card,Standard,172,93003,27703,0,0,10082014,WRIGGLESWORTH ENTERPRISES,GS23FBA014
LGAKM01639L,09/24/2014,LCIndustries,8115001178249,77GD62,00000000000,Storage Box 14 3/4X12 X 9 1/23,Hardware,EA,16,25,47.79,764.64,D,47.79,764.64,0,Bureau of Prisons,,Yes,Yes,No,No,No,No,No,GSA Advantage,Government SmartPay Card,Standard,688,11232,27703,0,0,10012014,WRIGGLESWORTH ENTERPRISES,GS23FBA014
LGAKM06266L,09/24/2014,LCIndustries,8115001178249,77GD62,00000000000,Storage Box 14 3/4X12 X 9 1/24,Hardware,EA,4,25,47.79,191.16,D,47.79,191.16,0,DEPARTMENT OF HOMELAND SECURITY,,Yes,Yes,No,No,No,No,No,GSA Advantage,Government SmartPay Card,Standard,172,84056,27703,0,0,,WRIGGLESWORTH ENTERPRISES,GS23FBA014
LGAKM03493L,09/24/2014,LCIndustries,8115001178249,77GD62,00000000000,Storage Box 14 3/4X12 X 9 1/25,Hardware,EA,16,25,47.79,764.64,D,47.79,764.64,0,DEPARTMENT OF THE AIR FORCE,,Yes,Yes,No,No,No,No,No,GSA Advantage,Government SmartPay Card,Standard,688,85711,27703,0,0,9262014,WRIGGLESWORTH ENTERPRISES,GS23FBA014
LGAKM09316L,09/25/2014,LCIndustries,8115001178249,77GD62,00000000000,Storage Box 14 3/4X12 X 9 1/26,Hardware,EA,3,25,47.79,143.37,D,47.79,143.37,0,DEPARTMENT OF HOMELAND SECURITY,,Yes,Yes,No,No,No,No,No,GSA Advantage,Government SmartPay Card,Standard,129,63103,27703,0,0,10062014,WRIGGLESWORTH ENTERPRISES,GS23FBA014
LGAKM22756L,09/29/2014,LCIndustries,8115001178249,77GD62,00000000000,Storage Box 14 3/4X12 X 9 1/27,Hardware,EA,3,25,47.79,143.37,D,47.79,143.37,0,DEPARTMENT OF JUSTICE,,Yes,Yes,No,No,No,No,No,GSA Advantage,Government SmartPay Card,Standard,129,26301,27703,0,0,10092014,WRIGGLESWORTH ENTERPRISES,GS23FBA014
014876,09/29/2014,LCIndustries,8115001178249,77GD62,00000000000,Storage Box 14 3/4X12 X 9 1/28,Hardware,EA,40,25,47.79,1911.6,D,47.79,1911.6,0,DEPARTMENT OF HOMELAND SECURITY,,Yes,Yes,No,No,No,No,No,Email,Government SmartPay Card,Standard,1720,10278,27703,0,0,10102014,WRIGGLESWORTH ENTERPRISES,GS23FBA014
LGAKM38554L,09/30/2014,LCIndustries,8115001178249,77GD62,00000000000,Storage Box 14 3/4X12 X 9 1/29,Hardware,EA,4,25,47.79,191.16,D,47.79,191.16,0,DEPARTMENT OF THE AIR FORCE,,Yes,Yes,No,No,No,No,No,GSA Advantage,Government SmartPay Card,Standard,172,58271,27703,0,0,,WRIGGLESWORTH ENTERPRISES,GS23FBA014
LGAKM39231L,09/30/2014,LCIndustries,8115001178249,77GD62,00000000000,Storage Box 14 3/4X12 X 9 1/30,Hardware,EA,3,25,47.79,143.37,D,47.79,143.37,0,"IMMIGRATION COURT LISTING - DEPARTMENT OF JUSTICE NEW YORK, NY",,Yes,Yes,No,No,No,No,No,GSA Advantage,Government SmartPay Card,Standard,129,46971,27703,0,0,10142014,WRIGGLESWORTH ENTERPRISES,GS23FBA014
014656,09/23/2014,LCIndustries,8115001178249,77GD62,00000000000,Storage Box 14 3/4X12 X 9 1/31,Hardware,EA,1000,25,47.79,47790,D,47.79,47790,0,Department of Agriculture,Farm Service Agency,Yes,Yes,No,No,No,No,No,Email,EFT,Standard,43000,20024,27703,0,0,10142014,WRIGGLESWORTH ENTERPRISES,GS23FBA014
