Ord_num,Ord_date,Mfr_Name,Mfr_Part_No,Contractor_Part_No,UPC-A,Prod_Descr,SubCategory,UOI,Qty,Items_Sold,BPA_Price,BPA_Ext_Price,Dbt_Crt_ind,MAS_Price,MAS_Ext_Price,Disc_Amt,Cust_Agency,Sub_Agency,Mkt_Basket_Flag,AbilityOne_Flag,Berry_Amend_Flag,CPG_Ind,BioPreferred_Ind,ENERGYSTAR_Ind,WaterSense_Ind,Sales_Ch,Pay_Method,Dlvry_Method,Ship_Wt,To_Zip_Code,From_Zip_Code,Frgt_Charge,Suppl_Fee,Fulfill_Date,Contr_Name,Contr_No
MGAKM22014M,09292014,RUBBERMAID,RCP264000BK,CS78564-C4ZDH,086876015492,"5-Wheel Round Dolly, 20-55 gal. Capacity Delivery by UPS GROUND",MARKET BASKET - Hardware,EA,6,6,35.87,215.22,D,40.42,242.52,4.55,Department of the Air Force,ICBM Systems Directorate,Yes,No,No,No,No,No,No,GSA Advantage,Employee Credit Card,Standard,35.7,84056,80238,0,0,10012014,"Capitol Supply, Inc.",GS-23F-BA005
MGAKM26741M,09292014,DURACELL,DURMN1500B16,CS8575076-LCZ43R,041333704647,"AA Alkaline Batteries, 1.5 V, 16-pack Count Delivery by UPS GROUND",MARKET BASKET - Hardware,PK,3,8,10.63,31.89,D,11.99,35.97,1.36,Department of Justice,USAO,Yes,No,No,No,No,No,No,GSA Advantage,Employee Credit Card,Standard,3,57104,60188,0,0,10012014,"Capitol Supply, Inc.",GS-23F-BA005
MGAKM25595M,09292014,G E LIGHTING,72448-X36,CS12557761-J4GG7G,052088027868,"G E LIGHTING # 72448 - 36 EA by UPS/FedExGd, Westpointe, F32T8/SP41, 48 in , 32",Electrical,BD,4,4,85.89,343.56,D,100.49,401.96,14.6,Department of the Air Force,USAF,No,No,No,No,No,No,No,GSA Advantage,Employee Credit Card,Standard,1.6,20762,18106,0,0,10032014,"Capitol Supply, Inc.",GS-23F-BA005
MGAKM25766M,09292014,STANLEY,33725,CS8525212-D2VHWL,076174337259,STANLEY  33-725 - 1 CD by UPSFedExGd 25FTX1-14IN TAPE RULE The Manufacturer is ,MARKET BASKET - Hardware,EA,10,31,15.76,157.6,D,30.03,300.3,14.27,Department of the Air Force,US Air Force 377 MSG/CENE,Yes,No,No,No,No,No,No,GSA Advantage,Employee Credit Card,Standard,13.4,87117,25428,0,0,10012014,"Capitol Supply, Inc.",GS-23F-BA005
RDC140536,09292014,SIEMENS,US2:3TX7114-5DF13C,CS12859622-J8NSZ8,000000000000,"SIEMENS # US2:3TX7114-5DF13C - 1 EA , L38-131 by UPS/FedExGd, 120V,DPDT,8Pin Sq",HVAC,EA,1,1,7.41,7.41,D,8.67,8.67,1.26,Department of the Air Force,412th TEST WING OL PLANT 42,No,No,No,No,No,No,No,GSA Advantage,Employee Credit Card,Standard,0.1,93550,NULL,0,0,10012014,"Capitol Supply, Inc.",GS-23F-BA005
MGAKM29298M,09302014,JUSTRITE,JUS7150100,CS10324029-GTK517,697841140189,"JUSTRITE # 7150100 - 1 EA by UPS/FedExGd, 5 Gallon, 19 Liter, Type I, Red Gas C",Safety,EA,1,1,36.97,36.97,D,43.26,43.26,6.29,Department of Homeland Security,Customs and Border Protection,No,No,No,No,No,No,No,GSA Advantage,Employee Credit Card,Standard,7.8,98837,NULL,0,0,10012014,"Capitol Supply, Inc.",GS-23F-BA005
MGAKM29157M,09302014,STANLEY,33725,CS8525212-D2VHWL,076174337259,STANLEY  33-725 - 1 CD by UPSFedExGd 25FTX1-14IN TAPE RULE The Manufacturer is ,MARKET BASKET - Hardware,EA,2,31,15.76,31.52,D,30.03,60.06,14.27,Department of Homeland Security,Citizenship & Immigration Services,Yes,No,No,No,No,No,No,GSA Advantage,Employee Credit Card,Standard,2.68,94111,25428,0,0,10022014,"Capitol Supply, Inc.",GS-23F-BA005
MGAKM29029M,09302014,ENERGIZER,EVEE91SBP24H,CS9760498-F49FLR,039800475572,"AA Alkaline Batteries, 1.5 V, 24-Pack Count Delivery by UPS GROUND",MARKET BASKET - Hardware,PK,2,85,13.54,27.08,D,16.95,33.9,3.41,Department of the Air Force,USAF,Yes,No,No,No,No,No,No,GSA Advantage,Employee Credit Card,Standard,3,78234,77055,0,0,10012014,"Capitol Supply, Inc.",GS-23F-BA005
MGAKM37564M,09302014,ENERGIZER,EVEE91SBP24H,CS9760498-F49FLR,039800475572,"AA Alkaline Batteries, 1.5 V, 24-Pack Count Delivery by UPS GROUND",MARKET BASKET - Hardware,PK,2,85,13.54,27.08,D,16.95,33.9,3.41,Department of Agriculture,"USDA, ARS",Yes,No,No,No,No,No,No,GSA Advantage,Employee Credit Card,Standard,3,39762,35211,0,0,10012014,"Capitol Supply, Inc.",GS-23F-BA005
MGAKM31481M,09302014,NIB,6230007813671,CSZ-6230007813671,000000000000,"AbilityOne Item 6230007813671: Flashlight, w/Magnet, D Batteries, Black Deliver",MARKET BASKET - Hardware,EA,6,6,8.88,53.28,D,10.01,60.06,1.13,Department of Homeland Security,US CBP-Office Of The Chief Counsel,Yes,Yes,No,No,No,No,No,GSA Advantage,Employee Credit Card,Standard,NULL,21202,NULL,0,0,10032014,"Capitol Supply, Inc.",GS-23F-BA005
MGAKM31101M,09302014,HOOVER,AH30335,CS13608107-LBGKJL,073502034095,"HOOVER # AH30335 - 1 EA by UPS/FedExGd, 2X Concentrate, 32 OZ, Clean Plus Deter",Appliances & Electronics,EA,5,5,8.09,40.45,D,9.47,47.35,1.38,Department of the Air Force,LOGISTICS SUPPORT - USAF,No,No,No,No,No,No,No,GSA Advantage,Employee Credit Card,Standard,11,84056,25428,0,0,10032014,"Capitol Supply, Inc.",GS-23F-BA005
MGAKM30883M,09302014,ENERGIZER,EVEE91SBP24H,CS9760498-F49FLR,039800475572,"AA Alkaline Batteries, 1.5 V, 24-Pack Count Delivery by UPS GROUND",MARKET BASKET - Hardware,PK,3,85,13.54,40.62,D,16.95,50.85,3.41,Office of the Secretary of Defense,39 IOS,Yes,No,No,No,No,No,No,GSA Advantage,Employee Credit Card,Standard,4.5,32544,35211,0,0,10012014,"Capitol Supply, Inc.",GS-23F-BA005
MGAKM33363M,09302014,ENERGIZER,EVEE91SBP24H,CS9760498-F49FLR,039800475572,"AA Alkaline Batteries, 1.5 V, 24-Pack Count Delivery by UPS GROUND",MARKET BASKET - Hardware,PK,8,85,13.54,108.32,D,16.95,135.6,3.41,Social Security Administration,Socail Security Administration,Yes,No,No,No,No,No,No,GSA Advantage,Employee Credit Card,Standard,12,98104,98188,0,0,10012014,"Capitol Supply, Inc.",GS-23F-BA005
MGAKM33271M,09302014,EPT  EMERSON POWER,3001393,CS10207477-GCCZ8G,000000000000,"EPT EMERSON POWER # 3001393 - 1 EA , P36-710 by UPS/FedExGd, , 3001393 5VX710 B",HVAC,EA,7,7,32.23,225.61,D,37.71,263.97,5.48,Department of the Air Force,78 CES/CEOIM,No,No,No,No,No,No,No,GSA Advantage,Employee Credit Card,Standard,4.55,31098,NULL,0,0,10022014,"Capitol Supply, Inc.",GS-23F-BA005
MGAKM34693M,09302014,ELECTROLUX HOME PRODUCTS,SC684F,CS7122662-DWD8CT,023169100800,"ELECTROLUX HOME PRODUCTS # SC684F - 1 EA by UPS/FedExGd, Sanitaire Bagged Uprig",MRO Supplies,EA,2,2,162.71,325.42,D,190.37,380.74,27.66,Department of Homeland Security,DHS/ICE/INTEL,No,No,No,No,No,No,No,GSA Advantage,Employee Credit Card,Standard,36,20536,18106,0,0,10032014,"Capitol Supply, Inc.",GS-23F-BA005
MGAKM38236M,09302014,ENERGIZER,EVEE91SBP24H,CS9760498-F49FLR,039800475572,"AA Alkaline Batteries, 1.5 V, 24-Pack Count Delivery by UPS GROUND",MARKET BASKET - Hardware,PK,2,85,13.54,27.08,D,16.95,33.9,3.41,Department of Homeland Security,Homeland Security Investigations,Yes,No,No,No,No,No,No,GSA Advantage,Employee Credit Card,Standard,3,90831,91752,0,0,10012014,"Capitol Supply, Inc.",GS-23F-BA005
MGAKM37901M,09302014,NIB,6230015132663,CS8730855-TJ13T5,000000000000,AbilityOne Item 6230015132663: Flashlight Delivery by UPS GROUND,MARKET BASKET - Hardware,EA,3,3,10.37,31.11,D,11.69,35.07,1.32,Department of Agriculture,USDA-ARS,Yes,Yes,No,No,No,No,No,GSA Advantage,Employee Credit Card,Standard,0,72160,NULL,0,0,10012014,"Capitol Supply, Inc.",GS-23F-BA005
MGAKM38501M,09302014,DURACELL,DURMN1500B16,CS8575076-LCZ43R,041333704647,"AA Alkaline Batteries, 1.5 V, 16-pack Count Delivery by UPS GROUND",MARKET BASKET - Hardware,PK,5,8,10.63,53.15,D,11.99,59.95,1.36,Social Security Administration,SOCIAL SECURITY ADMINISTRATION,Yes,No,No,No,No,No,No,GSA Advantage,Employee Credit Card,Standard,5,75202,75061,0,0,10032014,"Capitol Supply, Inc.",GS-23F-BA005
MGAKM39104M,09302014,EVEREADY,E92LP16,CS12878741-J8RDS3,039800108111,AA Batteries 1.5 V 20-pack Count Delivery by UPS GROUND,MARKET BASKET - Hardware,PK,3,6,11.21,33.63,D,12.64,37.92,1.43,Judiciary,US Pretrial Services,Yes,No,No,No,No,No,No,GSA Advantage,Employee Credit Card,Standard,2.1,89501,NULL,0,0,10012014,"Capitol Supply, Inc.",GS-23F-BA005
MGAKM37306M,09302014,STANLEY,33725,CS8525212-D2VHWL,076174337259,STANLEY  33-725 - 1 CD by UPSFedExGd 25FTX1-14IN TAPE RULE The Manufacturer is ,MARKET BASKET - Hardware,EA,2,31,15.76,31.52,D,30.03,60.06,14.27,Department of the Air Force,Cannon Library,Yes,No,No,No,No,No,No,GSA Advantage,Employee Credit Card,Standard,2.68,88103,25428,0,0,10022014,"Capitol Supply, Inc.",GS-23F-BA005
MGAKM36752M,09302014,ENERGIZER,EVEE91SBP24H,CS9760498-F49FLR,039800475572,"AA Alkaline Batteries, 1.5 V, 24-Pack Count Delivery by UPS GROUND",MARKET BASKET - Hardware,PK,3,85,13.54,40.62,D,16.95,50.85,3.41,Department of the Air Force,908 AW/CCA,Yes,No,No,No,No,No,No,GSA Advantage,Employee Credit Card,Standard,4.5,36112,35211,0,0,10012014,"Capitol Supply, Inc.",GS-23F-BA005
MGAKL93040M,09222014,NIB,8115001178249,CS71850-CJ5ZV,352550604666,"AbilityOne Item 8115001178249: Storage Box - White, 14-3/4'' x 12'' x 9-1/2'', ",MARKET BASKET - Hardware,EA,2,-7,53.78,107.56,D,60.62,121.24,6.84,Department of Justice,Department of Justice,Yes,Yes,No,No,No,No,No,GSA Advantage,Employee Credit Card,Standard,80,46410,79936,0,0,10012014,"Capitol Supply, Inc.",GS-23F-BA005
14464900154,09232014,NIB,8115001178249,CS71850-CJ5ZV,352550604666,"AbilityOne Item 8115001178249: Storage Box - White, 14-3/4'' x 12'' x 9-1/2'', ",MARKET BASKET - Hardware,EA,3,-7,53.78,161.34,D,60.62,181.86,6.84,Judiciary,US PROBATION OFFICE,Yes,Yes,No,No,No,No,No,GSA Advantage,ETF,Standard,120,03301,79936,0,0,10012014,"Capitol Supply, Inc.",GS-23F-BA005
MGAKM00161M,09232014,NIB,8115001178249,CS71850-CJ5ZV,352550604666,"AbilityOne Item 8115001178249: Storage Box - White, 14-3/4'' x 12'' x 9-1/2'', ",MARKET BASKET - Hardware,EA,3,-7,53.78,161.34,D,60.62,181.86,6.84,Department of Homeland Security,USCIS,Yes,Yes,No,No,No,No,No,GSA Advantage,Employee Credit Card,Standard,120,95814,79936,0,0,10022014,"Capitol Supply, Inc.",GS-23F-BA005
MGAKM10859M,09252014,NIB,8115001178249,CS71850-CJ5ZV,352550604666,"AbilityOne Item 8115001178249: Storage Box - White, 14-3/4'' x 12'' x 9-1/2'', ",MARKET BASKET - Hardware,EA,1,-7,53.78,53.78,D,60.62,60.62,6.84,Department of Homeland Security,DHS,Yes,Yes,No,No,No,No,No,GSA Advantage,Employee Credit Card,Standard,40,05478,79936,0,0,10022014,"Capitol Supply, Inc.",GS-23F-BA005
MGAKM10631M,09252014,HILLMAN FASTENERS,122670-X6,CS7747566-DD6249,037504670804,"HILLMAN FASTENERS # 122670 - 6 EA by UPS/FedExGd, 40 Pack, Nickel, Thumb Tacks,",MRO Supplies,BD,7,7,3.73,26.11,D,4.37,30.59,0.64,Department of the Army,Department of the Army,No,No,No,No,No,No,No,GSA Advantage,Employee Credit Card,Standard,0.7,22315,18106,0,0,10022014,"Capitol Supply, Inc.",GS-23F-BA005
MGAKM16291M,09262014,NIB,8115001178249,CS71850-CJ5ZV,352550604666,"AbilityOne Item 8115001178249: Storage Box - White, 14-3/4'' x 12'' x 9-1/2'', ",MARKET BASKET - Hardware,EA,2,-7,53.78,107.56,D,60.62,121.24,6.84,Department of Homeland Security,DHS ICE OI,Yes,Yes,No,No,No,No,No,GSA Advantage,Employee Credit Card,Standard,80,77032,79936,0,0,10022014,"Capitol Supply, Inc.",GS-23F-BA005
MGAKM16367M,09262014,ELECTROLUX HOME PRODUCTS,SC5845B,CS10273432-GFXXFG,023169114395,"ELECTROLUX HOME PRODUCTS # SC5845B - 1 EA by UPS/FedExGd, Sanitaire Bagless Upr",MRO Supplies,EA,1,2,224.75,224.75,D,262.96,262.96,38.21,Department of the Air Force,377 ABW/XP,No,No,No,No,No,No,No,GSA Advantage,Employee Credit Card,Standard,24.4,87117,18106,0,0,10022014,"Capitol Supply, Inc.",GS-23F-BA005
MGAKM21719M,09282014,G E LIGHTING,62706-X6,CS13467336-LJRJNP,043168627061,"G E LIGHTING # 62706 - 6 EA by UPS/FedExGd, GE, 90PARH1500FL25TP, 90W, Par38, H",Electrical,BD,3,3,57.62,172.86,D,67.42,202.26,9.8,Department of Homeland Security,Customs & Border Protection,No,No,No,No,No,No,No,GSA Advantage,Employee Credit Card,Standard,2.73,59484,97477,0,0,10022014,"Capitol Supply, Inc.",GS-23F-BA005
MGAKM21719M,09282014,BUSSMANN MFG DIV,FRNR-50-X10,CS16615-M44R,051712101806,"BUSSMANN MFG DIV # FRNR-50 - 10 EA by UPS/FedExGd, 50A Type FRN-R Cartridge Fus",Electrical,BD,2,2,42.94,85.88,D,50.24,100.48,7.3,Department of Homeland Security,Customs & Border Protection,No,No,No,No,No,No,No,GSA Advantage,Employee Credit Card,Standard,0.24,59484,97477,0,0,10022014,"Capitol Supply, Inc.",GS-23F-BA005
MGAKM64133M,10172014,MARSHALLTOWN,15434,CS958971-JLSPXZ,000000000000,9X2-5/8'' Silver Flag Tipped Foxtail Duster Delivery by UPS GROUND,MRO Supplies,EA,15,15,4.67,70.05,D,5.26,78.9,0.59,Department of Homeland Security,"Other, not listed",No,No,No,No,No,No,No,GSA Advantage,Employee Credit Card,Standard,10.2,97118,NULL,0,0,10222014,"Capitol Supply, Inc.",GS-23F-BA005
P51035,10172014,JOHNSON CONTROLS,P66AAB-1C,CS749472-TDX9T,000000000000,"JOHNSON CONTROLS # P66AAB-1C - 1 EA , B13-347 by UPS/FedExGd, Electronic Fan Sp",HVAC,EA,2,2,248.32,496.64,D,293.48,586.96,45.16,Department of Veterans Affairs,"Other, not listed",No,No,No,No,No,No,No,GSA Advantage,Employee Credit Card,Standard,6.9,23249,NULL,0,0,10222014,"Capitol Supply, Inc.",GS-23F-BA005
MGAKM65122M,10172014,SUREFIRE,SF12BB,CSZ-SF12BB,000000000000,123A Lithium Batteries 12-pack Count Delivery by UPS GROUND,MARKET BASKET - Hardware,PK,2,12,17.31,34.62,D,19.51,39.02,2.2,Department of the Navy,"Other, not listed",Yes,Yes,No,No,No,No,No,GSA Advantage,Employee Credit Card,Standard,NULL,92135,NULL,0,0,10242014,"Capitol Supply, Inc.",GS-23F-BA005
10182014PM,10202014,3M,3M07185-X10,CS7520764-CXSTL8,300511310718,"3M # 07185 - 10 EA , NAPA MMM07185 by UPS/FedExGd, Respirator Masks - Particula",Safety,BD,1,1,29.32,29.32,D,34.3,34.3,4.98,Department of Homeland Security,"Other, not listed",No,No,No,No,No,No,No,GSA Advantage,ETF,Standard,0.29,59923,NULL,0,0,10282014,"Capitol Supply, Inc.",GS-23F-BA005
MGAKM67496M,10202014,ENERGIZER,EVEE91SBP24H,CS9760498-F49FLR,039800475572,"AA Alkaline Batteries, 1.5 V, 24-Pack Count Delivery by UPS GROUND",MARKET BASKET - Hardware,PK,2,85,13.54,27.08,D,16.95,33.9,3.41,Department of the Interior,Bureau of Reclamation,Yes,No,No,No,No,No,No,GSA Advantage,Employee Credit Card,Standard,3,79935,85009,0,0,10212014,"Capitol Supply, Inc.",GS-23F-BA005
MGAKM73110M,10222014,ENERGIZER,EVEE91SBP24H,CS9760498-F49FLR,039800475572,"AA Alkaline Batteries, 1.5 V, 24-Pack Count Delivery by UPS GROUND",MARKET BASKET - Hardware,PK,2,85,13.54,27.08,D,16.95,33.9,3.41,Department of the Interior,"Other, not listed",Yes,No,No,No,No,No,No,GSA Advantage,Employee Credit Card,Standard,3,83540,98188,0,0,10232014,"Capitol Supply, Inc.",GS-23F-BA005
MGAKM73117M,10222014,ENERGIZER,EVEE91SBP24H,CS9760498-F49FLR,039800475572,"AA Alkaline Batteries, 1.5 V, 24-Pack Count Delivery by UPS GROUND",MARKET BASKET - Hardware,PK,3,85,13.54,40.62,D,16.95,50.85,3.41,Department of the Air Force,"Other, not listed",Yes,No,No,No,No,No,No,GSA Advantage,Employee Credit Card,Standard,4.5,76311,75007,0,0,10232014,"Capitol Supply, Inc.",GS-23F-BA005
MGAKM73117M,10222014,ELECTROLUX HOME PRODUCTS,SC5845B,CS10273432-GFXXFG,023169114395,"ELECTROLUX HOME PRODUCTS # SC5845B - 1 EA by UPS/FedExGd, Sanitaire Bagless Upr",MRO Supplies,EA,1,2,224.75,224.75,D,262.96,262.96,38.21,Department of the Air Force,"Other, not listed",No,No,No,No,No,No,No,GSA Advantage,Employee Credit Card,Standard,24.4,76311,56001,0,0,10292014,"Capitol Supply, Inc.",GS-23F-BA005
CC013-ENG,10222014,G E LIGHTING,26667-X36,CS731544-G9Z1F,043168266673,"G E LIGHTING # 26667 - 36 EA by UPS/FedExGd, GE, F32T8/SP35/ECO, 32W, 4' Ecolux",Electrical,BD,2,2,90.96,181.92,D,106.43,212.86,15.47,Department of Homeland Security,"Other, not listed",No,No,No,No,No,No,No,GSA Advantage,Employee Credit Card,Standard,0.88,97415,97477,0,0,10252014,"Capitol Supply, Inc.",GS-23F-BA005
MGAKM74284M,10232014,MINTCRAFT,FE-50635,CS8538521-DHKY3H,045734918900,"MINTCRAFT # FE-50635 - 1 CD 4 by UPS/FedExGd, 7/8 BLACK RUBBER LEG TIP, The Man",MRO Supplies,EA,4,4,7.69,30.76,D,9,36,1.31,Department of the Air Force,"Other, not listed",No,No,No,No,No,No,No,GSA Advantage,Employee Credit Card,Standard,1.03,19902,25428,0,0,10252014,"Capitol Supply, Inc.",GS-23F-BA005
15KLS010,10222014,DEWITT COMPANY,PRO BLK6300,CS7926768-DCVF38,042579816071,"DEWITT COMPANY # PRO BLK6300 - 1 EA by UPS/FedExGd, 6' x 300', 3 OZ, Black, Pro",Outdoor,EA,6,6,138.67,832.02,D,163.88,983.28,25.21,Department of Agriculture,"Other, not listed",No,No,No,No,No,No,No,GSA Advantage,Employee Credit Card,Standard,240,50010,64147,0,0,10252014,"Capitol Supply, Inc.",GS-23F-BA005
607R51175,10232014,JOHNSON CONTROLS,P70LB-1C,CS748393-TDHW1,000000000000,"JOHNSON CONTROLS # P70LB-1C - 1 EA , B11-565 by UPS/FedExGd, Commercial Dual Pr",HVAC,EA,1,1,111.74,111.74,D,130.74,130.74,19,Department of Veterans Affairs,"Other, not listed",No,No,No,No,No,No,No,GSA Advantage,Employee Credit Card,Standard,3.2,53705,NULL,0,0,10312014,"Capitol Supply, Inc.",GS-23F-BA005
MGAKM76978M,10232014,ENERGIZER,EVEE91SBP24H,CS9760498-F49FLR,039800475572,"AA Alkaline Batteries, 1.5 V, 24-Pack Count Delivery by UPS GROUND",MARKET BASKET - Hardware,PK,2,85,13.54,27.08,D,16.95,33.9,3.41,Department of the Air Force,"Other, not listed",Yes,No,No,No,No,No,No,GSA Advantage,Employee Credit Card,Standard,3,23665,23222,0,0,10252014,"Capitol Supply, Inc.",GS-23F-BA005
MGAKM77299M,10232014,GARDNER BENDER,GTB-408-X5,CS13463623-LJ869L,032076069902,"GARDNER BENDER # GTB-408 - 5 EA by UPS/FedExGd, 8 Circuit, 30A, 600V, 22-10 Awg",Electrical,BD,5,5,33.87,169.35,D,39.63,198.15,5.76,Department of the Interior,"Other, not listed",No,No,No,No,No,No,No,GSA Advantage,Employee Credit Card,Standard,1.1,89005,97477,0,0,10292014,"Capitol Supply, Inc.",GS-23F-BA005
MGAKM77299M,10232014,GARDNER BENDER,GTB-406-X5,CS13830192-L4VWR6,032076069896,"GARDNER BENDER # GTB-406 - 5 EA by UPS/FedExGd, 6 Circuit, 30A, 600V, 22-10 Awg",Electrical,BD,5,5,26.21,131.05,D,30.67,153.35,4.46,Department of the Interior,"Other, not listed",No,No,No,No,No,No,No,GSA Advantage,Employee Credit Card,Standard,0.75,89005,75110,0,0,10292014,"Capitol Supply, Inc.",GS-23F-BA005
MGAKM77326M,10242014,ENERGIZER,EVEE91SBP24H,CS9760498-F49FLR,039800475572,"AA Alkaline Batteries, 1.5 V, 24-Pack Count Delivery by UPS GROUND",MARKET BASKET - Hardware,PK,2,85,13.54,27.08,D,16.95,33.9,3.41,Department of the Interior,"Other, not listed",Yes,No,No,No,No,No,No,GSA Advantage,Employee Credit Card,Standard,3,89020,85009,0,0,10252014,"Capitol Supply, Inc.",GS-23F-BA005
MGAKM77588M,10242014,EAR,3181009,CS8196616-DW66M5,000000000000,EAR  318-1009 - 1 BOX OF  200 PR by UPSFedExGd PUSH-INS WGRIP RINGSCORDED  Feat,MARKET BASKET - Hardware,CA,3,3,73.17,219.51,D,117.33,351.99,44.16,Department of the Air Force,"Other, not listed",Yes,No,No,No,No,No,No,GSA Advantage,Employee Credit Card,Standard,0,31098,NULL,0,0,10282014,"Capitol Supply, Inc.",GS-23F-BA005
MGAKM77588M,10242014,EAR,3111254,CS13611755-LM9WB4,080529110596,EAR  311-1254 - 1 BOX OF  200 PR by UPSFedExGd E-A-R SOFT SUPERFIT REGSIZE CORD,MARKET BASKET - Hardware,CA,8,8,34.97,279.76,D,57.16,457.28,22.19,Department of the Air Force,"Other, not listed",Yes,No,No,No,No,No,No,GSA Advantage,Employee Credit Card,Standard,0,31098,NULL,0,0,10282014,"Capitol Supply, Inc.",GS-23F-BA005
MGAKM62430M,10172014,MALCO PRODUCTS,TY4G,CS760217-TT6B2,000000000000,"MALCO PRODUCTS # TY4G - 1 EA , H24-583 by UPS/FedExGd, Cable Tie Tensioning Too",HVAC,EA,1,1,36.07,36.07,D,42.2,42.2,6.13,Department of the Army,"Other, not listed",No,No,No,No,No,No,No,GSA Advantage,Employee Credit Card,Standard,0.85,20755,NULL,0,0,10222014,"Capitol Supply, Inc.",GS-23F-BA005
MGAKM62349M,10172014,G E LIGHTING,10316-X6,CS710962-G6NRY,043168980524,"G E LIGHTING # 10316 - 6 EA by UPS/FedExGd, GE, F30T8CW, 30W, Cool White Fluore",Electrical,BD,1,-5,41.35,41.35,D,48.38,48.38,7.03,Department of the Interior,National Park Service,No,No,No,No,No,No,No,GSA Advantage,Employee Credit Card,Standard,0.3,80228,80239,0,0,10222014,"Capitol Supply, Inc.",GS-23F-BA005
MGAKM62226M,10172014,NIB,8115001178249,CS71850-CJ5ZV,352550604666,"AbilityOne Item 8115001178249: Storage Box - White, 14-3/4'' x 12'' x 9-1/2'', ",MARKET BASKET - Hardware,EA,4,-7,53.78,215.12,D,60.62,242.48,6.84,Department of Veterans Affairs,"Other, not listed",Yes,Yes,No,No,No,No,No,GSA Advantage,Employee Credit Card,Standard,160,63125,79936,0,0,10242014,"Capitol Supply, Inc.",GS-23F-BA005
MGAKM61770M,10172014,WELLS LAMONT,173M-X12,CS29142-27KF,053300042904,"WELLS LAMONT # 173M - 12 EA by UPS/FedExGd, Medium, 13 in , Orange, Heavy Duty ",Outdoor,BD,2,2,33.92,67.84,D,39.69,79.38,5.77,Department of Homeland Security,"Other, not listed",No,No,No,No,No,No,No,GSA Advantage,Employee Credit Card,Standard,0.4,07002,18106,0,0,10222014,"Capitol Supply, Inc.",GS-23F-BA005
MGAKM63313M,10172014,FIREPOWER WELDING,FIR14400108,CS7464113-WC5VHV,716352175562,"FIREPOWER WELDING # 14400108 - 1 EA , NAPA FPW14400108 by UPS/FedExGd, Arc Weld",Machining,EA,1,1,105.33,105.33,D,123.24,123.24,17.91,Department of Homeland Security,"Other, not listed",No,No,No,No,No,No,No,GSA Advantage,Employee Credit Card,Standard,22.68,02190,NULL,0,0,10212014,"Capitol Supply, Inc.",GS-23F-BA005
MGAKM63392M,10172014,NATIONAL MFG,N218-958-X20,CS17348-MR2G,038613218956,"NATIONAL MFG # N218-958 - 20 EA by UPS/FedExGd, 10 in x 12 in , White, Steel Sh",MRO Supplies,BD,1,1,32.65,32.65,D,38.2,38.2,5.55,Department of the Army,"Other, not listed",No,No,No,No,No,No,No,GSA Advantage,Employee Credit Card,Standard,0.35,54656,60033,0,0,10222014,"Capitol Supply, Inc.",GS-23F-BA005
MGAKM66581M,10202014,EPT  EMERSON POWER,1083005,CS8477325-D2JDSN,000000000000,"EPT EMERSON POWER # 1083005 - 1 EA , P34-046 by UPS/FedExGd, , 1083005 B46 BELT",HVAC,EA,4,4,9.97,39.88,D,11.66,46.64,1.69,Department of the Interior,"Other, not listed",No,No,No,No,No,No,No,GSA Advantage,Employee Credit Card,Standard,2.4,89005,NULL,0,0,10242014,"Capitol Supply, Inc.",GS-23F-BA005
MGAKM66581M,10202014,WERNER COMPANY,D6232-2,CS12073-LSZ2,051751019155,"WERNER COMPANY # D6232-2 - 1 EA , X90-223 by Truck, Aluminum Extension Ladder ,",HVAC,EA,3,3,482.91,1448.73,D,570.73,1712.19,87.82,Department of the Interior,"Other, not listed",No,No,No,No,No,No,No,GSA Advantage,Employee Credit Card,Standard,222,89005,25428,0,0,10222014,"Capitol Supply, Inc.",GS-23F-BA005
MGAKM67572M,10202014,3M,3M49832,CS7521575-CYZJDY,500212004983,"3M # 49832 - 1 EA , NAPA MMM49832 by UPS/FedExGd, Duct Tapes - Cloth Utility, R",MRO Supplies,EA,48,48,16.06,770.88,D,18.98,911.04,2.92,Department of the Interior,"Other, not listed",No,No,No,No,No,No,No,GSA Advantage,Employee Credit Card,Standard,29.86,89005,NULL,0,0,10272014,"Capitol Supply, Inc.",GS-23F-BA005
MGAKM68384M,10212014,KENT/EUROCLEAN,56649232,CS12816614-JHCCW1,000000000000,"KENT/EUROCLEAN # 56649232 - 1 PK by UPS/FedExGd, 23 in REFILL SHEETS - 200, The",MRO Supplies,PK,1,1,99.77,99.77,D,116.73,116.73,16.96,Department of Veterans Affairs,"Other, not listed",No,No,No,No,No,No,No,GSA Advantage,Employee Credit Card,Standard,5.7,37130,NULL,0,0,10302014,"Capitol Supply, Inc.",GS-23F-BA005
MGAKM77985M,10242014,ENERGIZER,EVEE91SBP24H,CS9760498-F49FLR,039800475572,"AA Alkaline Batteries, 1.5 V, 24-Pack Count Delivery by UPS GROUND",MARKET BASKET - Hardware,PK,4,85,13.54,54.16,D,16.95,67.8,3.41,Office of the Secretary of Defense,"Other, not listed",Yes,No,No,No,No,No,No,GSA Advantage,Employee Credit Card,Standard,6,76708,75007,0,0,10252014,"Capitol Supply, Inc.",GS-23F-BA005
MGAKM78908M,10242014,STANLEY,33725,CS8525212-D2VHWL,076174337259,STANLEY  33-725 - 1 CD by UPSFedExGd 25FTX1-14IN TAPE RULE The Manufacturer is ,MARKET BASKET - Hardware,EA,2,31,15.76,31.52,D,30.03,60.06,14.27,Department of Homeland Security,United States Coast Guard,Yes,No,No,No,No,No,No,GSA Advantage,Employee Credit Card,Standard,2.68,23690,25428,0,0,10292014,"Capitol Supply, Inc.",GS-23F-BA005
MGAKM80191M,10272014,EPT  EMERSON POWER,1082148,CS8477240-D2JWS2,000000000000,"EPT EMERSON POWER # 1082148 - 1 EA , P33-037 by UPS/FedExGd, , 1082148 A37 BELT",HVAC,EA,5,5,6.01,30.05,D,7.03,35.15,1.02,Department of State,"Other, not listed",No,No,No,No,No,No,No,GSA Advantage,Employee Credit Card,Standard,1.5,20521,NULL,0,0,10302014,"Capitol Supply, Inc.",GS-23F-BA005
MGAKM79812M,10242014,RL FLO-MASTER,1996JSA,CS6547475-91FGZ,000000000000,"RL FLO-MASTER # 1996JSA - 1 EA , X89-496 by UPS/FedExGd, Sprayer , 1996JSA 2GAL",HVAC,EA,22,22,46.58,1024.76,D,55.05,1211.1,8.47,Department of Homeland Security,"Other, not listed",No,No,No,No,No,No,No,GSA Advantage,Employee Credit Card,Standard,116.6,85711,NULL,0,0,10302014,"Capitol Supply, Inc.",GS-23F-BA005
MGAKM82519M,10272014,ENERGIZER,EVEE91SBP24H,CS9760498-F49FLR,039800475572,"AA Alkaline Batteries, 1.5 V, 24-Pack Count Delivery by UPS GROUND",MARKET BASKET - Hardware,PK,2,85,13.54,27.08,D,16.95,33.9,3.41,General Services Administration,"Other, not listed",Yes,No,No,No,No,No,No,GSA Advantage,Employee Credit Card,Standard,3,10278,10941,0,0,10282014,"Capitol Supply, Inc.",GS-23F-BA005
MGAKM82344M,10272014,DELTA FAUCET,100-DST,CS10000022-F11FC7,034449593335,"DELTA FAUCET # 100-DST - 1 EA by UPS/FedExGd, Classic Series, Chrome, Single Le",Plumbing,EA,1,1,69.87,69.87,D,81.75,81.75,11.88,Office of the Secretary of Defense,"Other, not listed",No,No,No,No,No,No,No,GSA Advantage,Employee Credit Card,Standard,4.56,21702,25428,0,0,10292014,"Capitol Supply, Inc.",GS-23F-BA005
MGAKM81798M,10272014,STANLEY,DA-1532,CS8490788-D2M6HJ,077914036586,"STANLEY # DA-1532 - 1 BX40C by UPS/FedExGd, 2IN STICK FINISH NAIL 15GA, The Man",Fasteners,EA,1,1,44.35,44.35,D,51.89,51.89,7.54,Department of the Navy,"Other, not listed",No,No,No,No,No,No,No,GSA Advantage,Employee Credit Card,Standard,10,98314,25428,0,0,10302014,"Capitol Supply, Inc.",GS-23F-BA005
MGAKM83602M,10282014,NIB,4020002402146,CS9817997-GKY9NB,000000000000,AbilityOne Item 4020002402146: Nylon Cord - Natural Delivery by UPS GROUND,MARKET BASKET - Hardware,SL,1,1,160.28,160.28,D,180.64,180.64,20.36,Department of the Interior,"Other, not listed",Yes,Yes,No,No,No,No,No,GSA Advantage,Employee Credit Card,Standard,0,28801,NULL,0,0,10302014,"Capitol Supply, Inc.",GS-23F-BA005
MGAKM83900M,10282014,S C JOHNSON WAX,01849-X12,CS726176-G1L3J,046500018497,"S C JOHNSON WAX # 01849 - 12 EA by UPS/FedExGd, Off! OZ, Sportsmen Deep Woods, ",Outdoor,BD,1,1,67.48,67.48,D,78.95,78.95,11.47,Department of Agriculture,"Other, not listed",No,No,No,No,No,No,No,GSA Advantage,Employee Credit Card,Standard,0.17,34972,30236,0,0,10312014,"Capitol Supply, Inc.",GS-23F-BA005
MGAKM84030M,10282014,DURACELL,DURDL123AB2BPK,CS56019-13FK,041333212104,"Ultra High Power Lithium Battery, 123, 3.0 V, 2-pack Count  Delivery by UPS GRO",MARKET BASKET - Hardware,PK,4,14,7.33,29.32,D,8.26,33.04,0.93,Department of the Army,"Other, not listed",Yes,No,No,No,No,No,No,GSA Advantage,Employee Credit Card,Standard,0.39,58504,80238,0,0,10302014,"Capitol Supply, Inc.",GS-23F-BA005
MGAKM84630M,10282014,ENERGIZER,EVEE91SBP24H,CS9760498-F49FLR,039800475572,"AA Alkaline Batteries, 1.5 V, 24-Pack Count Delivery by UPS GROUND",MARKET BASKET - Hardware,PK,2,85,13.54,27.08,D,16.95,33.9,3.41,Department of Justice,Drug Enforcement Administration,Yes,No,No,No,No,No,No,GSA Advantage,Employee Credit Card,Standard,3,85635,13057,0,0,10302014,"Capitol Supply, Inc.",GS-23F-BA005
MGAKM88359M,10292014,DURACELL,DURDL123AB2BPK,CS56019-13FK,041333212104,"Ultra High Power Lithium Battery, 123, 3.0 V, 2-pack Count  Delivery by UPS GRO",MARKET BASKET - Hardware,PK,10,14,7.33,73.3,D,8.26,82.6,0.93,Department of Homeland Security,"Other, not listed",Yes,No,No,No,No,No,No,GSA Advantage,Employee Credit Card,Standard,0.97,90012,91749,0,0,10312014,"Capitol Supply, Inc.",GS-23F-BA005
MGAKM88330M,10292014,ENERGIZER,EVEE91SBP24H,CS9760498-F49FLR,039800475572,"AA Alkaline Batteries, 1.5 V, 24-Pack Count Delivery by UPS GROUND",MARKET BASKET - Hardware,PK,2,85,13.54,27.08,D,16.95,33.9,3.41,Office of the Secretary of Defense,"Other, not listed",Yes,No,No,No,No,No,No,GSA Advantage,Employee Credit Card,Standard,3,44285,49512,0,0,10302014,"Capitol Supply, Inc.",GS-23F-BA005
MGAKM89412M,10292014,ENERGIZER,EVEE91SBP24H,CS9760498-F49FLR,039800475572,"AA Alkaline Batteries, 1.5 V, 24-Pack Count Delivery by UPS GROUND",MARKET BASKET - Hardware,PK,3,85,13.54,40.62,D,16.95,50.85,3.41,National Aeronautics and Space Administration,"Other, not listed",Yes,No,No,No,No,No,No,GSA Advantage,Employee Credit Card,Standard,4.5,23681,23222,0,0,10302014,"Capitol Supply, Inc.",GS-23F-BA005
MGAKM41657M,10012014,ENERGIZER,EVEE91SBP24H,CS9760498-F49FLR,039800475572,"AA Alkaline Batteries, 1.5 V, 24-Pack Count Delivery by UPS GROUND",MARKET BASKET - Hardware,PK,20,85,13.54,270.8,D,16.95,339,3.41,Department of the Air Force,"Other, not listed",Yes,No,No,No,No,No,No,GSA Advantage,Employee Credit Card,Standard,30,93524,91752,0,0,10042014,"Capitol Supply, Inc.",GS-23F-BA005
MGAKM40386M,10012014,PROTO,45664612RD,CS8047036-TVJVDY,076174407587,PROTO  456646-12RD - 1 EA by UPSFedExGd RED 12 DRAWER WORKSTATION 66X46 in  The,MARKET BASKET - Hardware,PC,1,1,3219.89,3219.89,D,4701.05,4701.05,1481.16,Department of the Air Force,"Other, not listed",Yes,No,No,No,No,No,No,GSA Advantage,Employee Credit Card,Standard,0,84056,NULL,0,0,10232014,"Capitol Supply, Inc.",GS-23F-BA005
MGAKM39813M,10012014,NIB,8115001178249,CS71850-CJ5ZV,352550604666,"AbilityOne Item 8115001178249: Storage Box - White, 14-3/4'' x 12'' x 9-1/2'', ",MARKET BASKET - Hardware,EA,4,-7,53.78,215.12,D,60.62,242.48,6.84,Department of the Air Force,"Other, not listed",Yes,Yes,No,No,No,No,No,GSA Advantage,Employee Credit Card,Standard,160,30069,79936,0,0,10092014,"Capitol Supply, Inc.",GS-23F-BA005
MGAKM41906M,10012014,GHENT MANUFACTURING,AK35,CS8382919-DFDLZ1,000000000000,"GHENT MANUFACTURING # AK35 - 1 EA by UPS/FedExGd, CORKBOARD 60X36 in , The Manu",MRO Supplies,EA,1,1,107.56,107.56,D,125.85,125.85,18.29,Department of Agriculture,"Other, not listed",No,No,No,No,No,No,No,GSA Advantage,Employee Credit Card,Standard,20,24531,NULL,0,0,10102014,"Capitol Supply, Inc.",GS-23F-BA005
CC66-222TE4-02,10012014,STANLEY,33725,CS8525212-D2VHWL,076174337259,STANLEY  33-725 - 1 CD by UPSFedExGd 25FTX1-14IN TAPE RULE The Manufacturer is ,MARKET BASKET - Hardware,EA,10,31,15.76,157.6,D,30.03,300.3,14.27,Independent U.S. Government Offices,"Other, not listed",Yes,No,No,No,No,No,No,GSA Advantage,ETF,Standard,13.4,40516,25428,0,0,10082014,"Capitol Supply, Inc.",GS-23F-BA005
MGAKM42492M,10012014,3M,6132-BA-100-X10,CS7749880-DWR365,054007061328,"3M # 6132-BA-100 - 10 EA by UPS/FedExGd, Scotch Super 33+, 3/4 in x 66', Black,",Electrical,BD,2,2,47.64,95.28,D,55.74,111.48,8.1,Department of the Interior,Bureau of Reclamation,No,No,No,No,No,No,No,GSA Advantage,Employee Credit Card,Standard,0.52,59919,97477,0,0,10042014,"Capitol Supply, Inc.",GS-23F-BA005
MGAKM42492M,10012014,3M,6143-BA-100-X10,CS7749907-DDWJDP,054007061434,"3M # 6143-BA-100 - 10 EA by UPS/FedExGd, Scotch Super 88 Tape, 3/4 in x 66', Vi",Electrical,BD,2,2,52.18,104.36,D,61.05,122.1,8.87,Department of the Interior,Bureau of Reclamation,No,No,No,No,No,No,No,GSA Advantage,Employee Credit Card,Standard,0.58,59919,97477,0,0,10042014,"Capitol Supply, Inc.",GS-23F-BA005
MGAKM42492M,10012014,CLOROX,30176-X12,CS8168993-DN1T64,044600301761,"CLOROX # 30176 - 12 EA , COX30176 by UPS/FedExGd, Toilet Bowl Cleaner, Rain Cle",MRO Supplies,BD,1,1,44.3,44.3,D,51.83,51.83,7.53,Department of the Interior,Bureau of Reclamation,No,No,No,No,No,No,No,GSA Advantage,Employee Credit Card,Standard,0.25,59919,97477,0,0,10042014,"Capitol Supply, Inc.",GS-23F-BA005
MGAKM42653M,10012014,LYON METAL PROD,NF2097,CS12811073-J2X5YG,000000000000,"LYON METAL PROD # NF2097 - 1 EA by UPS/FedExGd, FOOTREST, The Manufacturer is l",Material Handling,EA,1,1,135.72,135.72,D,158.79,158.79,23.07,Department of the Interior,Bureau of Reclamation,No,No,No,No,No,No,No,GSA Advantage,Employee Credit Card,Standard,31,84138,NULL,0,0,10242014,"Capitol Supply, Inc.",GS-23F-BA005
MGAKM43885M,10022014,BAY STATE CABLE TIES,B7S9C,CS10358969-GTPWS3,000000000000,"BAY STATE CABLE TIES # B7S9C - 1 EA , G22-276 by UPS/FedExGd, Cable Ties White ",HVAC,EA,20,20,2.47,49.4,D,2.89,57.8,0.42,Office of the Secretary of Defense,"Other, not listed",No,No,No,No,No,No,No,GSA Advantage,Employee Credit Card,Standard,4,76311,NULL,0,0,10072014,"Capitol Supply, Inc.",GS-23F-BA005
MGAKM43541M,10012014,KIMBERLY-CLARK,01840,CS20491-738D,136000018407,"KIMBERLY-CLARK # 01840 - 1 EA by UPS/FedExGd, Tradition, 16 Pack, 250 Count, 1 ",MRO Supplies,EA,1,1,49.75,49.75,D,58.21,58.21,8.46,Department of Agriculture,"Other, not listed",No,No,No,No,No,No,No,GSA Advantage,Employee Credit Card,Standard,15.6,59758,97477,0,0,10042014,"Capitol Supply, Inc.",GS-23F-BA005
MGAKM44303M,10022014,NIB,8115001178249,CS71850-CJ5ZV,352550604666,"AbilityOne Item 8115001178249: Storage Box - White, 14-3/4'' x 12'' x 9-1/2'', ",MARKET BASKET - Hardware,EA,2,-7,53.78,107.56,D,60.62,121.24,6.84,Department of Veterans Affairs,"Other, not listed",Yes,Yes,No,No,No,No,No,GSA Advantage,Employee Credit Card,Standard,80,80401,79936,0,0,10092014,"Capitol Supply, Inc.",GS-23F-BA005
MGAKM45142M,10022014,ENERGIZER,EVEE91SBP24H,CS9760498-F49FLR,039800475572,"AA Alkaline Batteries, 1.5 V, 24-Pack Count Delivery by UPS GROUND",MARKET BASKET - Hardware,PK,2,85,13.54,27.08,D,16.95,33.9,3.41,Department of the Interior,"Other, not listed",Yes,No,No,No,No,No,No,GSA Advantage,Employee Credit Card,Standard,3,57433,64120,0,0,10032014,"Capitol Supply, Inc.",GS-23F-BA005
MGAKM46269M,10032014,EVEREADY,E92LP16,CS12878741-J8RDS3,039800108111,AA Batteries 1.5 V 20-pack Count Delivery by UPS GROUND,MARKET BASKET - Hardware,PK,3,6,11.21,33.63,D,12.64,37.92,1.43,Department of Homeland Security,"Other, not listed",Yes,No,No,No,No,No,No,GSA Advantage,Employee Credit Card,Standard,2.1,78041,NULL,0,0,10042014,"Capitol Supply, Inc.",GS-23F-BA005
MGAKM46392M,10032014,WINDSOR,86000500,CS12617001-J4S16K,000086000500,"WINDSOR # 86000500 - 1 EA by UPS/FedExGd, Sensor FILTER BAG PACK, The Manufactu",MRO Supplies,EA,10,10,26.49,264.9,D,30.99,309.9,4.5,Department of Veterans Affairs,"Other, not listed",No,No,No,No,No,No,No,GSA Advantage,Employee Credit Card,Standard,0,85723,NULL,0,0,10192014,"Capitol Supply, Inc.",GS-23F-BA005
MGAKM49344M,10072014,SOUTHWIRE,10/3NM-WGX50,CS8516677-D25K4B,032886263637,"SOUTHWIRE # 10/3NM-WGX50 - 1 EA by UPS/FedExGd, 10/3NM-WGX50FT BUILDING WIRE, T",Electrical,EA,1,1,66.28,66.28,D,77.55,77.55,11.27,Department of the Army,"Other, not listed",No,No,No,No,No,No,No,GSA Advantage,Employee Credit Card,Standard,9.76,03755,25428,0,0,10092014,"Capitol Supply, Inc.",GS-23F-BA005
MGAKM50679M,10082014,M-D BUILDING PRODUCTS,78048-X6,CS8535892-F42H2G,043374780482,"M-D BUILDING PRODUCTS # 78048 - 6 EA by UPS/FedExGd, 3/4X36 SILVR CARPET SEAMBI",MRO Supplies,BD,4,4,25.46,101.84,D,29.79,119.16,4.33,Department of the Army,"Other, not listed",No,No,No,No,No,No,No,GSA Advantage,Employee Credit Card,Standard,0.76,96113,25428,0,0,10102014,"Capitol Supply, Inc.",GS-23F-BA005
MGAKM51078M,10082014,MASTER,3KALF-3210,CS15835-TG1BBV,071649025709,"MASTER # 3KALF-3210 - 1 EA by UPS/FedExGd, 1-1/2 in Laminated Padlock With Keye",MRO Supplies,EA,6,6,8.73,52.38,D,10.21,61.26,1.48,Department of the Navy,"Other, not listed",No,No,No,No,No,No,No,GSA Advantage,Employee Credit Card,Standard,2.94,23511,25428,0,0,10102014,"Capitol Supply, Inc.",GS-23F-BA005
15-2,10082014,ENERGIZER,EVEE91SBP24H,CS9760498-F49FLR,039800475572,"AA Alkaline Batteries, 1.5 V, 24-Pack Count Delivery by UPS GROUND",MARKET BASKET - Hardware,PK,2,85,13.54,27.08,D,16.95,33.9,3.41,Judiciary,"Other, not listed",Yes,No,No,No,No,No,No,GSA Advantage,ETF,Standard,3,51101,64120,0,0,10102014,"Capitol Supply, Inc.",GS-23F-BA005
MGAKM52369M,10092014,EPT  EMERSON POWER,1083179,CS8477341-D2JDYK,000000000000,"EPT EMERSON POWER # 1083179 - 1 EA , P34-062 by UPS/FedExGd, , 1083179 B62 BELT",HVAC,EA,6,6,11.79,70.74,D,13.8,82.8,2.01,Department of the Air Force,"Other, not listed",No,No,No,No,No,No,No,GSA Advantage,Employee Credit Card,Standard,4.2,31098,NULL,0,0,10242014,"Capitol Supply, Inc.",GS-23F-BA005
MGAKM54160M,10102014,EAR,312-1222-X200,CS7981750-WSYJZM,080529120168,"EAR # 312-1222 - 200 PR by UPS/FedExGd, EZ-FIT EAR PLUGS W/CORD,  Features: Der",Safety,BD,5,5,53.85,269.25,D,63,315,9.15,Department of the Air Force,"Other, not listed",No,No,No,No,No,No,No,GSA Advantage,Employee Credit Card,Standard,0,31098,NULL,0,0,10142014,"Capitol Supply, Inc.",GS-23F-BA005
MGAKM53266M,10092014,ENERGIZER,EVEE91SBP24H,CS9760498-F49FLR,039800475572,"AA Alkaline Batteries, 1.5 V, 24-Pack Count Delivery by UPS GROUND",MARKET BASKET - Hardware,PK,1,85,13.54,13.54,D,16.95,16.95,3.41,Department of Commerce,"Other, not listed",Yes,No,No,No,No,No,No,GSA Advantage,Employee Credit Card,Standard,1.5,22314,20794,0,0,10102014,"Capitol Supply, Inc.",GS-23F-BA005
MGAKM53604M,10092014,HILLMAN FASTENERS,122640-X6,CS7747555-DWVZBL,037504679623,"HILLMAN FASTENERS # 122640 - 6 EA by UPS/FedExGd, 16 Pack, Clear Push Pin, Card",MRO Supplies,BD,7,7,4.6,32.2,D,5.38,37.66,0.78,Department of the Navy,"Other, not listed",No,No,No,No,No,No,No,GSA Advantage,Employee Credit Card,Standard,0.35,98277,97477,0,0,10122014,"Capitol Supply, Inc.",GS-23F-BA005
MGAKM53831M,10092014,SOUTHWIRE,4STRDX200BARE,CS8516784-D25C5Z,032886335204,"SOUTHWIRE # 4STRDX200BARE - 1 SPOOL by UPS/FedExGd, 4STRAND BARE COPPER 198FT, ",Electrical,EA,3,3,195.97,587.91,D,231.61,694.83,35.64,Department of the Interior,"Other, not listed",No,No,No,No,No,No,No,GSA Advantage,Employee Credit Card,Standard,75,89005,25428,0,0,10142014,"Capitol Supply, Inc.",GS-23F-BA005
MGAKM53831M,10092014,PRECISION,42965,CS1020669-ZPHY7,069815842965,"PRECISION # 42965 - 1 KIT by UPS/FedExGd, SIZE C 4 in X4 in SLOTTED SHIM SHOP-K",MRO Supplies,KT,1,1,167.26,167.26,D,195.7,195.7,28.44,Department of the Interior,"Other, not listed",No,No,No,No,No,No,No,GSA Advantage,Employee Credit Card,Standard,6.43,89005,NULL,0,0,10142014,"Capitol Supply, Inc.",GS-23F-BA005
MGAKM53831M,10092014,PRECISION,PRE42945,CS1020666-ZPH9Y,069815842945,"PRECISION # 42945 - 1 KIT by UPS/FedExGd, SIZE A 2 in X2 in SLOTTED SHIM SHOP-K",MRO Supplies,KT,1,1,74.43,74.43,D,87.08,87.08,12.65,Department of the Interior,"Other, not listed",No,No,No,No,No,No,No,GSA Advantage,Employee Credit Card,Standard,1.72,89005,NULL,0,0,10142014,"Capitol Supply, Inc.",GS-23F-BA005
MGAKM54020M,10092014,EPT  EMERSON POWER,3433034,CS8478676-D2JNF2,000000000000,"EPT EMERSON POWER # 3433034 - 1 EA , P34-037 by UPS/FedExGd, , 3433034 B37 BELT",HVAC,EA,4,4,8.2,32.8,D,9.59,38.36,1.39,Department of the Air Force,"Other, not listed",No,No,No,No,No,No,No,GSA Advantage,Employee Credit Card,Standard,1.4,94535,NULL,0,0,10242014,"Capitol Supply, Inc.",GS-23F-BA005
MGAKM52636M,10092014,MOLDEX,MOL6630,CS10233048-GGY5Y9,000000000000,"MOLDEX # 6630 - 1 BX OF ( 200 PR) by UPS/FedExGd, METEORS SMALL DISP EARPLUGS U",Safety,BX,1,1,32.34,32.34,D,37.84,37.84,5.5,Department of Labor,"Other, not listed",No,No,No,No,No,No,No,GSA Advantage,Employee Credit Card,Standard,0,47591,NULL,0,0,10142014,"Capitol Supply, Inc.",GS-23F-BA005
MGAKM50634M,10082014,EVEREADY,L92BP4,CS731650-G3CH1H,039800079312,"Lithium AAA Batteries, 4-pack Count Delivery by UPS GROUND",MRO Supplies,PK,4,4,6.33,25.32,D,7.13,28.52,0.8,Department of the Interior,"Other, not listed",No,No,No,No,No,No,No,GSA Advantage,Employee Credit Card,Standard,0.36,82901,38053,0,0,10092014,"Capitol Supply, Inc.",GS-23F-BA005
MGAKM54621M,10102014,DUPONT PERSONAL PROTECTION,TY122SWH2X002500,CS12142399-T4R6VM,000000000000,"DUPONT PERSONAL PROTECTION # TY122SWH2X002500 - 1 EA by UPS/FedExGd, Tyvek, 25 ",MRO Supplies,EA,2,5,126.07,252.14,D,147.5,295,21.43,Department of Veterans Affairs,"Other, not listed",No,No,No,No,No,No,No,GSA Advantage,Employee Credit Card,Standard,20,19320,18106,0,0,10162014,"Capitol Supply, Inc.",GS-23F-BA005
MGAKM54684M,10102014,PHILLIPS HEAVY DUTY,PHI16713-X5,CS7602224-WDS2SL,795689040316,"PHILLIPS HEAVY DUTY # 16713 - 5 EA , NAPA PHI16713 by UPS/FedExGd, Trailer Conn",Electrical,BD,1,1,41.29,41.29,D,48.31,48.31,7.02,"Corps of Engineers, Civil","Other, not listed",No,No,No,No,No,No,No,GSA Advantage,Employee Credit Card,Standard,0.44,83716,NULL,0,0,10142014,"Capitol Supply, Inc.",GS-23F-BA005
MGAKM55107M,10102014,ENERGIZER,EVEE91SBP24H,CS9760498-F49FLR,039800475572,"AA Alkaline Batteries, 1.5 V, 24-Pack Count Delivery by UPS GROUND",MARKET BASKET - Hardware,PK,2,85,13.54,27.08,D,16.95,33.9,3.41,"Corps of Engineers, Civil","Other, not listed",Yes,No,No,No,No,No,No,GSA Advantage,Employee Credit Card,Standard,3,44411,NULL,0,0,10162014,"Capitol Supply, Inc.",GS-23F-BA005
MGAKM55440M,10102014,THOMAS  BETTS,RC3410,CS8520169-D2SBYH,081203034108,"THOMAS BETTS # RC3410 - 1 EA by UPS/FedExGd, WALLPAPER BATTERY DOORBELL, The Ma",Electrical,EA,1,1,29.04,29.04,D,33.98,33.98,4.94,Department of Veterans Affairs,"Other, not listed",No,No,No,No,No,No,No,GSA Advantage,Employee Credit Card,Standard,1.33,60141,25428,0,0,10162014,"Capitol Supply, Inc.",GS-23F-BA005
MGAKM56138M,10142014,ENERGIZER,EVEE91SBP24H,CS9760498-F49FLR,039800475572,"AA Alkaline Batteries, 1.5 V, 24-Pack Count Delivery by UPS GROUND",MARKET BASKET - Hardware,PK,2,85,13.54,27.08,D,16.95,33.9,3.41,Department of Homeland Security,"Other, not listed",Yes,No,No,No,No,No,No,GSA Advantage,Employee Credit Card,Standard,3,02109,03063,0,0,10152014,"Capitol Supply, Inc.",GS-23F-BA005
MGAKM56280M,10142014,ENERGIZER,EVEE91SBP24H,CS9760498-F49FLR,039800475572,"AA Alkaline Batteries, 1.5 V, 24-Pack Count Delivery by UPS GROUND",MARKET BASKET - Hardware,PK,5,85,13.54,67.7,D,16.95,84.75,3.41,Department of Labor,"Other, not listed",Yes,No,No,No,No,No,No,GSA Advantage,Employee Credit Card,Standard,7.5,03301,03063,0,0,10152014,"Capitol Supply, Inc.",GS-23F-BA005
MGAKM57049M,10142014,DURACELL,MN1500B24,CSW-MN1500B24,000000000000,"AA Alkaline Batteries, 1.5 V, Reclosable, 24-pack Count Delivery by UPS GROUND",MARKET BASKET - Hardware,PK,3,3,16.09,48.27,D,18.14,54.42,2.05,Department of Agriculture,"Other, not listed",Yes,Yes,No,No,No,No,No,GSA Advantage,Employee Credit Card,Standard,NULL,49601,NULL,0,0,10202014,"Capitol Supply, Inc.",GS-23F-BA005
MGAKM57467M,10142014,SUREFIRE,SF12BB,CSZ-SF12BB,000000000000,123A Lithium Batteries 12-pack Count Delivery by UPS GROUND,MARKET BASKET - Hardware,PK,10,12,17.31,173.1,D,19.51,195.1,2.2,Department of Homeland Security,"Other, not listed",Yes,Yes,No,No,No,No,No,GSA Advantage,Employee Credit Card,Standard,NULL,85711,NULL,0,0,10292014,"Capitol Supply, Inc.",GS-23F-BA005
MGAKM58384M,10152014,G E LIGHTING,G E80085-X6,CS710951-G6N62,043168980548,"G E LIGHTING # 80085 - 6 EA by UPS/FedExGd, GE, F30T12CW/RS/ECO/6PK, 30W, Cool ",Electrical,BD,2,2,24.78,49.56,D,28.99,57.98,4.21,Department of the Interior,"Other, not listed",No,No,No,No,No,No,No,GSA Advantage,Employee Credit Card,Standard,1.34,17325,18106,0,0,10192014,"Capitol Supply, Inc.",GS-23F-BA005
MGAKM57527M,10142014,SHARPIE,SHA30101PP-X6,CS8409215-D7VKMH,071641301016,"SHARPIE # 30101PP - 6 MKR by UPS/FedExGd, SHARPIE BLACK FINE TIP MARKER,  Featu",Material Handling,BD,2,2,12.88,25.76,D,15.07,30.14,2.19,Department of the Interior,"Other, not listed",No,No,No,No,No,No,No,GSA Advantage,Employee Credit Card,Standard,0,58501,NULL,0,0,10302014,"Capitol Supply, Inc.",GS-23F-BA005
MGAKM58152M,10152014,MALCO PRODUCTS,M2006,CS761039-TT93S,000000000000,"MALCO PRODUCTS # M2006 - 1 EA , H25-967 by UPS/FedExGd, Offset Aviation Snips L",HVAC,EA,1,1,30.37,30.37,D,35.53,35.53,5.16,Department of Veterans Affairs,"Other, not listed",No,No,No,No,No,No,No,GSA Advantage,Employee Credit Card,Standard,0.95,14215,NULL,0,0,10232014,"Capitol Supply, Inc.",GS-23F-BA005
MGAKM58130M,10152014,FEL-PRO GASKETS,FEL3046,CS7455721-CXGLVT,084113855313,"FEL-PRO GASKETS # 3046 - 1 EA , NAPA FPG3046 by UPS/FedExGd, Gasket Material, K",Plumbing,EA,3,3,9.5,28.5,D,11.11,33.33,1.61,Department of Homeland Security,"Other, not listed",No,No,No,No,No,No,No,GSA Advantage,Employee Credit Card,Standard,0.53,33762,NULL,0,0,10152014,"Capitol Supply, Inc.",GS-23F-BA005
MGAKM58130M,10152014,FEL-PRO GASKETS,FEL3025,CS7455711-WG1YYM,084113855443,"FEL-PRO GASKETS # 3025 - 1 EA , NAPA FPG3025 by UPS/FedExGd, Gasket Material, K",Plumbing,EA,2,2,16.15,32.3,D,18.9,37.8,2.75,Department of Homeland Security,"Other, not listed",No,No,No,No,No,No,No,GSA Advantage,Employee Credit Card,Standard,1.02,33762,NULL,0,0,10152014,"Capitol Supply, Inc.",GS-23F-BA005
MGAKM58567M,10152014,ENERGIZER,EVEE91SBP24H,CS9760498-F49FLR,039800475572,"AA Alkaline Batteries, 1.5 V, 24-Pack Count Delivery by UPS GROUND",MARKET BASKET - Hardware,PK,3,85,13.54,40.62,D,16.95,50.85,3.41,Department of Homeland Security,"Other, not listed",Yes,No,No,No,No,No,No,GSA Advantage,Employee Credit Card,Standard,4.5,06320,03063,0,0,10162014,"Capitol Supply, Inc.",GS-23F-BA005
MGAKM59011M,10152014,NU-CALGON WHOLESALER,4320-W8-X12,CS751707-TF6FG,000000000000,"NU-CALGON WHOLESALER # 4320-W8 - 12 EA , B81-975 by Truck, Acid Test Kit , 4320",HVAC,BD,2,2,247.51,495.02,D,292.52,585.04,45.01,Department of Homeland Security,"Other, not listed",No,No,No,No,No,No,No,GSA Advantage,Employee Credit Card,Standard,1,23690,NULL,0,0,10232014,"Capitol Supply, Inc.",GS-23F-BA005
MGAKM59972M,10152014,WARP BROTHERS,FB13-150,CS1029119-Z96H9,004235143235,"WARP BROTHERS # FB13-150 - 1 BOX OF ( 150 EA) by UPS/FedExGd, 13GAL 1.25 MIL 24",MRO Supplies,BX,10,10,27.22,272.2,D,31.85,318.5,4.63,Department of Agriculture,"Other, not listed",No,No,No,No,No,No,No,GSA Advantage,Employee Credit Card,Standard,105,49862,NULL,0,0,10202014,"Capitol Supply, Inc.",GS-23F-BA005
MGAKM60905M,10162014,3M,STD0-9,CS6566453-9XKCS,000000000000,"3M # STD0-9 - 1 EA , G31-278 by UPS/FedExGd, Wire Marking Tape Kit , STD0-9 CO-",HVAC,EA,2,2,31.61,63.22,D,36.99,73.98,5.38,Department of Homeland Security,"Other, not listed",No,No,No,No,No,No,No,GSA Advantage,Employee Credit Card,Standard,0.2,03804,NULL,0,0,10232014,"Capitol Supply, Inc.",GS-23F-BA005
MGAKM60646M,10162014,WIREMOLD COMPANY,CDI15,CS724630-DN4VLH,086698870156,"WIREMOLD COMPANY # CDI15 - 1 EA by UPS/FedExGd, 15' Ivory Corduct On Floor Cord",Electrical,EA,1,1,29.4,29.4,D,34.4,34.4,5,Department of Homeland Security,"Other, not listed",No,No,No,No,No,No,No,GSA Advantage,Employee Credit Card,Standard,1.36,29577,25428,0,0,10182014,"Capitol Supply, Inc.",GS-23F-BA005
MGAKM66813M,10202014,STANLEY,33725,CS8525212-D2VHWL,076174337259,STANLEY  33-725 - 1 CD by UPSFedExGd 25FTX1-14IN TAPE RULE The Manufacturer is ,MARKET BASKET - Hardware,EA,5,31,15.76,78.8,D,30.03,150.15,14.27,Department of the Army,"Other, not listed",Yes,No,No,No,No,No,No,GSA Advantage,Employee Credit Card,Standard,6.7,54656,25428,0,0,10222014,"Capitol Supply, Inc.",GS-23F-BA005
MGAKM74586M,10232014,NIB,6260010744229,CS9818384-GKY3TB,000000000000,10-Pack Light sticks  - 6'' Delivery by UPS GROUND,MARKET BASKET - Hardware,PK,3,3,10.35,31.05,D,11.67,35.01,1.32,Department of the Air Force,"Other, not listed",Yes,Yes,No,No,No,No,No,GSA Advantage,Employee Credit Card,Standard,0,31699,NULL,0,0,10312014,"Capitol Supply, Inc.",GS-23F-BA005
MGAKM72915M,10222014,ENERGIZER,EVEE91SBP24H,CS9760498-F49FLR,039800475572,"AA Alkaline Batteries, 1.5 V, 24-Pack Count Delivery by UPS GROUND",MARKET BASKET - Hardware,PK,2,85,13.54,27.08,D,16.95,33.9,3.41,Department of Agriculture,"Other, not listed",Yes,No,No,No,No,No,No,GSA Advantage,Employee Credit Card,Standard,3,71457,70001,0,0,10232014,"Capitol Supply, Inc.",GS-23F-BA005
MGAKM71481M,10222014,ENERGIZER,EVEE91SBP24H,CS9760498-F49FLR,039800475572,"AA Alkaline Batteries, 1.5 V, 24-Pack Count Delivery by UPS GROUND",MARKET BASKET - Hardware,PK,2,85,13.54,27.08,D,16.95,33.9,3.41,Department of the Army,"Other, not listed",Yes,No,No,No,No,No,No,GSA Advantage,Employee Credit Card,Standard,3,07806,10941,0,0,10232014,"Capitol Supply, Inc.",GS-23F-BA005
MGAKM71383M,10222014,DRACKETT,90139,CS8640945-DRZX4Z,000000000000,"DRACKETT # 90139 - 1 CA OF ( 12 EA) by UPS/FedExGd, 32 OZ READY TO USE (AMMONIA",MRO Supplies,EA,1,1,63.74,63.74,D,74.58,74.58,10.84,Department of the Air Force,"Other, not listed",No,No,No,No,No,No,No,GSA Advantage,Employee Credit Card,Standard,0,76311,NULL,0,0,10272014,"Capitol Supply, Inc.",GS-23F-BA005
MPN-B-2Y032-4M,09152014,NAPA,NAP75143-X10,CS11641209-TST2VZ,000000000000,"MFG Part#:NAP75143-X10 NAPA - 75143 - Towel / Roll, Scott Shop Towels - MFG Part: 75143 [NAPA NPP75143]",MRO Supplies,EA,200,200,7.49,1498,D,8.76,1752,1.27,General Services Administration,"Other, not listed",No,No,No,No,No,No,No,Vendor Portal,ETF,Standard,75.4,88002,NULL,0,0,10092014,"Capitol Supply, Inc.",GS-23F-BA005
SEC30014M0395,10012014,KARCHER,10928010,CS11419761-GXCGM9,000000000000,MFG Part#:1.092-801.0 KARCHER - 1.092-801.0 - Steam Cleaner - MFG Part: 10928010,MRO Supplies,EA,2,2,890.2,1780.4,D,1041.55,2083.1,151.35,Department of State,"Other, not listed",No,No,No,No,No,No,No,Vendor Portal,ETF,Standard,0,20166,NULL,0,0,10242014,"Capitol Supply, Inc.",GS-23F-BA005
SEC30014M0395,10012014,KARCHER,28630770,CS11417519-G9YMWK,000000000000,"MFG Part#:2.863-077.0-X15 KARCHER - 2.863-077.0 - Round Brush Set, 2X Red, 1X Black - MFG Part: 28630770",MRO Supplies,EA,2,2,11.03,22.06,D,12.9,25.8,1.87,Department of State,"Other, not listed",No,No,No,No,No,No,No,Vendor Portal,ETF,Standard,0,20166,NULL,0,0,10242014,"Capitol Supply, Inc.",GS-23F-BA005
SEC30014M0395,10012014,KARCHER,28630750,CS11413030-G9V6W8,000000000000,"MFG Part#:2.863-075.0-X15 KARCHER - 2.863-075.0 - Round Brush Set, Brass - MFG Part: 28630750",MRO Supplies,EA,2,2,11.03,22.06,D,12.9,25.8,1.87,Department of State,"Other, not listed",No,No,No,No,No,No,No,Vendor Portal,ETF,Standard,0,20166,NULL,0,0,10242014,"Capitol Supply, Inc.",GS-23F-BA005
2100847357x0947074,09222014,MASTERCRAFT,344028,CS6549726-91NLB,000000000000,"MFG Part#:344028 MASTERCRAFT - 344028 - Sootmaster Vacuum Cleaner, 6 Gal, 344028 652M SOOTMASTER, VACUUM CLEANER 6 GAL - MFG Part: 344028",HVAC,EA,1,1,369.55,369.55,D,432.38,432.38,62.83,Department of the Army,"Other, not listed",No,No,No,No,No,No,No,Vendor Portal,Employee Credit Card,Standard,39.4,20783,NULL,0,0,10302014,"Capitol Supply, Inc.",GS-23F-BA005
140808165311676972,09242014,A W MENDENHALL,84939224-X8,CS725365-TN23YP,000000000000,"MFG Part#:84939224-X8 A W MENDENHALL - 84939224 - 38 OZ, Dawn Liquid Dish Detergent, Original Scent, Institutional Pack, Concentrated, High Surfactant Formula, Seeks Out Greasy Soil & Lifts It Out Of ",MRO Supplies,EA,-8,0,7.24,-57.92,C,8.47,-67.76,1.23,Department of Homeland Security,"Other, not listed",No,No,No,No,No,No,No,Vendor Portal,Employee Credit Card,Standard,-22.08,20223,NULL,0,0,10012014,"Capitol Supply, Inc.",GS-23F-BA005
570P43038,09302014,MAGLINE,PDN424208,CS8384079-DDYDRG,000000000000,MFG Part#:PDN424208 MAGLINE - PDN424208 - PALLET DOLLY - MFG Part: PDN424208,Material Handling,EA,3,3,466.52,1399.56,D,545.84,1637.52,79.32,Department of Veterans Affairs,"Other, not listed",No,No,No,No,No,No,No,Vendor Portal,Employee Credit Card,Standard,123,93703,NULL,0,0,10162014,"Capitol Supply, Inc.",GS-23F-BA005
HSCG31-14-F-LBLBE8,09302014,MUELLER INDUSTRIES,61080150B3B6,CS752899-TFXSV,000000000000,"MFG Part#:61080150B3B6 MUELLER INDUSTRIES - 61080150B3B6 - Air Conditioning Line Set, 61080150B3B6 DSS LNSET, 3/8in. X5/8in. X3/8in. X15' - MFG Part: 61080150B3B6",HVAC,EA,4,4,80.66,322.64,D,94.37,377.48,13.71,Department of Homeland Security,United States Coast Guard,No,No,No,No,No,No,No,Vendor Portal,ETF,Standard,32,94130,NULL,0,0,10102014,"Capitol Supply, Inc.",GS-23F-BA005
HSCG31-14-F-LBLBE8,09302014,MUELLER STREAMLINE,61080500B3B6,CS6552962-9195V,000000000000,"MFG Part#:61080500B3B6 MUELLER STREAMLINE - 61080500B3B6 - 3/8x5/8x50' LINESET DUCTLESS SPLIT, 61080500B3B6 DSS LINESET, 3/8x5/8x50' LINESET - MFG Part: 61080500B3B6",HVAC,EA,4,4,174.99,699.96,D,204.74,818.96,29.75,Department of Homeland Security,United States Coast Guard,No,No,No,No,No,No,No,Vendor Portal,ETF,Standard,88,94130,NULL,0,0,10102014,"Capitol Supply, Inc.",GS-23F-BA005
HSCG31-14-F-LBLBE8,09302014,MUELLER INDUSTRIES,61080350B3B6,CS752900-TFX1G,000000000000,"MFG Part#:61080350B3B6 MUELLER INDUSTRIES - 61080350B3B6 - Air Conditioning Line Set, 61080350B3B6 DSS LNSET, 3/8in. X5/8in. X3/8in. X35' - MFG Part: 61080350B3B6",HVAC,EA,1,1,141.74,141.74,D,165.84,165.84,24.1,Department of Homeland Security,United States Coast Guard,No,No,No,No,No,No,No,Vendor Portal,ETF,Standard,16,94130,NULL,0,0,10102014,"Capitol Supply, Inc.",GS-23F-BA005
HSCG31-14-F-LBLBE8,09302014,MUELLER INDUSTRIES,40680150B3B6,CS752836-TFXFT,000000000000,"MFG Part#:40680150B3B6 MUELLER INDUSTRIES - 40680150B3B6 - Air Conditioning Line Set, 40680150B3B6 DSS LINSET, 1/4X3/8X3/8X15' LINESET - MFG Part: 40680150B3B6",HVAC,EA,20,20,65.96,1319.2,D,79.51,1590.2,13.55,Department of Homeland Security,United States Coast Guard,No,No,No,No,No,No,No,Vendor Portal,ETF,Standard,119,94130,NULL,0,0,10102014,"Capitol Supply, Inc.",GS-23F-BA005
HSCG31-14-F-LBLBE8,09302014,MUELLER STREAMLINE,40680500B3B6,CS6550470-91PD4,000000000000,"MFG Part#:40680500B3B6 MUELLER STREAMLINE - 40680500B3B6 - 1/4x3/8x50' LINESET DUCTLESS SPLIT, 40680500B3B6 DSS LINESET, 1/4x3/8x50' LINESET - MFG Part: 40680500B3B6",HVAC,EA,5,5,153.54,767.7,D,179.65,898.25,26.11,Department of Homeland Security,United States Coast Guard,No,No,No,No,No,No,No,Vendor Portal,ETF,Standard,75,94130,NULL,0,0,10102014,"Capitol Supply, Inc.",GS-23F-BA005
HSCG31-14-F-LBLBE8,09302014,MUELLER INDUSTRIES,40880350B3B6,CS752839-TFXGJ,000000000000,"MFG Part#:40880350B3B6 MUELLER INDUSTRIES - 40880350B3B6 - Air Conditioning Line Set, 40880350B3B6 DSS LINSET, 1/4X1/2X3/8X35' LINESET - MFG Part: 40880350B3B6",HVAC,EA,5,5,120.78,603.9,D,141.32,706.6,20.54,Department of Homeland Security,United States Coast Guard,No,No,No,No,No,No,No,Vendor Portal,ETF,Standard,65,94130,NULL,0,0,10102014,"Capitol Supply, Inc.",GS-23F-BA005
AB4494,10082014,DANFOSS,MT80HP4,CS751334-DV7WHF,000000000000,"MFG Part#:MT80HP-4 DANFOSS - MT80HP-4 - Maneurop Mt Series Refrigeration Compressor, MT80HP-4 460V COMP, COMPRESSOR,460V/3 - MFG Part: MT80HP4",HVAC,EA,1,1,1190.06,1190.06,D,1392.4,1392.4,202.34,"Other, not listed","Other, not listed",No,No,No,No,No,No,No,Vendor Portal,ETF,Standard,92,33955,NULL,0,0,10102014,"Capitol Supply, Inc.",GS-23F-BA005
AB4494,10082014,PARKER HANNIFIN,ECED,CS10208880-GCCP1K,000000000000,"MFG Part#:ECE-D PARKER HANNIFIN - ECE-D -, ECE-D5X7S TXV 040502-07, ECE-D EXTERNAL TXV BODY - MFG Part: ECED",HVAC,EA,1,1,48.89,48.89,D,57.2,57.2,8.31,"Other, not listed","Other, not listed",No,No,No,No,No,No,No,Vendor Portal,ETF,Standard,0.7,33955,NULL,0,0,10102014,"Capitol Supply, Inc.",GS-23F-BA005
AB4494,10082014,LUCAS-MILHAUPT,95150,CS10485079-G7GF5H,000000000000,"MFG Part#:95150 LUCAS-MILHAUPT - 95150 -, 95150 SIL-FOS 15% Silver, SIL-FOS 15% Silver - MFG Part: 95150",HVAC,EA,1,1,103.96,103.96,D,143.75,143.75,39.79,"Other, not listed","Other, not listed",No,No,No,No,No,No,No,Vendor Portal,ETF,Standard,1.05,33955,NULL,0,0,10102014,"Capitol Supply, Inc.",GS-23F-BA005
CS7374,10202014,HEATCRAFT EQUIPMENT,5708L,CS750833-TFL1D,000000000000,"MFG Part#:5708L HEATCRAFT EQUIPMENT - 5708L - Thermostat 20425L153-B22-B54, 5708L HI LIMIT T-STAT, UNIT COOLER T-STAT 40/75F - MFG Part: 5708L",HVAC,EA,5,5,30.2,151,D,35.33,176.65,5.13,Department of the Navy,"Other, not listed",No,No,No,No,No,No,No,Vendor Portal,Employee Credit Card,Standard,0.58,96373,NULL,0,0,10242014,"Capitol Supply, Inc.",GS-23F-BA005
CS7374,10202014,HEATCRAFT EQUIPMENT,5709L,CS749178-TDV2L,000000000000,"MFG Part#:HEA5709L HEATCRAFT EQUIPMENT - 5709L - Defrost Termination Switch 20425D56-520-B10, 5709L DEFROST T-STAT, DEFROST/FAN DELAY T-STAT - MFG Part: 5709L",HVAC,EA,5,5,39.51,197.55,D,46.23,231.15,6.72,Department of the Navy,"Other, not listed",No,No,No,No,No,No,No,Vendor Portal,Employee Credit Card,Standard,1,96373,NULL,0,0,10242014,"Capitol Supply, Inc.",GS-23F-BA005
141014161153429885,10152014,DIAL,03663-X12,CS737542-TN61J1,000000000000,"MFG Part#:03663 DIAL - 03663 - Adjustable Air Freshener, After the Rain Scent, Solid, 7.5 oz - MFG Part: 03663",MRO Supplies,EA,18,18,1.78,32.04,D,2.09,37.62,0.31,"Other, not listed","Other, not listed",No,No,No,No,No,No,No,Vendor Portal,Employee Credit Card,Standard,10.5,83705,80238,0,0,10172014,"Capitol Supply, Inc.",GS-23F-BA005
141016083140805657,10162014,A W MENDENHALL,84939224-X8,CS725365-TN23YP,000000000000,"MFG Part#:84939224-X8 A W MENDENHALL - 84939224 - 38 OZ, Dawn Liquid Dish Detergent, Original Scent, Institutional Pack, Concentrated, High Surfactant Formula, Seeks Out Greasy Soil & Lifts It Out Of ",MRO Supplies,EA,8,0,7.24,57.92,D,8.47,67.76,1.23,Department of the Interior,"Other, not listed",No,No,No,No,No,No,No,Vendor Portal,Employee Credit Card,Standard,22.08,87801,56001,0,0,10192014,"Capitol Supply, Inc.",GS-23F-BA005
659-5P0780,10242014,DUPONT PERSONAL PROTECTION,TY122SWH2X002500,CS12142399-T4R6VM,000000000000,"MFG Part#:TY122SWH2X002500 DUPONT PERSONAL PROTECTION - TY122SWH2X002500 - Tyvek, 25 Pack, Extra, Extra Large, White, Zip Front Coverall With Attached Hood & Boots, Skid Resistant Boots, Elastic Wrist",MRO Supplies,EA,3,5,126.07,378.21,D,147.5,442.5,21.43,Department of Veterans Affairs,"Other, not listed",No,No,No,No,No,No,No,Vendor Portal,Employee Credit Card,Standard,30,28144,NULL,0,0,10292014,"Capitol Supply, Inc.",GS-23F-BA005
141016151550765891,10172014,DURACELL,MN1500B24-X75,CS10324221-GTKXL7,000000000000,"MFG Part#:MN1500B24 DURACELL - MN1500B24 - Duracell - Alkaline CopperTop Batteries - 24/Pack, AA, Alkaline - MFG Part: MN1500B24",Electrical,EA,1,1,23.39,23.39,D,27.53,27.53,4.14,Department of Health and Human Services,Center for Disease Control,No,No,No,No,No,No,No,Vendor Portal,Employee Credit Card,Standard,0,30341,30082,0,0,10222014,"Capitol Supply, Inc.",GS-23F-BA005
MGAKL48593M,10192014,AbilityOne,8115001178249,CS71850-CJ5ZV,352550604666,"1178249 BOX,SHPG,FIBERBD,ARC,8115",MARKET BASKET - Hardware,EA,-28,-7,53.24,-1490.72,C,60.62,-1697.36,7.38,Department of Homeland Security,"Other, not listed",Yes,Yes,No,No,No,No,No,GSA Advantage,Employee Credit Card,Standard,-1120,33411,79936,0,0,10192014,"Capitol Supply, Inc.",GS-23F-BA005
JAS039BELL,10232014,EPT  EMERSON POWER,3433042,CS8478677-D2JNF9,000000000000,"MFG Part#:3433042 EPT EMERSON POWER - 3433042 -, 3433042 B39 BELT, B39 V-BELT - MFG Part: 3433042",HVAC,EA,6,6,8.62,51.72,D,10.08,60.48,1.46,"Other, not listed","Other, not listed",No,No,No,No,No,No,No,Vendor Portal,Employee Credit Card,Standard,2.1,98168,NULL,0,0,10272014,"Capitol Supply, Inc.",GS-23F-BA005
CS02-0169,10232014,INFICON,712202G1,CS761956-TJFM6,000000000000,"MFG Part#:712-202-G1 INFICON - 712-202-G1 - Refrigerant D-TEK�M,12[TM]� Select Leak Detector, 712-202-G1 D-TEK SELECT, INFRARD REFRIG LEAK DTCTR - MFG Part: 712202G1",HVAC,EA,1,1,350.2,350.2,D,409.74,409.74,59.54,Department of the Air Force,"Other, not listed",No,No,No,No,No,No,No,Vendor Portal,Employee Credit Card,Standard,3.95,19902,NULL,0,0,10312014,"Capitol Supply, Inc.",GS-23F-BA005
MGAKM62349M,10242014,G E LIGHTING,10316,CS710962-G6NRY,043168980524,"10316 GE, F30T8CW, 30W, Cool White Fluorescent Light Bulb, 36"" x 1"" Diameter, Medium Bi Pin, 2175 Lumens, 7500 Hours, 4150 Kelvin, Cri=62.",Electrical,BD,-6,-5,6.89,-41.34,C,8.06,-48.36,1.17,Department of the Interior,"Other, not listed",No,No,No,No,No,No,No,GSA Advantage,Employee Credit Card,Standard,-1.8,80228,NULL,0,0,10242014,"Capitol Supply, Inc.",GS-23F-BA005
MGAKL37844M,10282014,MANSFIELD PLUMBING PRODUCTS,135CTK,CS13478540-LJ5NMY,046587033925,"MFG Part#:135CTK MANSFIELD PLUMBING PRODUCTS - 135CTK - Pro-Fit 2, Complete Toilet Kit In Box Kit, White, Elongated Front, 12in.  Rough In, Includes Toilet Bowl & Tank, Toilet Seat, Flange Bolts, Wax ",Plumbing,EA,3,4,118.53,355.59,D,158.04,474.12,39.51,Department of Homeland Security,"Other, not listed",No,No,No,No,No,No,No,GSA Advantage,Employee Credit Card,Standard,267,33036,18106,0,0,10312014,"Capitol Supply, Inc.",GS-23F-BA005
MGAKL36285M,10282014,MANSFIELD PLUMBING PRODUCTS,135CTK,CS13478540-LJ5NMY,046587033925,"MFG Part#:135CTK MANSFIELD PLUMBING PRODUCTS - 135CTK - Pro-Fit 2, Complete Toilet Kit In Box Kit, White, Elongated Front, 12in.  Rough In, Includes Toilet Bowl & Tank, Toilet Seat, Flange Bolts, Wax ",Plumbing,EA,1,4,118.53,118.53,D,158.04,158.04,39.51,Department of Homeland Security,"Other, not listed",No,No,No,No,No,No,No,GSA Advantage,Employee Credit Card,Standard,89,33036,75110,0,0,10312014,"Capitol Supply, Inc.",GS-23F-BA005
