Ord_num,Ord_date,Mfr_Name,Mfr_Part_No,Contractor_Part_No,UPC-A,Prod_Descr,SubCategorty,UOI,Qty,Items_Sold,BPA_Price,BPA_Ext_Price,Dbt_Crt_Ind,MAS_Price,MAS_Ext_Price,Disc_Amt,Cust_Agency,Sub_Agency,Mkt_Basket_Flag,AbilityOne_Flag,Berry_Amend_Flag,CPG_Ind,BioPreferred_Ind,ENERGYSTAR_Ind,WaterSense_Ind,Sales_Ch,Pay_Method,Dlvry_Method,Ship_Wt,To_Zip_Code,Fom_Zip_Code,Frgt_Charge,Suppl_Fee,Fulfill_Date,Contr_Name,Contr_No
190420,10012014,JACKSON,63250229,63250229,000000000000,Jackson 3002447 RATCHET HEADG,Safety - Personal Protective Equipment,EA,6,,14.38,86.28,CREDIT,15.48,92.88,6.60,Department of the Interior,Bureau of Reclamation,No,No,No,No,No,No,No,GSA Advantage,Employee Credit Card,Standard,5.0,'96019,N/A,N/A,N/A,10022014,Galaxie Defense Marketing Services,GS23FBA006
LGAKM41463L,10012014,PROCTOR AND GAMBLE/DURACELL,PC1604BKD,PC1604BKD,000000000000,"DURACELL BATTERY, BATTERY, ALKALINE BA",FLASHLIGHTS/BATTERY,PK,3,12,17.83,53.49,CREDIT,19.20,57.60,4.11,Department of the Air Force,Department of the Air Force,No,No,No,No,No,No,No,GSA Advantage,Employee Credit Card,Standard,4.0,'46971,N/A,N/A,N/A,10032014,Galaxie Defense Marketing Services,GS23FBA006
LGAKM41986L,10012014,MILLER,63174593,63174593,000000000000,Miller RA35-1/ Anchorage Connectors Type: Temporary Roof Anchor (Flat Surface) UNSPSC=4618150000,Safety - Personal Protective Equipment,EA,20,,75.90,1518.00,CREDIT,81.73,1634.60,116.60,Department of the Interior,National Park Services,No,No,No,No,No,No,No,GSA Advantage,Employee Credit Card,Standard,48.0,'84511,N/A,N/A,N/A,10062014,Galaxie Defense Marketing Services,GS23FBA006
LGAKM42154L,10012014,AMERICAN LOCK,02671329,02671329,000000000000,American Lock A7201 Tubular Cylinder Maximum Security Steel Padlocks Material: Steel Keyed: Different Shackle Diameter: 0 UNSPSC=4617150100,Locks,EA,20,,26.06,521.20,CREDIT,28.06,561.20,40.00,Department of the Air Force,Department of the Air Force,No,No,No,No,No,No,No,GSA Advantage,Employee Credit Card,Standard,22.0,'73523,N/A,N/A,N/A,10062014,Galaxie Defense Marketing Services,GS23FBA006
39937-KR,10022014,THOMAS & BETTS,54058722,54058722,000000000000,Thomas & Betts 5233 Liquidtight Conduit Connectors Conduit Type: Liquidtight Flexible Metal Conduit Area of Application: Liquidtight Fitting Type: Straight Connector Trade Size: 0.750 Connection Type: Threaded Insulation Type: Noninsulated UNSPSC=302,Electrical Conduit Enclosures & Boxes,EA,10,,8.52,85.20,CREDIT,9.17,91.70,6.50,Department of the Navy,Department of the Navy,No,No,No,No,No,No,No,GSA Advantage,Employee Credit Card,Standard,7.0,'28542,N/A,N/A,N/A,10072014,Galaxie Defense Marketing Services,GS23FBA006
39937-KR,10022014,THOMAS & BETTS,54058730,54058730,000000000000,Thomas & Betts 5234-TB Liquidtight Conduit Connectors Conduit Type: Liquidtight Flexible Metal Conduit Area of Application: Liquidtight Fitting Type: Straight Connector Trade Size: 1.000 Connection Type: Threaded Insulation Type: Noninsulated UNSPSC=,Electrical Conduit Enclosures & Boxes,EA,10,,12.65,126.50,CREDIT,13.62,136.20,9.70,Department of the Navy,Department of the Navy,No,No,No,No,No,No,No,GSA Advantage,Employee Credit Card,Standard,7.0,'28542,N/A,N/A,N/A,10062014,Galaxie Defense Marketing Services,GS23FBA006
LGAKM43968L,10022014,COOPER B-LINE,82610379,82610379,000000000000,Cooper B-Line B280FL ZN Metal Framing Channel Fittings Type: Post Base For Use With: Cooper B-Line and#174; - Channel/Strut (All Sizes Except B62 and B72) Finish/Coating: Zinc Plated UNSPSC=4014170000,Clamps Hangers & Supports,EA,10,,32.85,328.50,CREDIT,35.38,353.80,25.30,Department of the Interior,Bureau of Reclamation,No,No,No,No,No,No,No,GSA Advantage,Employee Credit Card,Standard,28.0,'94514,N/A,N/A,N/A,10032014,Galaxie Defense Marketing Services,GS23FBA006
LGAKM44126L,10022014,PARKER,01045418,01045418,000000000000,Parker 125HBL-5-4 Brass Hose Barbs Barb Size: 0.250 Hose Inside Diameter: 5/16 Thread Size: 1/4 Thread Type: NPTF UNSPSC=4014173400,Fittings & Couplings,EA,25,,1.63,40.75,CREDIT,1.76,44.00,3.25,Department of Defense (Office of the Sec,Defense Logistics Agency,No,No,No,No,No,No,No,GSA Advantage,Employee Credit Card,Standard,4.0,'17050,N/A,N/A,N/A,10032014,Galaxie Defense Marketing Services,GS23FBA006
LGAKM44126L,10022014,PARKER,01045459,01045459,000000000000,Parker 125HBL-6-6 Brass Hose Barbs Barb Size: 0.281 Hose Inside Diameter: 3/8 Thread Size: 3/8 Thread Type: NPTF UNSPSC=4014173400,Fittings & Couplings,EA,25,,2.19,54.75,CREDIT,2.36,59.00,4.25,Department of Defense (Office of the Sec,Defense Logistics Agency,No,No,No,No,No,No,No,GSA Advantage,Employee Credit Card,Standard,4.0,'17050,N/A,N/A,N/A,10032014,Galaxie Defense Marketing Services,GS23FBA006
LGAKM44368L,10022014,THOMAS & BETTS,54055546,54055546,000000000000,Thomas & Betts AP-232 Metal Framing Channel Fittings Type: Channel/Strut Post Base Fitting For Use With: Joining Metal Framing Channel/Strut Finish/Coating: Zinc Dichromate UNSPSC=4014170000,Clamps Hangers & Supports,EA,12,,18.48,221.76,CREDIT,19.9,238.80,17.04,Department of Health and Human Services,Naval Intelligence Command Headquarters,No,No,No,No,No,No,No,GSA Advantage,Employee Credit Card,Standard,27.0,'59840,N/A,N/A,N/A,10062014,Galaxie Defense Marketing Services,GS23FBA006
R5J-018,10022014,AQUA GUARD,116601,116601,000000000000,Aqua Guard 30 Lb pH Down Dry Acid- Fast-Dissolving Granular Pool Acid - Lowers pH And Alkalinity Quickly And Safely,Pool Supplies,EA,2,,39.71,79.42,CREDIT,42.76,85.52,6.10,Department of Veterans Affairs,Dept. of Veterans Affairs,No,No,No,No,No,No,No,GSA Advantage,Employee Credit Card,Standard,70.0,'13210,N/A,N/A,N/A,10062014,Galaxie Defense Marketing Services,GS23FBA006
H91668,10032014,CAMELFLEX ABRASIVES,78916806,78916806,000000000000,"Camel Grinding Wheels,39714,Flap Discs; Abrasive Type: Coated; Flap Disc Type: Type 27; Disc Diameter (Inch): 4-1/2; Abrasive Material: Zirconia-Alumina; Grade: Medium; Grit (FEPA): 60 UNSPSC=2711281600",Coated & Non-Woven Abrasives,EA,20,,10.90,218.00,CREDIT,11.74,234.80,16.80,"Other, Not Listed","Other, Not Listed",No,No,No,No,No,No,No,E-Mail,Check,Standard,31.0,88002,N/A,N/A,N/A,10072014,Galaxie Defense Marketing Services,GS23FBA006
LGAKM47866L,10062014,LITTLE GIANT,09278607,09278607,000000000000,Little Giant 502203 Small Submersible Pumps Power Cord Length: 6 Amperage Rating: 1.7 Horsepower: 1/40 Inlet Size: 3/8 Outlet Size: 1/4 Pressure: 5.1 Material: Aluminum UNSPSC=4015151300,Pumps,EA,2,,99.84,199.68,CREDIT,107.52,215.04,15.36,Department of the Army,Army Forces Command,No,No,No,No,No,No,No,GSA Advantage,Employee Credit Card,Standard,17.0,'47522,N/A,N/A,N/A,10072014,Galaxie Defense Marketing Services,GS23FBA006
LGAKM48356L/5R0093,10072014,HAWS,SP35PCP,SP35PCP,000000000000,1.2 GPM PCP 3/8? flow control assembly,SAFETY,EA,2,,42.10,84.20,CREDIT,45.34,90.68,6.48,Department of Veterans Affairs,Dept. of Veterans Affairs,No,No,No,No,No,No,No,GSA Advantage,Employee Credit Card,Standard,0.6,01053-9764,N/A,N/A,N/A,10162014,Galaxie Defense Marketing Services,GS23FBA006
LGAKM48357L,10072014,NICHOLSON,80755226,80755226,000000000000,Nicholson 08529 Mill Files Type: Mill Overall Length: 8 Cut: Second Pattern: American UNSPSC=2711190200,Files Sticks & Stones,EA,8,,10.10,80.80,CREDIT,10.88,87.04,6.24,Department of the Navy,Dept. of the Navy,No,No,No,No,No,No,No,GSA Advantage,Employee Credit Card,Standard,5.0,'08733,N/A,N/A,N/A,10082014,Galaxie Defense Marketing Services,GS23FBA006
LGAKM48542L,10072014,COOPER BUSSMANN,74975293,74975293,000000000000,Cooper Bussmann BM6031SQ Blocks - Fuses Type: Midget Voltage: 600 Amperage Rating: 30 Connection/Mount Type: Screw with quick connects Number of Poles: 1 UNSPSC=3021181200,Electrical Circuit & Line Protection,EA,5,,4.21,21.05,CREDIT,4.53,22.65,1.60,Department of Energy,Western Area Power Administration,No,No,No,No,No,No,No,GSA Advantage,Employee Credit Card,Standard,3.0,'58501,N/A,N/A,N/A,10102014,Galaxie Defense Marketing Services,GS23FBA006
LGAKM48542L,10072014,COOPER BUSSMANN,74975350,74975350,000000000000,Cooper Bussmann BM6033SQ Blocks - Fuses Type: Midget Voltage: 600 Amperage Rating: 30 Connection/Mount Type: Screw with quick connects Number of Poles: 3 UNSPSC=3021181200,Electrical Circuit & Line Protection,EA,7,,9.56,66.92,CREDIT,10.29,72.03,5.11,Department of Energy,Western Area Power Administration,No,No,No,No,No,No,No,GSA Advantage,Employee Credit Card,Standard,3.0,'58501,N/A,N/A,N/A,10102014,Galaxie Defense Marketing Services,GS23FBA006
LGAKM48846L,10072014,DICKSON,C417,C417,000000000000,Chart 8 In -20 to ? 7 Day Pk 60Circular Paper Chart Chart Size 8 In Range -20 to ? Recording Time 7 Day For Use With 1APA3 - 1APA5 Package Quantity 60,TEST EQUIP & GAUGES,PK,8,60,43.56,348.48,CREDIT,46.91,375.28,26.80,Department of the Army,Dept. of the Army,No,No,No,No,No,No,No,GSA Advantage,Employee Credit Card,Standard,4.0,'47522,N/A,N/A,N/A,10082014,Galaxie Defense Marketing Services,GS23FBA006
LGAKM49948L,10072014,MITUTOYO,06247159,06247159,000000000000,"""Mitutoyo 368-917 Holtest Internal Micrometers Measuring Range: 0.500-0.650, 0.650-0.800 Contents: (2) Holtest Micrometers; (1)Setting Ring; (1)Extension Rod; (2)Spanners; (1)Hex Wrench and Fitted Case Number of Pieces: 7 UNSPSC=4111160000""",Dimensional Measuring Tools,EA,1,," 1,249.79",1249.79,CREDIT,1345.87,1345.87,96.08,Department of the Navy,Dept. of the Navy,No,No,No,No,No,No,No,GSA Advantage,Employee Credit Card,Standard,3.0,'98314,N/A,N/A,N/A,10092014,Galaxie Defense Marketing Services,GS23FBA006
SAD0004966,10072014,NORTON,66261136625,6A025 ,000000000000,Norton 66261136625 Psa - Abrasive Discs Type: Disc Diameter: 12 Grit: 50 Material: Aluminum Oxide UNSPSC=2711281600,Coated & Non-Woven Abrasives,EA,25,,6.71,167.75,CREDIT,7.23,180.75,13.00,Department of Labor,Job Corps Program,No,No,No,No,No,No,No,GSA Advantage,Check,Standard,6.8,91932,N/A,N/A,N/A,10092014,Galaxie Defense Marketing Services,GS23FBA006
39979-KR,10082014,CONBRACO,56506405,56506405,000000000000,Conbraco 98-58P-36 Water Gauges - Level Type: Gauge Glass & Accessories Size: 36 Gauge Glass Type: Red Line Working Pressure: 205.000 UNSPSC=4111240700,Liquid Flow & Liquid Level Measuring Instruments,EA,8,,48.87,390.96,CREDIT,52.63,421.04,30.08,Department of the Navy,Dept. of the Navy,No,No,No,No,No,No,No,GSA Advantage,Employee Credit Card,Standard,9.0,'28542,N/A,N/A,N/A,10142014,Galaxie Defense Marketing Services,GS23FBA006
LGAKM50300L,10082014,PARKER,84931369,84931369,000000000000,Parker B53 Pneumatic 50 Series Manual Connect Couplings Type: Coupler Body Diameter: 1/4 Thread Size: 1/4-18 Thread Type: NPTF Thread Style: Female Material: Brass UNSPSC=4014173400,Fittings & Couplings,EA,25,,9.05,226.25,CREDIT,9.75,243.75,17.50,Department of Defense (Office of the Sec,Defense Logistics Agency,No,No,No,No,No,No,No,GSA Advantage,Employee Credit Card,Standard,9.0,'17050,N/A,N/A,N/A,10092014,Galaxie Defense Marketing Services,GS23FBA006
LGAKM50300L,10082014,PARKER,84931435,84931435,000000000000,Parker A2C Pneumatic 50 Series Manual Connect Couplings Type: Nipple Body Diameter: 1/4 Thread Size: 1/4-18 Thread Type: NPT Thread Style: Male Material: Steel UNSPSC=4014173400,Fittings & Couplings,EA,50,,2.54,127.00,CREDIT,2.74,137.00,10.00,Department of Defense (Office of the Sec,Defense Logistics Agency,No,No,No,No,No,No,No,GSA Advantage,Employee Credit Card,Standard,9.0,'17050,N/A,N/A,N/A,10092014,Galaxie Defense Marketing Services,GS23FBA006
LGAKM50762L,10082014,OSBORN,00126482,00126482,000000000000,Osborn 0003072900 Wire End - Abrasive Brushes BrushType: Circular Diameter: 3 Wire Size: 0.014 In. Brush Material: Carbon Steel UNSPSC=3119150000,Brushes,EA,10,,12.02,120.20,CREDIT,12.94,129.40,9.20,Department of Homeland Security,United States Coast Guard,No,No,No,No,No,No,No,GSA Advantage,Employee Credit Card,Standard,5.0,'02109,N/A,N/A,N/A,10092014,Galaxie Defense Marketing Services,GS23FBA006
LGAKM50888L,10082014,COOPER BUSSMANN,74682253,74682253,000000000000,"""Cooper Bussmann NO.616 Reducers - Fuses Type: Fuse Reducer Class: H, K Voltage: 600 Amperage Rating: 60 To Fit this Clip (Amps): 100.000 UNSPSC=3900000000""",Electrical Circuit & Line Protection,EA,6,,27.42,164.52,CREDIT,29.53,177.18,12.66,Department of the Army,Army Forces Command,No,No,No,No,No,No,No,GSA Advantage,Employee Credit Card,Standard,3.0,'96113,N/A,N/A,N/A,10092014,Galaxie Defense Marketing Services,GS23FBA006
LGAKM51255L,10082014,CARLON,54087796,54087796,000000000000,Carlon LT20G Non-Metallic Conduit Fittings Conduit Type: Liquidtight Flexible Non-Metallic Conduit Area of Application: Liquidtight Fitting Type: 90 Deg. Connector Trade Size: 1.250 Connection Type: Threaded UNSPSC=3021160000,Electrical Conduit Enclosures & Boxes,EA,2,,32.19,64.38,CREDIT,34.66,69.32,4.94,Department of Homeland Security,United States Coast Guard,No,No,No,No,No,No,No,GSA Advantage,Employee Credit Card,Standard,2.0,'02554,N/A,N/A,N/A,10132014,Galaxie Defense Marketing Services,GS23FBA006
LGAKM51276L,10082014,STARRETT,86405859,86405859,000000000000,Starrett 50583 Adjustable Parallels Minimum Measuring Range: 1-3/4 Maximum Measuring Range: 2.250 Length: 5-1/16 UNSPSC=4111000000,Calibration Layout & Machine Setup Tools,EA,1,,40.29,40.29,CREDIT,43.39,43.39,3.10,Department of the Navy,Intermediate Maintenance Facility,No,No,No,No,No,No,No,GSA Advantage,Employee Credit Card,Standard,3.0,'98314,N/A,N/A,N/A,10142014,Galaxie Defense Marketing Services,GS23FBA006
MOMS00006909641,10082014,AMANA COMPANY L.P.,PTH153E35AXXX,PTH153E35AXXX,000000000000,"PTAC, AMANA PTAC",HVAC,EA,10,,893.74,8937.40,CREDIT,962.45,9624.50,687.10,Department of the Navy,Dept. of the Navy,No,No,No,No,No,No,No,DoD EMALL,Employee Credit Card,Standard,139.0,93555,N/A,N/A,N/A,10142014,Galaxie Defense Marketing Services,GS23FBA006
MOMS00006910075,10082014,AMANA COMPANY L.P.,PTH123E35AXXX,PTH123E35AXXX,000000000000,"PTAC, AMANA PTAC",HVAC,EA,10,,854.63,8546.30,CREDIT,920.33,9203.30,657.00,Department of the Navy,Dept. of the Navy,No,No,No,No,No,No,No,DoD EMALL,Employee Credit Card,Standard,139.0,93555,N/A,N/A,N/A,10162014,Galaxie Defense Marketing Services,GS23FBA006
MOMS00006909410,10082014,MPV INC C/O PMC,76938315,76938315,000000000000,MPV INC C/O PMC 501 ITK TRAY,Electrical Wire & Cable,EA,4,,81.65,326.60,UNPAID,87.93,351.72,25.12,Department of the Navy,Dept. of the Navy,No,No,No,No,No,No,No,DoD EMALL,Employee Credit Card,Standard,19.0,98314,N/A,N/A,N/A,10092014,Galaxie Defense Marketing Services,GS23FBA006
LGAKM52227L,10092014,DYNAROLL,SR4ZZA5,SR4ZZA5,000000000000,Mini Ball Bearing Shielded Bore 0.2500InMiniature Ball Bearing Shielded Unflanged Bore Dia 0.2500 In Outside Dia 0.6250 In Width 0.1960 In ABEC Level 5 Dynamic Load Capacity 335 Lb Static Load Capacity 128 Lb Max Load Axial 123 Lb 45 000 Max RPM Temp Ran,BEARINGS,EA,16,,8.59,137.44,CREDIT,9.25,148.00,10.56,Department of Homeland Security,United States Coast Guard,No,No,No,No,No,No,No,GSA Advantage,Employee Credit Card,Standard,3.2,'27909,N/A,N/A,N/A,10102014,Galaxie Defense Marketing Services,GS23FBA006
LGAKM54003L,10092014,STARRETT,86405115,86405115,000000000000,Starrett 56694 Dial Calipers Maximum Measuring: 12 Range Per Revolution: 0.100 In. Graduation: 0.001 In. Face Color: White Material: Stainless Steel UNSPSC=2711181100,Dimensional Measuring Tools,EA,2,,286.65,573.30,CREDIT,308.69,617.38,44.08,Department of the Navy,Intermediate Maintenance Facility,No,No,No,No,No,No,No,GSA Advantage,Employee Credit Card,Standard,4.0,'98314,N/A,N/A,N/A,10142014,Galaxie Defense Marketing Services,GS23FBA006
LGAKM54009L,10092014,BROWN & SHARPE,06226575,06226575,000000000000,Brown & Sharpe 599-7032-3 BesTest? Dial Test Indicators Graduation: 0.0001 In. Dial Reading: 0-4-0 Point Length: 0.500 UNSPSC=4111190000,Dimensional Measuring Tools,EA,1,,226.02,226.02,CREDIT,243.4,243.40,17.38,Department of the Navy,Intermediate Maintenance Facility,No,No,No,No,No,No,No,GSA Advantage,Employee Credit Card,Standard,2.0,'98314,N/A,N/A,N/A,10142014,Galaxie Defense Marketing Services,GS23FBA006
LGAKM54009L,10092014,BROWN & SHARPE,06226583,06226583,000000000000,Brown & Sharpe 599-7023-3 BesTest? Dial Test Indicators Graduation: 0.0001 In. Dial Reading: 0-4-0 Point Length: 0.500 UNSPSC=4111190000,Dimensional Measuring Tools,EA,1,,260.60,260.60,CREDIT,280.63,280.63,20.03,Department of the Navy,Intermediate Maintenance Facility,No,No,No,No,No,No,No,GSA Advantage,Employee Credit Card,Standard,2.0,'98314,N/A,N/A,N/A,10142014,Galaxie Defense Marketing Services,GS23FBA006
N6275842777420,10092014,BOTHWELL,08029993,08029993,000000000000,"""Bothwell 3487D-20 Stainless Steel - Pipe Fittings Type: Union Fitting Size: 1-1/4 End Connections: FNPT x FNPT Material: Stainless Steel Pressure Rating (psi): 3,000 UNSPSC=2110151000""",Fittings & Couplings,EA,10,,88.68,886.80,CREDIT,95.5,955.00,68.20,Department of the Navy,Dept. of the Navy,No,No,No,No,No,No,No,GSA Advantage,Employee Credit Card,International,5.0,'96349,N/A,N/A,N/A,10272014,Galaxie Defense Marketing Services,GS23FBA006
C3W00042800010,10102014,RED HEAD,64964034,64964034,000000000000,Red Head WS-3836 Tru-Bolt Wedge Type Anchors Head Type: Hex Head Diameter: 3/8 Overall Length: 3-3/4 Material: Carbon Steel UNSPSC=3116210100,Anchors,EA,400,,0.61,244.00,CREDIT,0.66,264.00,20.00,Department of the Army,Dept. of the Army,No,No,No,No,No,No,No,GSA Advantage,Employee Credit Card,Standard,13.0,'17201,N/A,N/A,N/A,10142014,Galaxie Defense Marketing Services,GS23FBA006
LGAKM54419L,10102014,PRO-SAFE,62389333,62389333,000000000000,PRO-SAFE SS07 Oil Only Super Sorbent Pads Type: Heavyweight Applications: Oil Only Length: 15In.> Width: 17In.> UNSPSC=4713190000,Spill Control & Containment,EA,3,,45.57,136.71,CREDIT,49.07,147.21,10.50,Department of Homeland Security,United States Coast Guard,No,No,No,No,No,No,No,GSA Advantage,Employee Credit Card,Standard,21.0,'08204,N/A,N/A,N/A,10142014,Galaxie Defense Marketing Services,GS23FBA006
LGAKM54577L,10102014,MITUTOYO,06242770,06242770,000000000000,Mitutoyo 186-906 Radius Gage Sets - Small Gaging Radius Range: 0.010 - 0.030 x 0.005; 0.040 - 0.100 x 0.010; 0.120 - 0.300 x 0.020; 0.350 - 0.500 x 0.050 UNSPSC=4111161900,Dimensional Measuring Tools,EA,1,,135.61,135.61,CREDIT,146.04,146.04,10.43,Department of the Army,Dept. of the Army,No,No,No,No,No,No,No,GSA Advantage,Employee Credit Card,Standard,34.0,'07806,N/A,N/A,N/A,10142014,Galaxie Defense Marketing Services,GS23FBA006
LGAKM54577L,10102014,MEYER GAGE,97441299,97441299,000000000000,Meyer Gage M1M Class Z Steel Pin Gage Sets Type: Minus Class: Z Minimum Measuring Range: 0.0610 In. Maximum Measuring Range: 0.2500 In. Tolerance: 0.0001 UNSPSC=4111161900,Inspecting Detecting & Testing Instruments,EA,1,,185.17,185.17,CREDIT,199.41,199.41,14.24,Department of the Army,Dept. of the Army,No,No,No,No,No,No,No,GSA Advantage,Employee Credit Card,Standard,34.0,'07806,N/A,N/A,N/A,10142014,Galaxie Defense Marketing Services,GS23FBA006
LGAKM54577L,10102014,MEYER GAGE,98128689,98128689,000000000000,Meyer Gage M2M Class Z Steel Pin Gage Sets Type: Minus Class: Z Minimum Measuring Range: 0.2510 In. Maximum Measuring Range: 0.5000 In. Tolerance: 0.0001 UNSPSC=4111161900,Inspecting Detecting & Testing Instruments,EA,1,,274.38,274.38,CREDIT,295.48,295.48,21.10,Department of the Army,Dept. of the Army,No,No,No,No,No,No,No,GSA Advantage,Employee Credit Card,Standard,34.0,'07806,N/A,N/A,N/A,10142014,Galaxie Defense Marketing Services,GS23FBA006
LGAKM54707L,10102014,WIKA,56455777,56455777,000000000000,Wika 9310711 Gauges - Pressure Instruments Type: Liquid-Filled Scale Measurement Ranges: 0-160 Dial Diameter: 2-1/2 Mount: Lower Accuracy (%): .50 UNSPSC=2317190200,Pressure & Temperature Measuring Instruments,EA,4,,52.52,210.08,CREDIT,56.56,226.24,16.16,Department of the Interior,Bureau of Reclamation,No,No,No,No,No,No,No,GSA Advantage,Employee Credit Card,Standard,4.0,'84023,N/A,N/A,N/A,10142014,Galaxie Defense Marketing Services,GS23FBA006
LGAKM54859L,10102014,TOGGLER,79898003,79898003,000000000000,Toggler 25014 SNAPTOGGLE? Toggle Bolts Type: Toggle Bolt Diameter: 1/4 Overall Length: 6-1/4 Hole Size: 1/2 Screw Size: 1/4-20 UNSPSC=3116210300,Anchors,EA,2,,24.87,49.74,CREDIT,26.78,53.56,3.82,Department of Veterans Affairs,Veterans Benefits Administration,No,No,No,No,No,No,No,GSA Advantage,Employee Credit Card,Standard,5.0,'67218,N/A,N/A,N/A,10142014,Galaxie Defense Marketing Services,GS23FBA006
LGAKM54996L,10102014,ANDERSON,06343875,06343875,000000000000,Anderson 07010 Wire End - Abrasive Brushes BrushType: Crimped Diameter: 3/4 Wire Size: 0.006 In. Brush Material: Brass UNSPSC=3119150000,Brushes,EA,10,,15.11,151.10,CREDIT,16.27,162.70,11.60,Department of Homeland Security,United States Coast Guard,No,No,No,No,No,No,No,GSA Advantage,Employee Credit Card,Standard,4.0,'27909,N/A,N/A,N/A,10142014,Galaxie Defense Marketing Services,GS23FBA006
LGAKM54996L,10102014,ANDERSON,06343941,06343941,000000000000,Anderson 07581 Wire End - Abrasive Brushes BrushType: Coated Cup Diameter: 3/4 Wire Size: 0.010 In. Brush Material: Stainless Steel UNSPSC=3119150000,Brushes,EA,10,,13.85,138.50,CREDIT,14.91,149.10,10.60,Department of Homeland Security,United States Coast Guard,No,No,No,No,No,No,No,GSA Advantage,Employee Credit Card,Standard,4.0,'27909,N/A,N/A,N/A,10142014,Galaxie Defense Marketing Services,GS23FBA006
LGAKM55364L,10102014,NIBCO,82029489,82029489,000000000000,NIBCO T174SS-3/4 Bronze Gate Valves - Class 300 Type: Rising Stem w/Stainless Steel Trim Pipe Size: 3/4 End Connections: Threaded Material: Bronze Disc Style: Alloy Solid Wedge WOG Rating (psi): 600 WSP Rating (psi): 300 UNSPSC=4014161300,Valves,EA,8,,77.42,619.36,CREDIT,83.37,666.96,47.60,Department of Veterans Affairs,Veterans Benefits Administration,No,No,No,No,No,No,No,GSA Advantage,Employee Credit Card,Standard,19.0,'32608,N/A,N/A,N/A,10202014,Galaxie Defense Marketing Services,GS23FBA006
ED14PC006090,10142014,Whirlpool,EV161NZTQ,EV161NZTQ,000000000000,""" E-STAR, 16 CU FT, FROST FREE, REMOVABLE WIRE SHELVES""",APPLIANCES,EA,1,,646.39,646.39,CREDIT,696.08,696.08,49.69,Department of Education,US Department of Education,No,No,No,No,No,No,No,E-Mail,Employee Credit Card,Standard,,20202,N/A,N/A,N/A,10242014,Galaxie Defense Marketing Services,GS23FBA006
LGAKM56433L,10142014,PHILIPS,70122619,70122619,000000000000,Fluorescent Lamps; Type: Linear Fluorescent; Bulb Style: Linear/Tubular; Lamp Code: T8; Wattage (W): 32; Length (Inch): 48; Length (Decimal Inch): 48.0000 UNSPSC=3910170100,Lighting,EA,30,,3.20,96.00,CREDIT,3.45,103.50,7.50,Department of the Air Force,Department of the Air Force,No,No,No,No,No,No,No,GSA Advantage,Employee Credit Card,Standard,17.0,'99011,N/A,N/A,N/A,10172014,Galaxie Defense Marketing Services,GS23FBA006
LGAKM57222L,10142014,PARKER,03211463,03211463,000000000000,Parker 934331T Breathers Type: Desiccant Type Breathers Micron Rating: 3 UNSPSC=4014250000,Hydraulics,EA,1,,77.71,77.71,CREDIT,83.68,83.68,5.97,Department of Homeland Security,United States Coast Guard,No,No,No,No,No,No,No,GSA Advantage,Employee Credit Card,Standard,18.0,'27909,N/A,N/A,N/A,10152014,Galaxie Defense Marketing Services,GS23FBA006
LGAKM57777L,10142014,ENERGIZER,06505812,06505812,000000000000,12 PACK D ENERGIZER BATTERIESEnergizer 92797042 Aluminum Flashlights Type: Household Battery Manufacturer's Part Number: 92797042 Cell Size: D Voltage: 1.5 Trade Name: Industrial? UNSPSC=2611170000,Safety - Facility Safety,EA,5,,16.72,83.60,CREDIT,18.01,90.05,6.45,Department of the Army,Dept. of the Army,No,No,No,No,No,No,No,GSA Advantage,Employee Credit Card,Standard,21.0,'93657,N/A,N/A,N/A,10152014,Galaxie Defense Marketing Services,GS23FBA006
LGAKM57934L,10142014,THOMAS & BETTS,54055546,54055546,000000000000,Thomas & Betts AP-232 Metal Framing Channel Fittings Type: Channel/Strut Post Base Fitting For Use With: Joining Metal Framing Channel/Strut Finish/Coating: Zinc Dichromate UNSPSC=4014170000,Clamps Hangers & Supports,EA,10,,18.48,184.80,CREDIT,19.9,199.00,14.20,Department of Defense (Office of the Sec,Dept. of the Navy,No,No,No,No,No,No,No,GSA Advantage,Employee Credit Card,Standard,39.0,98314,N/A,N/A,N/A,10162014,Galaxie Defense Marketing Services,GS23FBA006
593-P50605,10152014,RIDGID,74781659,74781659,000000000000,Ridgid 33185 Pipe Tubing Accessories - Plumbing Tools & Brushes Type: Cutting Wheel For Use With: 101; 103/104; 105/150/150L; 131/151; 132/152; 153; 205 UNSPSC=2711280100,Plumbing Tools & Equipment,EA,1,,6.57,6.57,CREDIT,7.08,7.08,0.51,Department of Veterans Affairs,Department of Veterans Affairs,No,No,No,No,No,No,No,GSA Advantage,Employee Credit Card,Standard,14.0,89086,N/A,N/A,N/A,10172014,Galaxie Defense Marketing Services,GS23FBA006
LGAKM58126L,10152014,SUGATSUNE,03996824,03996824,000000000000,"""Sugatsune HP-635 Stainless Steel Hasps Type: Weld-on Hasp Pad Length: 0.8100 In. Arm Length: 3.500 In., 3-1/2 Width: 1.5000 In. UNSPSC=3116240200""",Door Lid & Drawer Hardware,EA,15,,15.77,236.55,CREDIT,16.98,254.70,18.15,Department of the Navy,Naval Sea Systems Command,No,No,No,No,No,No,No,GSA Advantage,UNPAID,Standard,33.0,'06349,N/A,N/A,N/A,10172014,Galaxie Defense Marketing Services,GS23FBA006
LGAKM58126L,10152014,SUGATSUNE,32812786,32812786,000000000000,Sugatsune EP-25 Coat Hat - Hooks Type: Wall Hook Projection: 1 Width: 1-3/32 Height: 1 Finish/Coating: Polished UNSPSC=3116260000,Storage Hooks & Closet Rods,EA,40,,10.46,418.40,CREDIT,11.26,450.40,32.00,Department of the Navy,Naval Sea Systems Command,No,No,No,No,No,No,No,GSA Advantage,UNPAID,Standard,33.0,'06349,N/A,N/A,N/A,10172014,Galaxie Defense Marketing Services,GS23FBA006
LGAKM58126L,10152014,SUGATSUNE,32812844,32812844,000000000000,Sugatsune EW-80E Coat Hat - Hooks Type: Dbl. Wall Hook Projection: 1-1/4 Width: 3-5/32 Height: 1-3/4 Finish/Coating: Polished UNSPSC=3116260000,Storage Hooks & Closet Rods,EA,15,,35.72,535.80,CREDIT,38.47,577.05,41.25,Department of the Navy,Naval Sea Systems Command,No,No,No,No,No,No,No,GSA Advantage,UNPAID,Standard,33.0,'06349,N/A,N/A,N/A,10172014,Galaxie Defense Marketing Services,GS23FBA006
LGAKM58126L,10152014,SUGATSUNE,32813206,32813206,000000000000,Sugatsune US-120/M Rectangular Polished Drawer Pulls Handle Diameter: 7/16 Projection: 1-1/4 Material: Stainless Steel/Rubber Finish/Coating: Polished Center to Center: 4-1/64 UNSPSC=3116280100,Door Lid & Drawer Hardware,EA,20,,18.58,371.60,CREDIT,20.01,400.20,28.60,Department of the Navy,Naval Sea Systems Command,No,No,No,No,No,No,No,GSA Advantage,UNPAID,Standard,33.0,'06349,N/A,N/A,N/A,10172014,Galaxie Defense Marketing Services,GS23FBA006
LGAKM58126L,10152014,SUGATSUNE,66105883,66105883,000000000000,Sugatsune RF-50 Coat Hat - Hooks Thickness: 0.0800 In. Type: Rotating Hook Projection: 55/64 Width: 1-31/32 Height: 1-1/2 Finish/Coating: Satin UNSPSC=3116260000,Storage Hooks & Closet Rods,EA,10,,9.15,91.50,CREDIT,9.85,98.50,7.00,Department of the Navy,Naval Sea Systems Command,No,No,No,No,No,No,No,GSA Advantage,UNPAID,Standard,33.0,'06349,N/A,N/A,N/A,10172014,Galaxie Defense Marketing Services,GS23FBA006
LGAKM58126L,10152014,SUGATSUNE,72458573,72458573,000000000000,Sugatsune UJ-040 Coat Hat - Hooks Thickness: 0.0800 In. Type: Flex Hook Projection: 1-1/8 Width: 1-21/32 Height: 2-13/32 Finish/Coating: Mirror UNSPSC=3116260000,Storage Hooks & Closet Rods,EA,20,,10.25,205.00,CREDIT,11.04,220.80,15.80,Department of the Navy,Naval Sea Systems Command,No,No,No,No,No,No,No,GSA Advantage,UNPAID,Standard,33.0,'06349,N/A,N/A,N/A,10172014,Galaxie Defense Marketing Services,GS23FBA006
LGAKM58126L,10152014,SUGATSUNE,80024508,80024508,000000000000,"""Sugatsune HP-645S Stainless Steel Hasps Type: Screw Down Hasp Pad Length: 1.3800 In. Arm Length: 4.500 In., 4-1/2 Width: 1.5000 In. UNSPSC=3116240200""",Door Lid & Drawer Hardware,EA,10,,28.27,282.70,CREDIT,30.44,304.40,21.70,Department of the Navy,Naval Sea Systems Command,No,No,No,No,No,No,No,GSA Advantage,UNPAID,Standard,33.0,'06349,N/A,N/A,N/A,10172014,Galaxie Defense Marketing Services,GS23FBA006
LGAKM58682L,10152014,CEJN,00140848,00140848,000000000000,CEJN 10-320-1404 High Flow Pneumatic Couplings Type: Coupler Thread Size: 3/8 Thread Type: NPT Thread Style: Female Material: Steel/Brass UNSPSC=4014173400,Fittings & Couplings,EA,10,,31.22,312.20,CREDIT,33.62,336.20,24.00,Department of the Army,Dept. of the Army,No,No,No,No,No,No,No,GSA Advantage,Employee Credit Card,Standard,3.0,75507,N/A,N/A,N/A,10202014,Galaxie Defense Marketing Services,GS23FBA006
MD017/SENECA/BM3L,10152014,ERGODYNE,40747313,40747313,000000000000,"""Ergodyne,16971,Winter Liners; Type: Underneath Hard Hat; Color: Black; Material: Fleece; Size: Universal UNSPSC=4618150000""",Safety - Personal Protective Equipment,EA,20,,53.44,1068.80,CREDIT,57.55,1151.00,82.20,Department of Homeland Security,United States Coast Guard,No,No,No,No,No,No,No,GSA Advantage,Employee Credit Card,Standard,10.0,'02109,N/A,N/A,N/A,10162014,Galaxie Defense Marketing Services,GS23FBA006
MOMS00006912507 ,10152014,BRADY,20984LS,20984LS,000000000000,Warning Label Hear Protection PK20Warning Label Hear Protection Required In This Area Self Adhesive Polyester,,EA,2,,33.50,67.00,CREDIT,36.08,72.16,5.16,Department of the Navy,Defense Logistics Agency,No,No,No,No,No,No,No,DoD EMALL,Employee Credit Card,Standard,0.2,93043,N/A,N/A,N/A,10212014,Galaxie Defense Marketing Services,GS23FBA006
42880301LGAKM62617L,10162014,HAWKTEC INTERNATIONAL CO LTD,00452615,00452615,000000000000,HAWKTEC INTERNATIONAL CO LTD 410 Pneumatic - Hose Fittings And Couplings Thread Size: 1/4 Thread Type: NPT Thread Style: Male/Female Material: Brass UNSPSC=4014173400,Fittings & Couplings,EA,6,,11.44,68.64,CREDIT,12.32,73.92,5.28,Department of the Navy,Intermediate Maintenance Facility,No,No,No,No,No,No,No,GSA Advantage,Employee Credit Card,Standard,46.3,'92136,N/A,N/A,N/A,10222014,Galaxie Defense Marketing Services,GS23FBA006
42880301LGAKM62617L,10162014,EVER TITE COUPLINGS,87173928,87173928,000000000000,"""Ever-Tite Coupling Products,315FBR,Suction & Discharge Hose Couplings; Type: Cam & Groove; Thread Size: 1-1/2 NPT; Coupler Size: 1-1/2 (Inch); Material: Brass; Hose Size: 1-1/2 (Inch); Style: PART F UNSPSC=4014173400""",Fittings & Couplings,EA,40,,35.68,1427.20,CREDIT,38.42,1536.80,109.60,Department of the Navy,Intermediate Maintenance Facility,No,No,No,No,No,No,No,GSA Advantage,Employee Credit Card,Standard,46.3,'92136,N/A,N/A,N/A,10222014,Galaxie Defense Marketing Services,GS23FBA006
42880301LGAKM62617L,10162014,EVER TITE COUPLINGS,87175675,87175675,000000000000,"""Ever-Tite Coupling Products,315BBR,Suction & Discharge Hose Couplings; Type: Cam & Groove; Thread Size: 1-1/2 NPT; Coupler Size: 1-1/2 (Inch); Material: Brass; Hose Size: 1-1/2 (Inch); Style: PART B UNSPSC=4014173400""",Fittings & Couplings,EA,25,,49.31,1232.75,CREDIT,53.1,1327.50,94.75,Department of the Navy,Intermediate Maintenance Facility,No,No,No,No,No,No,No,GSA Advantage,Employee Credit Card,Standard,46.3,'92136,N/A,N/A,N/A,10222014,Galaxie Defense Marketing Services,GS23FBA006
LGAKM60911L,10162014,MOBIL,60002722,60002722,000000000000,Mobil 98932P Mobil Fluid? 424 Multi-Purpose Transmission/Hydraulic Fluid Type: Multi-Purpose Tractor Transmission/Hydraulic Fluid Container Size: 2.5 Gal. Container Type: Jug Trade Name: Mobil Fluid 424(R) UNSPSC=1512150000,Lubricants & Lubrication Equipment,EA,2,,50.07,100.14,CREDIT,53.92,107.84,7.70,Department of the Air Force,Air Force Base,No,No,No,No,No,No,No,GSA Advantage,Employee Credit Card,Standard,41.0,'73145,N/A,N/A,N/A,10202014,Galaxie Defense Marketing Services,GS23FBA006
LGAKM61053L,10162014,3M,02676195,02676195,000000000000,3M 00051144260331 Sanding Belts & Accessories Width: 8 Length: 107 Grit: 80 Material: Aluminum Oxide UNSPSC=3119150700,Coated & Non-Woven Abrasives,EA,6,,24.39,146.34,CREDIT,26.27,157.62,11.28,Department of the Air Force,Department of the Air Force,No,No,No,No,No,No,No,GSA Advantage,Employee Credit Card,Standard,9.0,'31098,N/A,N/A,N/A,10202014,Galaxie Defense Marketing Services,GS23FBA006
LGAKM62195L,10162014,WEARWELL,86453263,86453263,000000000000,Wearwell 095.18X36MATBL Clean Room Entrance Matting Type: Mat Matting Style: Clean Room Color: Blue Length: 36 Width: 18 UNSPSC=2410000000,Safety - Facility Safety,EA,8,,38.87,310.96,CREDIT,41.86,334.88,23.92,Department of the Air Force,Department of the Air Force,No,No,No,No,No,No,No,GSA Advantage,Employee Credit Card,Standard,12.0,68113-3110,N/A,N/A,N/A,10202014,Galaxie Defense Marketing Services,GS23FBA006
LGAKM62759L,10162014,COOPER B-LINE,82610387,82610387,000000000000,Cooper B-Line B280SQ ZN Metal Framing Channel Fittings Type: Post Base For Use With: Cooper B-Line and#174; - Channel/Strut (All Sizes Except B62 and B72) Finish/Coating: Zinc Plated UNSPSC=4014170000,Clamps Hangers & Supports,EA,4,,32.85,131.40,CREDIT,35.38,141.52,10.12,Department of the Interior,Bureau of Reclamation,No,No,No,No,No,No,No,GSA Advantage,Employee Credit Card,Standard,15.0,'94514,N/A,N/A,N/A,10202014,Galaxie Defense Marketing Services,GS23FBA006
LGAKM63121L,10162014,MSC,62414214,62414214,000000000000,MSC PG5-300PSIG 2.5 In. Precision Digital Test Gauges ( .25%) Type: Digital Pressure Gauge Scale Measurement Ranges: 0-300 Display Ranges: 0-300 psi Dial Diameter: 2-1/2 Mount: Bottom UNSPSC=2317190200,Pressure & Temperature Measuring Instruments,EA,1,,445.73,445.73,CREDIT,480,480.00,34.27,Department of the Air Force,Department of the Air Force,No,No,No,No,No,No,No,GSA Advantage,Employee Credit Card,Standard,2.0,'96328,N/A,N/A,N/A,10202014,Galaxie Defense Marketing Services,GS23FBA006
R5J-078,10162014,AQUA GUARD,116604,116604,000000000000,Aqua Guard 1 Gallon Calcium Hardness Reducer - Reduces The Calcium Hardness Of Pool Water So That A Proper pH Balance May Be Obtai ned - Reduces Scale Formation,Pool Supplies,EA,4,,35.73,142.92,CREDIT,38.48,153.92,11.00,Department of Veterans Affairs,Veterans Benefits Administration,No,No,No,No,No,No,No,GSA Advantage,Employee Credit Card,Standard,40.0,'13210,N/A,N/A,N/A,10202014,Galaxie Defense Marketing Services,GS23FBA006
15MGF00029,10172014,NIBCO INC,641161,641161,000000000000,2 x 2,Plumbing,EA,6,,16.03,96.18,CREDIT,17.26,103.56,7.38,Department of Agriculture,USDA Graduate School,No,No,No,No,No,No,No,GSA Advantage,Employee Credit Card,Standard,6.0,'50010,N/A,N/A,N/A,10222014,Galaxie Defense Marketing Services,GS23FBA006
L032-42908449,10172014,PARKER,62249842,62249842,000000000000,Parker 41FL-8 Brass SAE 45(degrees) Flared Fittings Type: Light Duty Long Nut Barstok Tube Outside Diameter: 1/2 Thread Size: 3/4-16 Thread Type: UNF UNSPSC=2712170000,Fittings & Couplings,EA,10,,4.13,41.30,CREDIT,4.45,44.50,3.20,Department of Defense (Office of the Sec,Naval Air Station,No,No,No,No,No,No,No,GSA Advantage,Employee Credit Card,Standard,7.0,'92135,N/A,N/A,N/A,10212014,Galaxie Defense Marketing Services,GS23FBA006
L032-42908449,10172014,PARKER,62249941,62249941,000000000000,Parker 41FS-8 Brass SAE 45(degrees) Flared Fittings Type: Light Duty Short Nut Tube Outside Diameter: 1/2 Thread Size: 3/4-16 Thread Type: UNF UNSPSC=2712170000,Fittings & Couplings,EA,10,,2.53,25.30,CREDIT,2.72,27.20,1.90,Department of Defense (Office of the Sec,Naval Air Station,No,No,No,No,No,No,No,GSA Advantage,Employee Credit Card,Standard,7.0,'92135,N/A,N/A,N/A,10212014,Galaxie Defense Marketing Services,GS23FBA006
L032-42908449,10172014,PARKER,62250097,62250097,000000000000,Parker 42F-8 Brass SAE 45(degrees) Flared Fittings Type: Light Duty Union Tube Outside Diameter: 1/2 Thread Size: 3/4-16 Thread Type: UNF UNSPSC=2712170000,Fittings & Couplings,EA,10,,3.95,39.50,CREDIT,4.25,42.50,3.00,Department of Defense (Office of the Sec,Naval Air Station,No,No,No,No,No,No,No,GSA Advantage,Employee Credit Card,Standard,7.0,'92135,N/A,N/A,N/A,10212014,Galaxie Defense Marketing Services,GS23FBA006
L032-42908449,10172014,PARKER,62250501,62250501,000000000000,Parker 46F-8-8 Brass SAE 45(degrees) Flared Fittings Type: Light Duty Female Connector Tube Outside Diameter: 1/2 Thread Size: 1/2-14 Thread Type: NPTF UNSPSC=2712170000,Fittings & Couplings,EA,10,,4.47,44.70,CREDIT,4.81,48.10,3.40,Department of Defense (Office of the Sec,Naval Air Station,No,No,No,No,No,No,No,GSA Advantage,Employee Credit Card,Standard,7.0,'92135,N/A,N/A,N/A,10212014,Galaxie Defense Marketing Services,GS23FBA006
L032-42908449,10172014,PARKER,62250766,62250766,000000000000,Parker 48F-8-8 Brass SAE 45(degrees) Flared Fittings Type: Light Duty Male Connector Tube Outside Diameter: 1/2 Thread Size: 1/2-14 Thread Type: NPTF UNSPSC=2712170000,Fittings & Couplings,EA,10,,3.13,31.30,CREDIT,3.37,33.70,2.40,Department of Defense (Office of the Sec,Naval Air Station,No,No,No,No,No,No,No,GSA Advantage,Employee Credit Card,Standard,7.0,'92135,N/A,N/A,N/A,10212014,Galaxie Defense Marketing Services,GS23FBA006
LGAKM63330L,10172014,NIFTY PRODUCTS,80086374,80086374,000000000000,Nifty Products SOS34 Seals Bu,Packaging & Shipping Supplies,EA,1,,46.63,46.63,CREDIT,50.22,50.22,3.59,Department of Defense (Office of the Sec,Dept. of the Army,No,No,No,No,No,No,No,GSA Advantage,Employee Credit Card,Standard,78.0,'75507,N/A,N/A,N/A,10202014,Galaxie Defense Marketing Services,GS23FBA006
LGAKM63330L,10172014,NIFTY PRODUCTS,83052548,83052548,000000000000,Nifty Products SC125 Sealers Crimpers Tensioner Tools - Strapping & Stretch Wrap Type: Strapping Cutter For Use With: Steel Strapping Fractional Widths: 3/4 Tool Function: Cut UNSPSC=4410230500,Packaging & Shipping Supplies,EA,1,,52.43,52.43,CREDIT,56.46,56.46,4.03,Department of Defense (Office of the Sec,Dept. of the Army,No,No,No,No,No,No,No,GSA Advantage,Employee Credit Card,Standard,78.0,'75507,N/A,N/A,N/A,10202014,Galaxie Defense Marketing Services,GS23FBA006
LGAKM63330L,10172014,MSC,01700707,01700707,000000000000,"MSC 10657 For Shipping And Packaging - Strapping & Stretch Wrap Type: Steel Strapping Dispenser Type: Oscillated Coil Width: 3/4 Capacity: 2,000 Length Ft.: 1796 UNSPSC=2414000000",Packaging & Shipping Supplies,EA,1,,220.99,220.99,CREDIT,237.98,237.98,16.99,Department of Defense (Office of the Sec,Dept. of the Army,No,No,No,No,No,No,No,GSA Advantage,Employee Credit Card,Standard,78.0,'75507,N/A,N/A,N/A,10202014,Galaxie Defense Marketing Services,GS23FBA006
LGAKM63330L,10172014,MSC,01700889,01700889,000000000000,"MSC 10082 Sealers Crimpers Tensioner Tools - Strapping & Stretch Wrap Type: Tensioner-Feedwheel(Rotary) Fractional Widths: 1/4, 3/8, 1/2, 9/16, 5/8, 3/4 UNSPSC=4410230500",Packaging & Shipping Supplies,EA,1,,304.99,304.99,CREDIT,328.44,328.44,23.45,Department of Defense (Office of the Sec,Dept. of the Army,No,No,No,No,No,No,No,GSA Advantage,Employee Credit Card,Standard,78.0,'75507,N/A,N/A,N/A,10202014,Galaxie Defense Marketing Services,GS23FBA006
LGAKM63330L,10172014,MSC,01700939,01700939,000000000000,MSC 10106 Sealers Crimpers Tensioner Tools - Strapping & Stretch Wrap Type: Sealers-Front Action For Use With: Steel Strapping Fractional Widths: 3/4 Tool Function: Open UNSPSC=4410230500,Packaging & Shipping Supplies,EA,1,,132.88,132.88,CREDIT,143.1,143.10,10.22,Department of Defense (Office of the Sec,Dept. of the Army,No,No,No,No,No,No,No,GSA Advantage,Employee Credit Card,Standard,78.0,'75507,N/A,N/A,N/A,10202014,Galaxie Defense Marketing Services,GS23FBA006
LGAKM63330L,10172014,MSC,01700988,01700988,000000000000,"MSC STRCARTM Carts Dispensers - Strapping & Stretch Wrap Type: Heavy-Duty Oscillated Coil Dispenser For Use With: Steel Strapping Width: 1/4, 3/8, 1/2, 9/16, 5/8, 3/4 UNSPSC=3115190000",Packaging & Shipping Supplies,EA,1,,482.04,482.04,CREDIT,519.1,519.10,37.06,Department of Defense (Office of the Sec,Dept. of the Army,No,No,No,No,No,No,No,GSA Advantage,Employee Credit Card,Standard,78.0,'75507,N/A,N/A,N/A,10202014,Galaxie Defense Marketing Services,GS23FBA006
LGAKM63437L,10172014,BREEZE,05358676,05358676,000000000000,Breeze CT900L-SS Constant Torque Hose Clamps Type: Auto-Adjustable Worm Drive Clamp Hose Size: 8-1/4 Material: Stainless Steel Width: 5/8 Minimum Diameter: 8-1/4 Maximum Diameter: 9-1/8 UNSPSC=3116290000,Clamps Hangers & Supports,EA,10,,9.84,98.40,CREDIT,10.6,106.00,7.60,Department of Homeland Security,United States Coast Guard,No,No,No,No,No,No,No,GSA Advantage,Employee Credit Card,Standard,5.0,'23703,N/A,N/A,N/A,10212014,Galaxie Defense Marketing Services,GS23FBA006
LGAKM64107L,10172014,NORTON,90608456,90608456,000000000000,Norton 66261136613 PSA Abrasive Discs - Aluminum Oxide Type: Disc Diameter: 12 Grit: 120 Material: Aluminum Oxide UNSPSC=2711281600,Coated & Non-Woven Abrasives,EA,10,,5.31,53.10,CREDIT,5.72,57.20,4.10,Department of Homeland Security,United States Coast Guard,No,No,No,No,No,No,No,GSA Advantage,Employee Credit Card,Standard,3.0,'97459,N/A,N/A,N/A,10212014,Galaxie Defense Marketing Services,GS23FBA006
LGAKM64448L,10172014,MSC,68027168,68027168,000000000000,"""MSC,38-108-12-16-PC,Blind Rivets; Type: Drive; Maximum Grip (Decimal Inch): 0.4220; Minimum Grip (Decimal Inch): 0.3280; Body Diameter: 0.2500; Body Diameter (Inch): 1/4; Minimum Hole Diameter (Decimal Inch): 0.2660 UNSPSC=3116220100""",Rivets & Cleco Fasteners,EA,300,,0.19,57.00,CREDIT,0.2,60.00,3.00,Department of Homeland Security,United States Coast Guard,No,No,No,No,No,No,No,GSA Advantage,Employee Credit Card,Standard,2.0,'02109,N/A,N/A,N/A,10212014,Galaxie Defense Marketing Services,GS23FBA006
LGAKM64755L,10172014,PASS & SEYMOUR/LEGRAND,54085998,54085998,000000000000,PASS & SEYMOUR/LEGRAND T1003 3W 1000W BROW INCANDES. TOGGLE DIMMER UNSPSC=3021190200,Electrical Switches & Relays,EA,1,,49.62,49.62,CREDIT,53.43,53.43,3.81,Department of the Air Force,Department of the Air Force,No,No,No,No,No,No,No,GSA Advantage,Employee Credit Card,Standard,1.0,'19044,N/A,N/A,N/A,10242014,Galaxie Defense Marketing Services,GS23FBA006
LGAKM64838L,10172014,MSC,00081927,00081927,000000000000,MSC 6 X 48 50 GR Sanding Belts & Accessories Width: 6 Length: 48 Grit: 50 Material: Zirconia Alumina UNSPSC=3119150700,Coated & Non-Woven Abrasives,EA,6,,11.88,71.28,CREDIT,12.79,76.74,5.46,Department of the Army,Corps of Engineers,No,No,No,No,No,No,No,GSA Advantage,Employee Credit Card,Standard,5.0,'83716,N/A,N/A,N/A,10222014,Galaxie Defense Marketing Services,GS23FBA006
LGAKM64891L,10172014,VALLEY FORGE FLAG CO,01297373,01297373,000000000000,"""Valley Forge Flag Co 46211000-CH American Flags Type: Outdoor American Flag Style: Pole Mount Height: 4 Width: 6 Color: Red, White & Blue Material: Nylon UNSPSC=5512171500""",Safety - Signs Identification & Lockout/Tagout,EA,6,,46.51,279.06,CREDIT,50.09,300.54,21.48,Department of Agriculture,USDA Graduate School,No,No,No,No,No,No,No,GSA Advantage,Employee Credit Card,Standard,6.0,'76502,N/A,N/A,N/A,10222014,Galaxie Defense Marketing Services,GS23FBA006
LGAKM65806L,10202014,SHAVIV,02724912,02724912,000000000000,Shaviv 155-90072 Mango II Ergonomic Deburring Sets Type: RatchetBurr Set Set Type: Deburring Set with Ratchet Holder Set Contents: Mango II Handle; Holder FR; Blade F20 UNSPSC=2711150000,Deburring Tools,EA,2,,61.10,122.20,CREDIT,65.8,131.60,9.40,Department of Homeland Security,United States Coast Guard,No,No,No,No,No,No,No,GSA Advantage,Employee Credit Card,Standard,14.0,'27909,N/A,N/A,N/A,10222014,Galaxie Defense Marketing Services,GS23FBA006
LGAKM65806L,10202014,SPI,03183852,03183852,000000000000,"""SPI 40-146-3 Pocket Hand Held Comparators - Optical Products Type: Pocket Comparator with #1, #5, #7, #8, #12 Reticles Magnification: 10x UNSPSC=4111370200""",Inspecting Detecting & Testing Instruments,EA,1,,187.13,187.13,CREDIT,201.52,201.52,14.39,Department of Homeland Security,United States Coast Guard,No,No,No,No,No,No,No,GSA Advantage,Employee Credit Card,Standard,14.0,'27909,N/A,N/A,N/A,10222014,Galaxie Defense Marketing Services,GS23FBA006
LGAKM65806L,10202014,STARRETT,03849189,03849189,000000000000,Starrett 64475 Back-Plunger Dial Indicators UNSPSC=4111190000,Dimensional Measuring Tools,EA,1,,334.58,334.58,CREDIT,360.3,360.30,25.72,Department of Homeland Security,United States Coast Guard,No,No,No,No,No,No,No,GSA Advantage,Employee Credit Card,Standard,14.0,'27909,N/A,N/A,N/A,10222014,Galaxie Defense Marketing Services,GS23FBA006
LGAKM65806L,10202014,VARGUS,05751441,05751441,000000000000,Vargus 151-29049 Hand Tool Blades - Countersinks & Deburring Blade Type: F12 UNSPSC=2711150000,Deburring Tools,EA,2,,14.33,28.66,CREDIT,15.43,30.86,2.20,Department of Homeland Security,United States Coast Guard,No,No,No,No,No,No,No,GSA Advantage,Employee Credit Card,Standard,14.0,'27909,N/A,N/A,N/A,10222014,Galaxie Defense Marketing Services,GS23FBA006
LGAKM65806L,10202014,VARGUS,05751482,05751482,000000000000,Vargus 151-29051 Hand Tool Blades - Countersinks & Deburring Blade Type: F30 UNSPSC=2711150000,Deburring Tools,EA,2,,33.50,67.00,CREDIT,36.08,72.16,5.16,Department of Homeland Security,United States Coast Guard,No,No,No,No,No,No,No,GSA Advantage,Employee Credit Card,Standard,14.0,'27909,N/A,N/A,N/A,10222014,Galaxie Defense Marketing Services,GS23FBA006
LGAKM65806L,10202014,VARGUS,84811140,84811140,000000000000,Vargus 151-29147 Hand Tool Sets - Countersinks & Deburring UNSPSC=2317161100,Deburring Tools,EA,2,,24.87,49.74,CREDIT,26.78,53.56,3.82,Department of Homeland Security,United States Coast Guard,No,No,No,No,No,No,No,GSA Advantage,Employee Credit Card,Standard,14.0,'27909,N/A,N/A,N/A,10222014,Galaxie Defense Marketing Services,GS23FBA006
LGAKM65806L,10202014,STARRETT,86425378,86425378,000000000000,Starrett 53074 Small Hole Gag,Dimensional Measuring Tools,EA,2,,128.65,257.30,CREDIT,138.54,277.08,19.78,Department of Homeland Security,United States Coast Guard,No,No,No,No,No,No,No,GSA Advantage,Employee Credit Card,Standard,14.0,'27909,N/A,N/A,N/A,10222014,Galaxie Defense Marketing Services,GS23FBA006
LGAKM65806L,10202014,GUARD AIR,94225034,94225034,000000000000,Guard Air 75XXT Blow Guns - Hose Accessories Style: Heavy Duty Pistol Grip Tip Type: Maximum Power Venturi Nozzle Maximum Working Pressure (psi): 150.000 Tube Length: 2.000 In. Thread Size on Inlet: 1/4 NPT UNSPSC=2711290000,Blow Guns Hose Reels & Hose Accessories,EA,10,,32.16,321.60,CREDIT,34.63,346.30,24.70,Department of Homeland Security,United States Coast Guard,No,No,No,No,No,No,No,GSA Advantage,Employee Credit Card,Standard,14.0,'27909,N/A,N/A,N/A,10222014,Galaxie Defense Marketing Services,GS23FBA006
LGAKM67527L,10202014,DALLAS LIGHTHOUSE F/T BLIND,8415013940216,LCI-701220,000000000000,"HIGH VISIBILITY SAFETY VEST -GENERAL PURPOSE, ORANGE WITH YELLOW REFLECTIVE STRI",CUSTOM/SAFETY AND,EA,30,,21.11,633.30,CREDIT,21.54,646.20,12.90,Department of the Army,Dept. of the Army,No,No,No,No,No,No,No,GSA Advantage,Employee Credit Card,Standard,15.0,'73503,N/A,N/A,N/A,10272014,Galaxie Defense Marketing Services,GS23FBA006
LGAKM68140L,10212014,TASCO,02947539,02947539,000000000000,Tasco 210-02800 NNR28 BLACK W,Safety - Personal Protective Equipment,EA,3,,25.86,77.58,CREDIT,27.85,83.55,5.97,Nuclear Regulatory Commission,Nuclear Regulatory Commission,No,No,No,No,No,No,No,GSA Advantage,Employee Credit Card,Standard,5.0,'20657,N/A,N/A,N/A,10282014,Galaxie Defense Marketing Services,GS23FBA006
LGAKM68577L,10212014,PFERD,86536638,86536638,000000000000,PFERD 17039 Files Type: Chainsaw Overall Length: 8 Cut: Spiral Cut Pattern: American UNSPSC=2711190200,Files Sticks & Stones,EA,60,,1.44,86.40,CREDIT,1.55,93.00,6.60,Department of the Interior,Bureau of Land Management,No,No,No,No,No,No,No,GSA Advantage,Employee Credit Card,Standard,7.0,'97459,N/A,N/A,N/A,10222014,Galaxie Defense Marketing Services,GS23FBA006
LGAKM69535L,10212014,MSC,71400931,71400931,000000000000,"""MSC 205314 Coupling Nuts Type: Inch Standard Thread Size: 5/8-11 Height: 2-1/8, 54.0000 mm Hex Size: 1-1/16, 27.0000 mm Material: Steel UNSPSC=3116172800""",Nuts,EA,4,,27.61,110.44,CREDIT,29.73,118.92,8.48,Department of the Navy,Intermediate Maintenance Facility,No,No,No,No,No,No,No,GSA Advantage,Employee Credit Card,Standard,3.0,'98314,N/A,N/A,N/A,10222014,Galaxie Defense Marketing Services,GS23FBA006
QDH01238,10212014,"HONEYWELL(UVEX,FENDALL,WILSON)",60215670,60215670,000000000000,"Sperian,32-000454,Disposable Eye Wash Bottles & Stations; Type: Eyewash Solution; Container Size (oz.): 16.00; Station Compatibility: Wall Station; Includes: Extended Flow Nozzle UNSPSC=4618180700",Safety - First Aid Medical & Hydration,EA,20,,8.27,165.40,UNPAID,8.91,178.20,12.80,Department of the Army,Dept. of the Army,No,No,No,No,No,No,No,E-Mail,Check,Standard,27.0,42223,N/A,N/A,N/A,10212014,Galaxie Defense Marketing Services,GS23FBA006
JML42942604,10222014,MSC,75883322,75883322,000000000000,"""MSC K5-99-127-07 Rotary Action Draw Latches Type: Rotary Action Draw Latch Length: 3.430 In. Width: 2.7500 In. Height: 0.670 In. Material: Steel Finish/Coating: Zinc Plate, Bright Chromate Dip UNSPSC=3116240700""",Door Lid & Drawer Hardware,EA,24,,8.12,194.88,CREDIT,8.74,209.76,14.88,Department of the Navy,Dept. of the Navy,No,No,No,No,No,No,No,GSA Advantage,Employee Credit Card,Standard,9.0,'92136,N/A,N/A,N/A,10232014,Galaxie Defense Marketing Services,GS23FBA006
LGAKM71378L,10222014,TYGON,48521363,48521363,000000000000,Tygon 509318 Plastic - Tubing Inside Diameter: 3/4 Outside Diameter: 1 Wall Thickness: 1/8 Material: Tygon Color: Clear UNSPSC=4014190000,Tube,EA,1,,361.46,361.46,CREDIT,389.25,389.25,27.79,Department of the Army,Dept. of the Army,No,No,No,No,No,No,No,GSA Advantage,Employee Credit Card,Standard,10.0,'84404,N/A,N/A,N/A,10242014,Galaxie Defense Marketing Services,GS23FBA006
LGAKM71517L,10222014,ASHCROFT,74673658,74673658,000000000000,Ashcroft 80295XLL 4-1/2 In. Hinged Front Process Gauges Type: Dry Scale Measurement Ranges: 0-800 Display Ranges: 0-800 psi Dial Diameter: 4-1/2 Mount: Back Accuracy (%): .50 Thread Size: 1/4 UNSPSC=2317190200,Pressure & Temperature Measuring Instruments,EA,1,,237.19,237.19,CREDIT,255.43,255.43,18.24,Department of the Air Force,Air National Guard (Not for Fleet Lease),No,No,No,No,No,No,No,GSA Advantage,Employee Credit Card,Standard,3.4,'66619,N/A,N/A,N/A,11122014,Galaxie Defense Marketing Services,GS23FBA006
LGAKM72872L,10222014,KOOL MIST,99303190,99303190,000000000000,Kool Mist 350N Tank Units Tank Capacity: 3 Gal. Number of Outlets: 1 Nozzle Length: 6 Coolant Line Length: 48 UNSPSC=4014000000,Metalworking Fluids Coolants & Equipment,EA,1,,175.73,175.73,CREDIT,189.24,189.24,13.51,Department of the Army,Army National Guard,No,No,No,No,No,No,No,GSA Advantage,Employee Credit Card,Standard,6.0,'67219,N/A,N/A,N/A,10272014,Galaxie Defense Marketing Services,GS23FBA006
M91-4287-0603,10222014,CUTLER-HAMMER,07826654,07826654,000000000000,Cutler-Hammer 10250TLB 30.5mm 10250T Selector Switches For Use With: 30mm Selector Switches UNSPSC=4000000000,Electrical Switches & Relays,EA,12,,8.80,105.60,CREDIT,9.48,113.76,8.16,Department of the Army,Army National Guard,No,No,No,No,No,No,No,GSA Advantage,Employee Credit Card,Standard,1.0,'06340,N/A,N/A,N/A,10242014,Galaxie Defense Marketing Services,GS23FBA006
N55262-4293-0303,10222014,LEGEND VALVE,36895357,36895357,000000000000,Legend Valve 105-107 Brass Swing Check Valves Design: In-Line Fractional Pipe Size: 1-1/2 End Connections: FNPT x FNPT Material: Brass WOG Rating (psi): 200 UNSPSC=4014162200,Valves,EA,20,,39.03,780.60,CREDIT,42.03,840.60,60.00,Department of the Navy,Dept. of the Navy,No,No,No,No,No,No,No,GSA Advantage,Employee Credit Card,Standard,37.0,'92136,N/A,N/A,N/A,10242014,Galaxie Defense Marketing Services,GS23FBA006
LGAKM74848L,10232014,BOELUBE,61232591,61232591,000000000000,Boelube 70307-12-12 12 OZ JAR,Lubricants & Lubrication Equipment,EA,12,,17.62,211.44,CREDIT,18.98,227.76,16.32,Department of the Air Force,Deparment of the Air Force,No,No,No,No,No,No,No,GSA Advantage,Employee Credit Card,Standard,10.0,'84056,N/A,N/A,N/A,11032014,Galaxie Defense Marketing Services,GS23FBA006
LGAKM75019L,10232014,ACORN ENGINEERING,233452,233452,000000000000,ACORN CHECK STOP ASS'Y,Electrical,EA,6,,30.26,181.56,CREDIT,32.59,195.54,13.98,Department of the Army,Department of the Army,No,No,No,No,No,No,No,GSA Advantage,Employee Credit Card,Standard,2.0,'66027,N/A,N/A,N/A,10282014,Galaxie Defense Marketing Services,GS23FBA006
LGAKM75829L,10232014,HSM OF AMERICA,68210491,68210491,000000000000,HSM OF AMERICA 315 1 GALLON HSM SHREDDER OIL UNSPSC=4410000000,Office Equipment,EA,2,,37.72,75.44,CREDIT,40.62,81.24,5.80,Department of Agriculture,Animal and Plant Health Inspection Service,No,No,No,No,No,No,No,GSA Advantage,Employee Credit Card,Standard,15.0,'80526,N/A,N/A,N/A,10272014,Galaxie Defense Marketing Services,GS23FBA006
LGAKM76718L,10232014,CAMCAR LLC.,BN-801490,BN-801490,000000000000,TAPCON FASTENER INSTALL KIT,HARDWARE,EA,1,,60.88,60.88,CREDIT,65.56,65.56,4.68,Department of Homeland Security,United States Coast Guard,No,No,No,No,No,No,No,GSA Advantage,Employee Credit Card,Standard,2.0,'03904,N/A,N/A,N/A,10282014,Galaxie Defense Marketing Services,GS23FBA006
R5J-109,10232014,AQUA GUARD,116601,116601,000000000000,Aqua Guard 30 Lb pH Down Dry Acid- Fast-Dissolving Granular Pool Acid - Lowers pH And Alkalinity Quickly And Safely,Pool Supplies,EA,1,,39.71,39.71,CREDIT,42.76,42.76,3.05,Department of Veterans Affairs,Department of Veterans Affairs,No,No,No,No,No,No,No,GSA Advantage,Employee Credit Card,Standard,70.0,'13210,N/A,N/A,N/A,10272014,Galaxie Defense Marketing Services,GS23FBA006
31201,10232014,MEDIQUE,45909686,45909686,000000000000,Medique 26811 Topical Skin Treatments Type: 70% Isopropyl Alcohol Container Size: 16 oz. UNSPSC=5100000000,Safety - First Aid Medical & Hydration,EA,1181,,4.82,5692.42,UNPAID,5.19,6129.39,436.97,Department of Homeland Security,United States Coast Guard,No,No,No,No,No,No,No,E-Mail,EFT,Standard,1192.8,90045,N/A,N/A,N/A,11032014,Galaxie Defense Marketing Services,GS23FBA006
LGAKM77682L,10242014,COOPER B-LINE,62066477,62066477,000000000000,Cooper B-Line BL1410 3/4 W/BO,Clamps Hangers & Supports,EA,100,,0.85,85.00,CREDIT,0.92,92.00,7.00,Department of Veterans Affairs,Veterans Benefits Administration,No,No,No,No,No,No,No,GSA Advantage,Employee Credit Card,Standard,9.0,'40502,N/A,N/A,N/A,10272014,Galaxie Defense Marketing Services,GS23FBA006
LGAKM77806L,10242014,NORTON,70360417,70360417,000000000000,Norton 66261100950 9 x 11 In. Silicon Carbide Screen-Cloth Sheets Width: 9 Length: 11 Grit: 120 Material: Silicon Carbide UNSPSC=3119150000,Coated & Non-Woven Abrasives,EA,18,,2.73,49.14,CREDIT,2.94,52.92,3.78,Department of Homeland Security,United States Coast Guard,No,No,No,No,No,No,No,GSA Advantage,Employee Credit Card,Standard,3.0,'77642,N/A,N/A,N/A,10292014,Galaxie Defense Marketing Services,GS23FBA006
LGAKM78398L,10242014,LUFKIN,06199186,06199186,000000000000,Lufkin W9210 Mezurall Series Power Tapes Length Ft.: 10 Width: 1/2 Graduation: 1/16; 1/32 UNSPSC=2711180100,Dimensional Measuring Tools,EA,10,,15.44,154.40,CREDIT,16.63,166.30,11.90,Department of the Interior,Bureau of Reclamation,No,No,No,No,No,No,No,GSA Advantage,Employee Credit Card,Standard,3.0,'99133,N/A,N/A,N/A,10282014,Galaxie Defense Marketing Services,GS23FBA006
4600848977,10272014,STARRETT,86432887,86432887,000000000000,Starrett 80613 Crystal Pink Granite Surface Plates - High Quartz Content Length: 18 Width: 12 Thickness: 4 Grade: A Material: Granite UNSPSC=3100000000,Inspecting Detecting & Testing Instruments,EA,1,,264.21,264.21,CREDIT,284.52,284.52,20.31,Department of the Army,Dept. of the Army,No,No,No,No,No,No,No,GSA Advantage,Employee Credit Card,Standard,114.0,07806,N/A,N/A,N/A,11112014,Galaxie Defense Marketing Services,GS23FBA006
4600848977,10272014,FRED V. FOWLER COMPANY INC.,99726937,99726937,000000000000,FRED V. FOWLER COMPANY INC. 52-720-000 52-720-000 FOWLER R ROUGHNESS SPECIMEN UNSPSC=4111370200,Inspecting Detecting & Testing Instruments,EA,1,,170.89,170.89,CREDIT,184.03,184.03,13.14,Department of the Army,Dept. of the Army,No,No,No,No,No,No,No,GSA Advantage,Employee Credit Card,Standard,1.0,07806,N/A,N/A,N/A,10302014,Galaxie Defense Marketing Services,GS23FBA006
LGAKM80383L,10272014,WEILER,82072059,82072059,000000000000,Weiler 44189 98469 Hand Wire - Abrasive Brushes Type: Small Handle Scratch Brush Brush Material: Brass UNSPSC=2711190700,Brushes,EA,144,,3.90,561.60,CREDIT,4.2,604.80,43.20,Department of the Navy,Dept. of the Navy,No,No,No,No,No,No,No,GSA Advantage,Employee Credit Card,Standard,8.0,'23460,N/A,N/A,N/A,10282014,Galaxie Defense Marketing Services,GS23FBA006
LGAKM81321L,10272014,ENERGIZER,76581107,76581107,000000000000,"""1.5 VOLT #394 WATCH/CALCULATOR BATTSEnergizer 394-380TZ Batteries Type: Button Cell Battery (Multi-Drain) Manufacturer's Part Number: 394/380 Voltage: 1.5 Cross Reference Number: SR936SW, 27, 524 Trade Name: Energizer? UNSPSC=2611170000""",Safety - Facility Safety,EA,200,,1.10,220.00,CREDIT,1.18,236.00,16.00,Department of Homeland Security,U.S. Border Patrol,No,No,No,No,No,No,No,GSA Advantage,Employee Credit Card,Standard,2.0,'78840,N/A,N/A,N/A,10292014,Galaxie Defense Marketing Services,GS23FBA006
LGAKM81578L,10272014,"""OSRAM SYLVANIA, INC""",90-2293,90-2293,000000000000,**FT40DL/835/RS,Plumbing,EA,10,,27.87,278.70,CREDIT,30.01,300.10,21.40,Department of Homeland Security,United States Coast Guard,No,No,No,No,No,No,No,GSA Advantage,Employee Credit Card,Standard,5.0,98134-1152,N/A,N/A,N/A,11032014,Galaxie Defense Marketing Services,GS23FBA006
LGAKM82272L,10272014,AMETEK,65280406,65280406,000000000000,Ametek 132546 SOLFRUNT 6 In. Process Gauges Type: Process Gauges Scale Measurement Ranges: 0-30 Display Ranges: 0-30 psi Dial Diameter: 6 Mount: Lower Back Accuracy (%): 0.5 Thread Size: 1/2 UNSPSC=2317190200,Pressure & Temperature Measuring Instruments,EA,1,,157.10,157.10,CREDIT,169.18,169.18,12.08,Department of the Navy,Fleet Readiness Center,No,No,No,No,No,No,No,GSA Advantage,Employee Credit Card,Standard,5.0,'70143,N/A,N/A,N/A,10302014,Galaxie Defense Marketing Services,GS23FBA006
LGAKM82872L,10272014,STARRETT,58694373,58694373,000000000000,Starrett 57097 Thickness Feeler Gages - Inch Type: Thickness Gage Leaf Length: 3-1/32 Number of Leaves: 31 Thickness Range: 0.0015 - 0.0350 Material: Tempered Steel UNSPSC=4111161700,Dimensional Measuring Tools,EA,1,,54.14,54.14,CREDIT,58.3,58.30,4.16,Department of the Navy,Intermediate Maintenance Facility,No,No,No,No,No,No,No,GSA Advantage,Employee Credit Card,Standard,1.0,'98314,N/A,N/A,N/A,10282014,Galaxie Defense Marketing Services,GS23FBA006
LGAKM82872L,10272014,SPI,85668838,85668838,000000000000,SPI 91-389-7 Thickness Gages or Feeler Stock - 1/2 In. x 12 In. (12.7mm x 300mm) Type: Feeler Gage Leaf Length: 12 Thickness: 0.0400 In. Material: Tempered Steel UNSPSC=4111161700,Dimensional Measuring Tools,EA,1,,2.92,2.92,CREDIT,3.14,3.14,0.22,Department of the Navy,Intermediate Maintenance Facility,No,No,No,No,No,No,No,GSA Advantage,Employee Credit Card,Standard,1.0,'98314,N/A,N/A,N/A,10282014,Galaxie Defense Marketing Services,GS23FBA006
MOMS00006918350 ,10272014,JAZ USA,04397600,04397600,000000000000,JAZ USA 85130 Hand Wire - Abrasive Brushes Type: Plastic Handle Brush Material: Stainless Steel Wire Size: 0.30 mm UNSPSC=2711190700,Brushes,EA,6,,8.42,50.52,CREDIT,9.07,54.42,3.90,Department of the Army,Dept. of the Army,No,No,No,No,No,No,No,DoD EMALL,Employee Credit Card,Standard,3.0,07806,N/A,N/A,N/A,10282014,Galaxie Defense Marketing Services,GS23FBA006
NPN-B-8E296-5N,10272014,GRAPHIC CONTROLS,MP8239020406GRNMKR,MP8239020406GRNMKR,000000000000,Chart Recorder Pen Green Color pK 6Chart Recorder Pen Green Color For Use With Various Recorders Package Quantity 6,TEST EQUIP & GAUGES,PK,5,6,34.35,171.75,CREDIT,36.99,184.95,13.20,General Services Administration,Federal Acquisition Services,No,No,No,No,No,No,No,Fax,Employee Credit Card,Standard,0.2,71459,N/A,N/A,N/A,10272014,Galaxie Defense Marketing Services,GS23FBA006
NPN-B-87961-5N,10272014,GRAPHIC CONTROLS,MP8239020406GRNMKR,MP8239020406GRNMKR,000000000000,Chart Recorder Pen Green Color pK 6Chart Recorder Pen Green Color For Use With Various Recorders Package Quantity 6,TEST EQUIP & GAUGES,PK,9,6,34.35,309.15,CREDIT,36.99,332.91,23.76,General Services Administration,Federal Acquisition Services,No,No,No,No,No,No,No,Fax,Employee Credit Card,Standard,0.5,92310,N/A,N/A,N/A,10312014,Galaxie Defense Marketing Services,GS23FBA006
NPN-B-7D312-4N,10272014,GRAPHIC CONTROLS,MP8239020406GRNMKR,MP8239020406GRNMKR,000000000000,Chart Recorder Pen Green Color pK 6Chart Recorder Pen Green Color For Use With Various Recorders Package Quantity 6,TEST EQUIP & GAUGES,PK,5,6,34.35,171.75,CREDIT,36.99,184.95,13.20,General Services Administration,Federal Acquisition Services,No,No,No,No,No,No,No,Fax,Employee Credit Card,Standard,0.3,92310,N/A,N/A,N/A,11032014,Galaxie Defense Marketing Services,GS23FBA006
LGAKM83276L,10282014,NIBCO,81452740,81452740,000000000000,NIBCO T113-3/4 Bronze Gate Valves - Class 125 Type: Non-Rising Stem Pipe Size: 3/4 End Connections: Threaded Material: Bronze Disc Style: Solid Wedge WOG Rating (psi): 200 WSP Rating (psi): 125 Bonnet Style: Screw-In UNSPSC=4014161300,Valves,EA,4,,23.48,93.92,CREDIT,25.28,101.12,7.20,Department of the Navy,Defense Logistics Agency,No,No,No,No,No,No,No,GSA Advantage,Employee Credit Card,Standard,5.0,96306,N/A,N/A,N/A,10302014,Galaxie Defense Marketing Services,GS23FBA006
LGAKM88078L,10292014,3M,60745304,60745304,000000000000,3M 00051138542597 Supplied Air Respirators Type: Full Face Size: Large Material: Silicone Harness Type: 6 Point For Use With: All 3M 6000; 2000 and 7093(C) Series cartridges and filters according to NIOSH approvals. UNSPSC=4618200100,Safety - Personal Protective Equipment,EA,1,,351.52,351.52,CREDIT,378.55,378.55,27.03,Department of the Air Force,Department of the Air Force,No,No,No,No,No,No,No,GSA Advantage,Employee Credit Card,Standard,3.0,93437,N/A,N/A,N/A,10302014,Galaxie Defense Marketing Services,GS23FBA006
MOMS00006921407,10292014,HONEYWELL (H. LEIGHT),40767659,40767659,000000000000,"Howard Leight,MAX-30S,Earplugs; Disposable or Reusable: Disposable; Style: Corded; Noise Reduction Rating (dB): 30.00; Size: Small; Plug Material: Polyurethane; Plug Color: Orange UNSPSC=4618190100",Safety - Personal Protective Equipment,EA,2,,28.34,56.68,CREDIT,30.52,61.04,4.36,Department of the Navy,Navy Recruiting Command,No,No,No,No,No,No,No,DoD EMALL,Employee Credit Card,Standard,3.0,43209,N/A,N/A,N/A,10302014,Galaxie Defense Marketing Services,GS23FBA006
JML43002604,10292014,OSRAM SYLVANIA PRODU,21736,460549,000000000000,"OctronR T8 Fluorescent Lamps Are Designed To Be Operated On Dedicated Magnetic Rapid Start, Electronic Instant Start Or Programmed Rapid Start (Also Known As Programmed Start) Ballasts. 1",Lighting,EA,24,,6.09,146.16,CREDIT,6.56,157.44,11.28,Department of the Navy,Dept. of the Navy,No,No,No,No,No,No,No,GSA Advantage,Employee Credit Card,Standard,21.6,92136,N/A,N/A,N/A,11052014,Galaxie Defense Marketing Services,GS23FBA006
LGAKM85542L,10292014,JESPEN IND LLC,76215573,76215573,000000000000,JESPEN IND LLC RDBS48S24P12 Recycled Barrier Bubble Wrap Type: Bubble Wrap Width: 24 Length Ft.: 300 Thickness: 3/16 Package Type: Roll UNSPSC=2414160000,Packaging & Shipping Supplies,EA,2,,73.48,146.96,CREDIT,79.13,158.26,11.30,Department of Defense (Office of the Sec,Dept. of the Army,No,No,No,No,No,No,No,GSA Advantage,Employee Credit Card,Standard,8.0,75507,N/A,N/A,N/A,10302014,Galaxie Defense Marketing Services,GS23FBA006
MD052/SENECA/FS1L,10292014,NMC,77557767,77557767,000000000000,"NMC M459RB Signs Labels - Identification Type: Mountable Sign Style: Fire, Exit & Emergency Legend (Front): Emergency Response - CPR Material: Rigid Plastic Glow In The Dark: No Braille: No Bilingual: No UNSPSC=5512000000",Safety - Signs Identification & Lockout/Tagout,EA,5,,10.24,51.20,CREDIT,11.03,55.15,3.95,Department of Homeland Security,United States Coast Guard,No,No,No,No,No,No,No,GSA Advantage,Employee Credit Card,Standard,1.8,02109,N/A,N/A,N/A,10302014,Galaxie Defense Marketing Services,GS23FBA006
LGAKM91742L,10302014,COMMAND,17205,17205,000000000000,Small Picture Hanging Strip Pk 8Small Picture Hanging Strip Clean Removal Repositionable Color White Length 2 1/8 In. Width 5/8 In. Load Capacity (Lb.) 1 Mounting Command(TM) Adhesive Pressure Sensitive Strip Package Quantity 8,SECURITY,PK,12,8,8.02,96.24,CREDIT,8.64,103.68,7.44,Department of Treasury,Financial Crimes Enforcement,No,No,No,No,No,No,No,GSA Advantage,Employee Credit Card,Standard,0.6,22182,N/A,N/A,N/A,11032014,Galaxie Defense Marketing Services,GS23FBA006
MOMS00006922255,10302014,3M,03363249,03363249,000000000000,3M 00051144889020 PSA Abrasive Discs - Aluminum Oxide Type: Disc Diameter: 12 Grit: 80 Material: Aluminum Oxide UNSPSC=2711281600,Coated & Non-Woven Abrasives,EA,10,,5.82,58.20,CREDIT,6.27,62.70,4.50,Department of the Navy,Defense Logistics Agency,No,No,No,No,No,No,No,DoD EMALL,Employee Credit Card,Standard,4.0,17070,N/A,N/A,N/A,11042014,Galaxie Defense Marketing Services,GS23FBA006
LGAKM89993L,10302014,THOMAS & BETTS,54065883,54065883,000000000000,Thomas & Betts TY524M TY-Rap? High Performance Cable Ties Type: General Material: Nylon Maximum Bundle Diameter: 1.125 Maximum Bundle Diameter: 1-1/8 Package Quantity: 100 Color: Natural Tensile Strength: 40 UNSPSC=3021210300,Electrical Wire & Cable,EA,30,,17.88,536.40,CREDIT,19.26,577.80,41.40,Department of the Navy,Dept. of the Navy,No,No,No,No,No,No,No,GSA Advantage,Employee Credit Card,Standard,7.0,92136,N/A,N/A,N/A,10312014,Galaxie Defense Marketing Services,GS23FBA006
LGAKM89752L,10302014,HOTWATT,37027166,37027166,000000000000,Hotwatt CS0000550000 Ceramic Insulated Strip Heaters/Finned Strip Heaters Overall Length: 5-1/2 Voltage: 120 Watts per Square Inch: 50.000 In. Wattage: 150.000 Hot Length: 1 UNSPSC=4010182100,Heaters & Accessories,EA,6,,39.62,237.72,CREDIT,42.67,256.02,18.30,Department of the Navy,Naval Postgraduate School,No,No,No,No,No,No,No,GSA Advantage,Employee Credit Card,Standard,3.0,93943,N/A,N/A,N/A,10312014,Galaxie Defense Marketing Services,GS23FBA006
LGAKM89778L,10302014,SGS,05290853,05290853,000000000000,SGS 15600 Carbide Cone Shape Burs Type of Cut: Single Cut Cutter Diameter: 1/2 Cutter Length: 7/8 Shape: Cone Industry Standard Number: SM-5 UNSPSC=2711280900,Points & Burrs,EA,12,,38.73,464.76,CREDIT,41.71,500.52,35.76,Department of Interior,Bureau of Reclamation,No,No,No,No,No,No,No,GSA Advantage,Employee Credit Card,Standard,2.3,99133,N/A,N/A,N/A,11072014,Galaxie Defense Marketing Services,GS23FBA006
LGAKM89778L,10302014,SGS,05291117,05291117,000000000000,SGS 10078 Carbide Cylindrical Burs Type of Cut: Double Cut Cutter Diameter: 3/8 Cutter Length: 3/4 Shape: Cylindrical Industry Standard Number: SA-3 UNSPSC=2711280900,Points & Burrs,EA,11,,22.18,243.98,CREDIT,23.89,262.79,18.81,Department of Interior,Bureau of Reclamation,No,No,No,No,No,No,No,GSA Advantage,Employee Credit Card,Standard,7.5,99133,N/A,N/A,N/A,11032014,Galaxie Defense Marketing Services,GS23FBA006
4520841282,10312014,PARKER,80047459,80047459,000000000000,Parker 20630-16-16 Series 30 Reusable Hydraulic Hose Fittings Thread Size: 1-5/16-12 Hose Size: -16 UNSPSC=4014173400,Fittings & Couplings,EA,20,,57.37,1147.40,CREDIT,61.78,1235.60,88.20,Department of the Navy,Fleet Readiness Center,No,No,No,No,No,No,No,E-Mail,Employee Credit Card,Standard,47.0,23709,N/A,N/A,N/A,11042014,Galaxie Defense Marketing Services,GS23FBA006
4520841282,10312014,PARKER,49728660,49728660,000000000000,"Parker 451TC-16-RL High Pressure Rubber Hydraulic Hose Inside Diameter: 1 Maximum PSI: 3,000.00 Material: Synthetic Rubber Maximum Temperature (?): 212.000 Minimum Temperature (?): -40.000 Color: Black UNSPSC=4014200000",Hose,EA,50,,15.90,795.00,CREDIT,17.12,856.00,61.00,Department of the Navy,Fleet Readiness Center,No,No,No,No,No,No,No,E-Mail,Employee Credit Card,Standard,47.0,23709,N/A,N/A,N/A,11042014,Galaxie Defense Marketing Services,GS23FBA006
LGAKM94178L,10312014,ELKAY - WATER COOLERS,404978,404978,000000000000,Freestanding Floor Mount Water Cooler - Lead-Free Design - Flexi-Guard Safety Bubbler - Sandalwood Vinyl Color - Nonpressurized Cool ing Tank - 2.8 GPH - 38H x 12W x 12,Plumbing,EA,2,,434.26,868.52,CREDIT,467.65,935.30,66.78,Department of Homeland Security,United States Coast Guard,No,No,No,No,No,No,No,GSA Advantage,Employee Credit Card,Standard,57.0,20135,N/A,N/A,N/A,11032014,Galaxie Defense Marketing Services,GS23FBA006
LGAKM93815L,10312014,OMRON,54094503,54094503,000000000000,Omron E2KX15MY1 Threaded Adjustable Proximity Sensors Type: Capacitive Number of Wires: 2.000 Sensor Head Size: M30 Output: SCR-NO Minimum Voltage VAC: 90.000 Detection Distance milimeters: 15.00 mm UNSPSC=4111192600,Electrical Sensors & Controls,EA,50,,186.05,9302.50,CREDIT,200.35,10017.50,715.00,Department of Transportation,Department of Transportation,No,No,No,No,No,No,No,GSA Advantage,Employee Credit Card,Standard,19.0,73169,N/A,N/A,N/A,11052014,Galaxie Defense Marketing Services,GS23FBA006
LGAKM94448L,10312014,MSC,36996460,36996460,000000000000,MSC 0330525007 Schedule 80 Extra Heavy Welded Black Steel Threaded Nipples - NPT Style: Threaded Finish/Coating: BLACK Pipe Size: 1 Length: 6 Schedule: 80 UNSPSC=2110151000,Fittings & Couplings,EA,9,,5.65,50.85,CREDIT,6.08,54.72,3.87,Department of Veterans Affairs,Department of Veterans Affairs,No,No,No,No,No,No,No,GSA Advantage,Employee Credit Card,Standard,9.0,14215,N/A,N/A,N/A,11032014,Galaxie Defense Marketing Services,GS23FBA006
LGAKM93529L,10312014,HOLLAENDER,80392129,80392129,000000000000,Hollaender 46-6 Speed-Rail? Aluminum Fittings Fitting Type: Base Flange Pipe Size: 1 Finish/Coating: Bright Mill Finish Material: Aluminum Alloy UNSPSC=2110151000,Safety - Facility Safety,EA,4,,12.26,49.04,CREDIT,13.2,52.80,3.76,Department of the Navy,Dept. of the Navy,No,No,No,No,No,No,No,GSA Advantage,Employee Credit Card,Standard,4.0,92136,N/A,N/A,N/A,11042014,Galaxie Defense Marketing Services,GS23FBA006
MOMS00006919869,10312014,SCHLAGE,798-18,798-18,000000000000,ARMORED DOOR CORD 18,SECURITY,EA,1,,49.26,49.26,CREDIT,53.05,53.05,3.79,Department of the Navy,Intermediate Maintenance Facility,No,No,No,No,No,No,No,DoD EMALL,Employee Credit Card,Standard,0.7,98314,N/A,N/A,N/A,11142014,Galaxie Defense Marketing Services,GS23FBA006
